series,m,n_pts,n_brackets,sigma_meas,sigma_pred(truth noise removed),white_factor_1/n,rho_all,rho_all_CI,rho_sep1,rho_sep1_CI,avg_factor,avg_factor_CI,rho_sep2,rho_sep2_CI
S,3,308,154,0.09072122478799019,0.07901259115975617,0.5,0.6199412867515824,"[0.45, 0.78]",0.6199412867515824,"[0.45, 0.78]",0.8141507345666744,"[0.73, 0.89]",,
S,4,458,152,0.10770934401953741,0.09805076095505222,0.3333333333333333,0.6593118251593102,"[0.56, 0.75]",0.7824073407798829,"[0.68, 0.87]",0.764518777817997,"[0.69, 0.83]",0.41231095499960835,"[0.28, 0.53]"
S,6,754,149,0.12663382740156323,0.11852752919518164,0.2,0.5841201083361017,"[0.45, 0.68]",0.8349994397364434,"[0.74, 0.91]",0.6636900365965982,"[0.55, 0.75]",0.5682510377107969,"[0.41, 0.69]"
1,3,308,154,0.06757261779475787,0.06248363337539775,0.5,0.4341133643968988,"[0.26, 0.60]",0.4341133643968988,"[0.26, 0.60]",0.7203863393657739,"[0.63, 0.80]",,
1,4,458,152,0.06925551585177939,0.06429986189760253,0.3333333333333333,0.39720394819689087,"[0.27, 0.51]",0.4988157369079895,"[0.37, 0.60]",0.5647061971576065,"[0.47, 0.66]",0.1933118721647518,"[0.02, 0.35]"
1,6,754,149,0.0728437599314213,0.06814953503217194,0.2,0.437697355548937,"[0.33, 0.54]",0.5816582015638313,"[0.48, 0.67]",0.5563462083092957,"[0.47, 0.64]",0.40708411521455223,"[0.27, 0.53]"
2,3,308,154,0.06648017168050595,0.05307609261865376,0.5,0.8362958269943601,"[0.67, 1.00]",0.8362958269943601,"[0.67, 1.00]",0.9234444160418319,"[0.84, 1.01]",,
2,4,458,152,0.07824697388594377,0.06723129705205705,0.3333333333333333,0.7708727428419249,"[0.66, 0.86]",0.9125628898802776,"[0.82, 0.99]",0.8557327516116732,"[0.78, 0.92]",0.4865602767452304,"[0.32, 0.64]"
2,6,754,149,0.09440416346361233,0.0854962248304497,0.2,0.6640935812968177,"[0.54, 0.74]",0.9340808016849438,"[0.86, 0.98]",0.7250756217129511,"[0.62, 0.80]",0.6499035392995629,"[0.49, 0.76]"
