case_id,channel,NO2,NO2_sigma,shift_px,shift_sigma,at_grid_edge
A_1gas_a2em09_sp0,hot_PNs,3012847327.8377814,8.115945170219296e-05,-1.0658141036401503e-13,2.815036299584755e-13,False
A_3gas_a2em09_sp0,hot_PNs,3012847327.8375816,0.00010184851543810838,-1.0658141036401503e-13,2.366176335697777e-14,False
A_1gas_a2em09_sm2,hot_PNs,3012847327.837292,0.0001913402045681734,-2.000000000000064,6.64470354453508e-13,False
A_3gas_a2em09_sm2,hot_PNs,3012847327.8391137,0.00026405071118853297,-2.000000000000064,5.987689243507003e-14,False
A_1gas_a2em09_sp2,hot_PNs,3012847327.837892,0.00018108189611531185,1.9999999999998508,6.29643598947563e-13,False
A_3gas_a2em09_sp2,hot_PNs,3012847327.8381977,0.00013645507641160627,1.9999999999998508,3.257195371876877e-14,False
A_1gas_a2em09_sm4,hot_PNs,3012847327.8379073,5.734097480314363e-05,-4.000000000000021,1.9999724297430518e-13,False
A_3gas_a2em09_sm4,hot_PNs,3012847327.837289,7.423272245391655e-05,-4.000000000000021,1.6698788906649348e-14,False
A_1gas_a2em08_sp0,hot_PNs,30128473278.376915,0.00015027479248871063,-1.0658141036401503e-13,5.2123195375933e-14,False
A_3gas_a2em08_sp0,hot_PNs,30128473278.37629,0.00010842435523334697,-1.0658141036401503e-13,2.0517370429257028e-14,False
A_1gas_a2em08_sm2,hot_PNs,30128473278.37653,0.00014741970502614085,-2.000000000000064,5.119468951817423e-14,False
A_3gas_a2em08_sm2,hot_PNs,30128473278.377735,0.0002810786427279037,-2.000000000000064,5.196946325654368e-14,False
A_1gas_a2em08_sp2,hot_PNs,30128473278.377213,0.00022176332086329436,1.9999999999998508,7.71097820702582e-14,False
A_3gas_a2em08_sp2,hot_PNs,30128473278.377502,8.592686801933945e-05,1.9999999999998508,1.674516348771786e-14,False
A_1gas_a2em08_sm4,hot_PNs,30128473278.3771,0.00011594878380483623,-4.000000000000021,4.0441302518508455e-14,False
A_3gas_a2em08_sm4,hot_PNs,30128473278.375988,7.917655780427125e-05,-4.000000000000021,1.4531096631051295e-14,False
A_1gas_a1em07_sp0,hot_PNs,150642366391.88464,7.438035441986062e-05,-1.0658141036401503e-13,5.159803159733811e-15,False
A_3gas_a1em07_sp0,hot_PNs,150642366391.88455,0.0001433238564840127,-1.0658141036401503e-13,9.283557315121157e-15,False
A_1gas_a1em07_sm2,hot_PNs,150642366391.88406,0.00019145060723889043,-2.000000000000064,1.32970750333893e-14,False
A_3gas_a1em07_sm2,hot_PNs,150642366391.88565,0.0003644347655111946,-2.000000000000064,2.3494680942382123e-14,False
A_1gas_a1em07_sp2,hot_PNs,150642366391.88483,0.0002560285942611977,1.9999999999998508,1.780484620304197e-14,False
A_3gas_a1em07_sp2,hot_PNs,150642366391.8849,0.00020193906919292205,1.9999999999998508,1.321928448176109e-14,False
A_1gas_a1em07_sm4,hot_PNs,150642366391.88455,6.925708096984776e-05,-4.000000000000021,4.831178855252716e-15,False
A_3gas_a1em07_sm4,hot_PNs,150642366391.88345,0.00012512410259248226,-4.000000000000021,8.085173426973587e-15,False
A_1gas_a4em07_sp0,hot_PNs,602569465567.5381,0.0002165869623399465,-1.0658141036401503e-13,3.756187038080466e-15,False
A_3gas_a4em07_sp0,hot_PNs,602569465567.5375,0.00024580444971569895,-1.0658141036401503e-13,4.166953232974411e-15,False
A_1gas_a4em07_sm2,hot_PNs,602569465567.5377,0.0002345535415852157,-2.000000000000064,4.0726901925077615e-15,False
A_3gas_a4em07_sm2,hot_PNs,602569465567.5383,0.0005866769974708423,-2.000000000000064,9.955535387015925e-15,False
A_1gas_a4em07_sp2,hot_PNs,602569465567.5385,0.0005083169000136471,1.9999999999998508,8.837395929609445e-15,False
A_3gas_a4em07_sp2,hot_PNs,602569465567.5387,0.0005210054889381877,1.9999999999998508,8.86688206904772e-15,False
A_1gas_a4em07_sm4,hot_PNs,602569465567.5378,7.935099895718485e-05,-4.000000000000021,1.3838255342873254e-15,False
A_3gas_a4em07_sm4,hot_PNs,602569465567.5371,0.00020991993634343847,-4.000000000000021,3.581440598571324e-15,False
B_n1_000,hot_PNs,22461686773.16355,4997156369.344558,-2.9600000000000435,1.029881378014065,False
B_n1_001,hot_PNs,33001583992.729866,5109433456.7217,-2.6800000000000495,0.9115603894424232,False
B_n1_002,hot_PNs,33345696323.674973,5053038968.533166,-1.900000000000066,0.6659019779508264,False
B_n1_003,hot_PNs,32903671224.223415,5257791158.7427,-1.0000000000000853,1.0264331991568103,False
B_n1_004,hot_PNs,26477186690.802677,5395079370.772146,1.3199999999998653,0.9382660904382377,False
B_n1_005,hot_PNs,32845775718.855507,5294417775.083962,-3.9400000000000226,0.8635355002889182,False
B_n1_006,hot_PNs,34837908354.707504,5190393108.14349,-0.9400000000000865,0.8786145794658634,False
B_n1_007,hot_PNs,26660126947.962223,4932185234.571054,-0.920000000000087,0.9391157272800081,False
B_n1_008,hot_PNs,26654889149.475876,5009953309.480313,-2.240000000000059,0.8277879146132221,False
B_n1_009,hot_PNs,29619630483.480137,5106657521.725026,-0.6400000000000929,0.7790331140916689,False
B_n1_010,hot_PNs,23751760701.050293,5090719872.367107,-1.8400000000000674,1.4334760299504892,False
B_n1_011,hot_PNs,31145581295.441692,5231504788.614703,-2.9600000000000435,0.8744325482477558,False
B_n1_012,hot_PNs,25314378363.063457,5133424144.031294,-0.9000000000000874,0.8446018592211901,False
B_n1_013,hot_PNs,31129818104.947155,5038002451.627953,-2.4400000000000546,0.7460679317751492,False
B_n1_014,hot_PNs,36782565469.69254,5015938352.081802,-1.4000000000000767,0.8755897468888968,False
B_n1_015,hot_PNs,25417415805.2367,5276361644.452559,-1.7800000000000686,1.1582134244122504,False
B_n1_016,hot_PNs,28392121405.281715,5131191796.250396,-1.9800000000000644,0.9633073799508667,False
B_n1_017,hot_PNs,29316760131.679382,5404970201.887571,-1.0800000000000836,1.017362772153254,False
B_n1_018,hot_PNs,33557893125.95227,5179547389.332118,-3.9400000000000226,0.9279097708773799,False
B_n1_019,hot_PNs,24567059606.83308,5358066739.907161,-1.8200000000000678,0.9071692055226779,False
B_n1_020,hot_PNs,38679414473.39498,5132971239.412526,-1.2200000000000806,1.179662630967741,False
B_n1_021,hot_PNs,26038192160.995087,4939940501.101177,0.019999999999892992,1.0397946944701653,False
B_n1_022,hot_PNs,33903536770.119766,5349956647.805167,-1.8000000000000682,0.9053729953087498,False
B_n1_023,hot_PNs,36134911951.29613,5192796669.626061,-1.4600000000000755,0.5858061142069998,False
B_n1_024,hot_PNs,25964957829.803566,4972152255.569382,-1.1600000000000819,0.8974446903788347,False
B_n1_025,hot_PNs,32713475928.205612,4961655709.849587,-1.4600000000000755,0.5267936281384299,False
B_n1_026,hot_PNs,27141847898.271507,5200913878.469976,-1.620000000000072,1.0540793874443362,False
B_n1_027,hot_PNs,21503968623.733894,5054326332.882734,-2.1200000000000614,0.8231945534054607,False
B_n1_028,hot_PNs,20076940390.73372,5076066982.415022,-0.6800000000000921,0.7443460533439475,False
B_n1_029,hot_PNs,35782722462.98628,5226380728.962394,-3.320000000000036,0.9032447294275926,False
B_n1_030,hot_PNs,21902646236.36346,5099728535.0149765,-1.060000000000084,1.120868275942016,False
B_n1_031,hot_PNs,32890309175.963196,5025133239.8752165,-3.8400000000000247,0.8526768158923953,False
B_n1_032,hot_PNs,27759738191.21224,5287115431.327016,-2.040000000000063,1.072856613058239,False
B_n1_033,hot_PNs,26821944593.844593,5382346918.382556,-2.2200000000000593,1.155384283839046,False
B_n1_034,hot_PNs,37099145552.976715,5178302557.303105,-3.260000000000037,0.9356661984301935,False
B_n1_035,hot_PNs,35817417270.29846,5227453084.989325,-0.7000000000000917,0.8559328147734332,False
B_n1_036,hot_PNs,21974373320.520485,5078453084.086021,-2.380000000000056,1.3399599653830907,False
B_n1_037,hot_PNs,33549636244.678932,5296808044.273714,-2.240000000000059,0.6811946539582078,False
B_n1_038,hot_PNs,22806390755.60595,4791217173.743837,-2.700000000000049,0.748631933662325,False
B_n1_039,hot_PNs,22442992664.49982,5310812905.168042,-1.3000000000000789,0.9257465727090642,False
B_n1_040,hot_PNs,44083904700.06295,4919068959.765143,-1.4000000000000767,0.5865223130748465,False
B_n1_041,hot_PNs,20551355120.35118,4934157461.913079,-1.2600000000000797,0.9344652235026203,False
B_n1_042,hot_PNs,33131772796.594006,5153468861.234681,-3.12000000000004,1.016109683359508,False
B_n1_043,hot_PNs,35019409637.933846,5211275710.376878,-1.1200000000000827,0.8381778480104018,False
B_n1_044,hot_PNs,35488785673.46238,5135851733.213045,-2.2000000000000597,0.8069448798806717,False
B_n1_045,hot_PNs,28893710069.009514,5193536902.622921,-1.480000000000075,0.6036322785776104,False
B_n1_046,hot_PNs,33230485875.549294,5083072165.512931,-3.2800000000000367,0.8681965576502763,False
B_n1_047,hot_PNs,29318399708.845352,5262400607.247452,-1.3800000000000772,0.7922761493085172,False
B_n1_048,hot_PNs,45324625664.34962,5175659194.872038,-0.920000000000087,0.8059813767071504,False
B_n1_049,hot_PNs,40189748738.91297,4899096868.408853,-1.200000000000081,0.6106318622455873,False
B_n1_050,hot_PNs,21408576743.05128,5140662487.658039,-0.8200000000000891,1.111520643576038,False
B_n1_051,hot_PNs,27906469276.859005,5008486445.659165,-2.800000000000047,0.7551558616471631,False
B_n1_052,hot_PNs,34050148042.904472,5124172766.865226,-1.200000000000081,0.805945048667294,False
B_n1_053,hot_PNs,18992454478.47551,5008957839.2213745,-0.9400000000000865,1.1124262238510476,False
B_n1_054,hot_PNs,32679158711.153725,5215908030.009924,-2.0800000000000622,1.0210386008086842,False
B_n1_055,hot_PNs,38182009357.69468,5125439645.13556,-1.5400000000000738,0.6069465165293563,False
B_n1_056,hot_PNs,27098227406.614174,5163443803.326062,-2.6800000000000495,0.9254829811130769,False
B_n1_057,hot_PNs,37237944900.659996,5163061290.543634,-0.5400000000000951,0.8043593159548836,False
B_n1_058,hot_PNs,28071351059.66706,4907756153.1665,-2.5400000000000524,0.4525442600262685,False
B_n1_059,hot_PNs,24045834429.06744,4815337645.247812,-2.0600000000000627,0.8382831753768265,False
B_n2_000,hot_PNs,28660936749.60609,10750966846.46365,1.6399999999998585,1.475730729362973,False
B_n2_001,hot_PNs,28634593651.07836,9636655610.98485,-3.680000000000028,1.1146382048420767,False
B_n2_002,hot_PNs,18861224009.911114,9927925320.226725,-3.320000000000036,2.3842003031154637,False
B_n2_003,hot_PNs,48220945687.774704,10539795768.662327,1.4799999999998619,0.8181667496542047,False
B_n2_004,hot_PNs,38240322068.64376,10236311414.59859,-3.540000000000031,1.1561983444080646,False
B_n2_005,hot_PNs,42037182993.75722,10757548106.796772,-0.6600000000000925,3.1963368292273318,False
B_n2_006,hot_PNs,44961400799.89953,10806188493.045362,0.7199999999998781,1.4869759433644396,False
B_n2_007,hot_PNs,37962727306.39223,10096028244.480804,-4.240000000000016,1.8205333559370496,False
B_n2_008,hot_PNs,45394863860.75192,10142067531.5379,-1.760000000000069,1.6024354190458165,False
B_n2_009,hot_PNs,30546532943.22239,9864534890.7906,-3.540000000000031,1.0271611041663056,False
B_n2_010,hot_PNs,27330812016.522068,9899812840.120531,-2.0800000000000622,1.8360419188344597,False
B_n2_011,hot_PNs,32782091165.591854,10140450925.494404,-2.18000000000006,1.4624113758779302,False
B_n2_012,hot_PNs,21334839961.57402,9866487666.967127,-4.780000000000005,1.6769310666613972,False
B_n2_013,hot_PNs,44246185584.77168,10117478204.68243,0.11999999999989086,1.8441506540787613,False
B_n2_014,hot_PNs,29688526688.58971,9912571985.243238,0.21999999999988873,1.3077051299180718,False
B_n2_015,hot_PNs,19139662837.435402,9894509730.368378,-5.0,inf,True
B_n2_016,hot_PNs,34259455642.48154,10893185556.106697,-2.700000000000049,1.9842050472380912,False
B_n2_017,hot_PNs,22278534809.84776,10686221803.189522,-0.26000000000010104,2.602271033773005,False
B_n2_018,hot_PNs,17633673702.254833,10555891516.71519,-3.220000000000038,1.5146100843286345,False
B_n2_019,hot_PNs,22700156619.445057,10574220607.12751,-1.6600000000000712,1.954899443695364,False
B_n2_020,hot_PNs,29095704840.191994,10104023660.567413,-5.0,inf,True
B_n2_021,hot_PNs,35366784825.71214,10931146200.707418,-0.4400000000000972,1.8986424621384494,False
B_n2_022,hot_PNs,36645493851.23073,10079420822.784813,-4.860000000000003,1.4290186636352313,False
B_n2_023,hot_PNs,25939446242.238,9773190430.439783,-2.940000000000044,2.762466602204783,False
B_n2_024,hot_PNs,18291052192.73763,9976830931.148005,1.0399999999998712,2.183159243636162,False
B_n2_025,hot_PNs,20742760778.59505,10288012522.41738,-2.980000000000043,2.0412509407800474,False
B_n2_026,hot_PNs,6561255747.358888,9666202169.720518,-5.0,inf,True
B_n2_027,hot_PNs,51972812016.05107,10161548162.427887,-1.3200000000000784,1.136499166352082,False
B_n2_028,hot_PNs,30543147868.156998,10486280005.77122,-1.900000000000066,1.5150228005020698,False
B_n2_029,hot_PNs,25402384734.75746,10245965570.92134,-3.5800000000000303,1.4558217027684683,False
B_n2_030,hot_PNs,39878218628.50137,10406955889.670013,-3.9400000000000226,1.7987666300562513,False
B_n2_031,hot_PNs,24223182047.725388,9732941690.277086,-5.0,inf,True
B_n2_032,hot_PNs,20121954598.220097,10306322606.234144,-3.8600000000000243,2.0828424759132305,False
B_n2_033,hot_PNs,41721800890.9047,10413413715.456814,-2.8200000000000465,1.8738700062750406,False
B_n2_034,hot_PNs,26833773319.919632,10547516263.214079,-0.2200000000001019,1.4226521702157588,False
B_n2_035,hot_PNs,21824955417.743656,10105576857.924732,-2.3000000000000576,2.201316562234491,False
B_n2_036,hot_PNs,16567938984.16061,10213529303.843756,-1.9400000000000652,2.1340680411483697,False
B_n2_037,hot_PNs,44942623705.35649,10295092366.138216,-1.2800000000000793,1.1164148720813132,False
B_n2_038,hot_PNs,39140906961.68328,10146689442.699396,-3.680000000000028,1.182295886830689,False
B_n2_039,hot_PNs,42451345534.93341,10626561495.974382,-1.6600000000000712,1.3820125047302503,False
B_n2_040,hot_PNs,39973421513.90796,10328218405.843426,-2.3600000000000563,1.7884223034156037,False
B_n2_041,hot_PNs,45647380345.010254,9942752904.959417,-2.6200000000000507,0.9351455048456655,False
B_n2_042,hot_PNs,32601682668.153053,10891244162.717503,-0.9400000000000865,2.242618403718339,False
B_n2_043,hot_PNs,20273840745.402355,10732411429.544104,-2.9200000000000443,2.265674267116614,False
B_n2_044,hot_PNs,24243643498.116783,9920746464.850004,-3.640000000000029,1.6333863579012278,False
B_n2_045,hot_PNs,18595139690.884117,10260957949.626339,0.7399999999998776,1.7511670746057244,False
B_n2_046,hot_PNs,26444704481.25083,10040812977.080896,-3.040000000000042,1.6877625054302285,False
B_n2_047,hot_PNs,47861066859.0888,9729005876.615116,1.2599999999998666,1.2815461735697764,False
B_n2_048,hot_PNs,47461926358.99745,9967268675.766855,-3.080000000000041,0.9624279210635445,False
B_n2_049,hot_PNs,33563318757.21875,10127557407.870735,0.2599999999998879,1.3724247563693677,False
B_n2_050,hot_PNs,28629322003.805176,10149536618.950773,-1.8200000000000678,1.5298709883697674,False
B_n2_051,hot_PNs,50219303047.13401,9805466974.102245,-2.6400000000000503,1.0453517004711415,False
B_n2_052,hot_PNs,42783271671.89741,10487790510.873386,1.09999999999987,1.951095726097085,False
B_n2_053,hot_PNs,40646241838.453964,10497996868.326288,0.3199999999998866,1.316420381939023,False
B_n2_054,hot_PNs,23669191307.761974,10011552372.606133,-1.340000000000078,1.4375097146232223,False
B_n2_055,hot_PNs,40781416331.090164,10259386783.724518,-1.5400000000000738,0.623936845389759,False
B_n2_056,hot_PNs,36923795843.81755,10253164813.45364,-1.9800000000000644,1.0748356152555087,False
B_n2_057,hot_PNs,46158385564.63333,10731057235.465767,-0.8400000000000887,1.162863075564663,False
B_n2_058,hot_PNs,39158121675.03331,10264667918.282099,0.33999999999988617,1.8031886963582477,False
B_n2_059,hot_PNs,17061699104.20061,10716073385.850613,0.07999999999989171,0.9552807864278947,False
B_ar_000,hot_PNs,34843322810.92095,5004705754.148377,-0.10000000000010445,0.9615791631247385,False
B_ar_001,hot_PNs,33177068393.404884,5007804828.721469,0.6399999999998798,0.6161818406962581,False
B_ar_002,hot_PNs,29502004633.86549,5242285505.667693,-1.2800000000000793,0.7834400359746028,False
B_ar_003,hot_PNs,41536292109.09403,5119806515.366228,-2.3400000000000567,0.6973296351026353,False
B_ar_004,hot_PNs,14779976282.060574,4823586056.727313,-1.6800000000000708,1.080771471780379,False
B_ar_005,hot_PNs,41534756664.349945,5290342244.342038,-0.8400000000000887,0.6657004689112435,False
B_ar_006,hot_PNs,39437440066.16,4636893594.831424,-5.0,inf,True
B_ar_007,hot_PNs,37352778033.20527,5204174335.169128,-2.240000000000059,0.5451809485581056,False
B_ar_008,hot_PNs,36289278295.87072,5032620882.857019,-2.700000000000049,1.0331349585191973,False
B_ar_009,hot_PNs,26741338139.986958,4798677844.807449,-5.0,inf,True
B_ar_010,hot_PNs,23843151722.15813,4921964686.582888,-2.5800000000000516,0.7576701273392576,False
B_ar_011,hot_PNs,37801768099.806496,4877305628.910324,-2.66000000000005,0.7244300810264263,False
B_ar_012,hot_PNs,22831102313.351337,5518503615.0538845,2.8199999999998333,1.4053975303204147,False
B_ar_013,hot_PNs,14719333930.906061,5088812149.096468,-0.42000000000009763,0.9282018431692323,False
B_ar_014,hot_PNs,40229204406.67058,5014992968.1945095,-1.4200000000000763,0.8146386124686504,False
B_ar_015,hot_PNs,35270583048.96009,5072437517.368136,-2.100000000000062,0.8418743373769378,False
B_ar_016,hot_PNs,26991628234.627987,4589150856.157695,-3.8400000000000247,0.7460126774848428,False
B_ar_017,hot_PNs,24872314888.018044,4921607373.858475,-0.8400000000000887,1.0821175896309818,False
B_ar_018,hot_PNs,34445031854.49577,4948499458.171947,-3.5600000000000307,0.3536945568282589,False
B_ar_019,hot_PNs,29674831396.272106,5006151885.15145,-2.040000000000063,1.4508949648995042,False
B_ar_020,hot_PNs,30940200688.498123,5001232596.817885,-2.8200000000000465,0.8949875495886789,False
B_ar_021,hot_PNs,32320462947.041355,5048441373.458175,-3.180000000000039,0.781192921558138,False
B_ar_022,hot_PNs,33153366991.68352,4947316655.144489,-2.700000000000049,0.5784739091169459,False
B_ar_023,hot_PNs,31235930091.953938,4905926121.471649,-0.9800000000000857,0.9968945018983719,False
B_ar_024,hot_PNs,43283311825.17194,5017757018.695733,-2.880000000000045,0.7272570553862614,False
B_ar_025,hot_PNs,26754924208.497368,5158269784.228517,-3.9800000000000217,0.9009316902559557,False
B_ar_026,hot_PNs,16349929656.96097,4880788789.160708,1.1399999999998691,0.6581228102885255,False
B_ar_027,hot_PNs,27187040646.43352,4916258182.262614,-4.580000000000009,0.45646716505491175,False
B_ar_028,hot_PNs,24447828420.103104,4734225952.973642,-0.42000000000009763,3.560585538836859,False
B_ar_029,hot_PNs,27414588253.964336,4796911016.164406,-2.9600000000000435,0.8358503069101468,False
B_ar_030,hot_PNs,24831141606.321777,5492883635.689513,-1.1200000000000827,1.7737097512329625,False
B_ar_031,hot_PNs,21317345821.838024,4903695756.670221,0.8399999999998755,1.2180884121420161,False
B_ar_032,hot_PNs,43854676266.368286,4910128582.647899,-2.460000000000054,0.37764352829613473,False
B_ar_033,hot_PNs,8286202677.163876,4897147998.32283,-2.040000000000063,1.145844071244594,False
B_ar_034,hot_PNs,46999689811.78924,5119745386.31591,-2.4000000000000554,0.5060306157997538,False
B_ar_035,hot_PNs,34959382014.24025,5068936642.894715,-5.0,inf,True
B_ar_036,hot_PNs,33087381891.2189,4609643078.736619,-2.320000000000057,0.8029259849415575,False
B_ar_037,hot_PNs,33105850098.381577,5324843783.403782,-1.2200000000000806,1.2475616999523989,False
B_ar_038,hot_PNs,32629480033.910057,5062198867.405243,-1.7000000000000703,0.8095897378703386,False
B_ar_039,hot_PNs,28154160378.671387,4891535407.403501,-3.160000000000039,0.9212128568942337,False
B_ar_040,hot_PNs,22136169164.02638,4850471508.899591,0.49999999999988276,0.41025550315205933,False
B_ar_041,hot_PNs,20973777729.90323,5413036496.449477,0.8399999999998755,1.1275990320397011,False
B_ar_042,hot_PNs,23661527861.031837,5263808414.659627,-5.0,inf,True
B_ar_043,hot_PNs,31168432015.958477,4810658754.754384,-0.8800000000000878,0.7220225948247877,False
B_ar_044,hot_PNs,23304751723.82389,5018020598.394324,-2.3600000000000563,1.121817816854877,False
B_ar_045,hot_PNs,36477418771.42315,5018508422.45309,-3.0000000000000426,0.8894685877735466,False
B_ar_046,hot_PNs,31315162524.641457,5148620885.181103,-3.4200000000000337,1.1095772312444234,False
B_ar_047,hot_PNs,31901297290.447754,5389087266.310479,-3.4800000000000324,0.38403298806774955,False
B_ar_048,hot_PNs,36573321371.62504,4785505868.4461775,-4.880000000000003,0.7169651495878812,False
B_ar_049,hot_PNs,22678805760.384415,4863454214.075032,-2.980000000000043,1.318110195038202,False
B_ar_050,hot_PNs,36067338227.241615,5270250629.851722,-3.500000000000032,0.4007145600716972,False
B_ar_051,hot_PNs,32701747159.305977,5271203228.688563,-2.940000000000044,0.8747469216530885,False
B_ar_052,hot_PNs,32895329128.95235,5266174459.504467,-2.9000000000000448,1.1426309448501017,False
B_ar_053,hot_PNs,43307824413.437965,4892536701.790005,-0.32000000000009976,0.7328064098380659,False
B_ar_054,hot_PNs,35400421915.78012,5513451464.013795,-2.4800000000000537,0.4615475931293579,False
B_ar_055,hot_PNs,35022447287.690475,5190908952.8084345,-1.1000000000000831,0.89784315976455,False
B_ar_056,hot_PNs,35448610576.61723,4727247637.566438,-3.920000000000023,0.7639331661065727,False
B_ar_057,hot_PNs,41821476148.181404,4734890792.09012,-1.7000000000000703,0.5673382696854485,False
B_ar_058,hot_PNs,25620871720.47419,4856619835.101052,-0.8800000000000878,1.5590243060394893,False
B_ar_059,hot_PNs,50066774378.59595,5100369845.437083,-2.2600000000000584,0.877000235657293,False
C_ils_0.25px,hot_PNs,30128380136.34714,10214.530267894284,-2.000000000000064,1.8802526688189585e-06,False
C_ils_0.5px,hot_PNs,30098604300.93873,3274933.6049426096,-2.000000000000064,0.0006032070362392729,False
C_ils_1px,hot_PNs,29980574158.9321,14964767.974382043,-2.0200000000000635,0.0027621349818138185,False
C_ils_3px,hot_PNs,28861158749.17409,113596298.34245779,-2.0800000000000622,0.02156193095246814,False
C_etalon_a0.005_f0.12,hot_PNs,30128473278.377235,0.00020838222887264478,-2.000000000000064,3.83581506897563e-14,False
C_etalon_a0.005_f0.16,hot_PNs,30108766859.278618,548865582.6361458,-2.000000000000064,0.10114656628157705,False
C_etalon_a0.005_f0.35,hot_PNs,30142861756.589523,548655154.0663689,-2.000000000000064,0.10096779794119737,False
C_etalon_a0.01_f0.12,hot_PNs,30128473278.37726,0.0002287451644994141,-2.000000000000064,4.21064768185396e-14,False
C_etalon_a0.01_f0.16,hot_PNs,30089060440.17941,1097731165.2722943,-2.000000000000064,0.20252109210183847,False
C_etalon_a0.01_f0.35,hot_PNs,30157250234.801052,1097310308.1327384,-2.000000000000064,0.20188283712607724,False
C_etalon_a0.02_f0.12,hot_PNs,30128473278.377163,0.00021891399430824842,-2.000000000000064,4.0296795111567505e-14,False
C_etalon_a0.02_f0.16,hot_PNs,30058684825.501312,2195627097.428281,-1.9800000000000644,0.40090537239128415,False
C_etalon_a0.02_f0.35,hot_PNs,30176836475.2752,2194446997.108363,-2.0200000000000635,0.40320414894198076,False
C_missing_a2e-09,hot_PNs,-9740444757.083912,2902848698.5523577,4.999999999999787,inf,True
C_missing_a2e-08,hot_PNs,18765770610.75575,2873573661.183816,-2.380000000000056,1.3916483739210626,False
C_missing_a1e-07,hot_PNs,139247930119.44662,2876615178.1848893,-2.0800000000000622,0.24000579744397305,False
D_flat_sm4,hot_PNs,1825237662.4313087,5143438288.421007,-5.0,inf,True
D_flat_sm2,hot_PNs,6479120085.663688,5170537879.813853,-1.5400000000000738,0.5907723209445223,False
D_flat_sp0,hot_PNs,7438994353.478847,5230094140.618004,-0.24000000000010147,2.1121888801904634,False
D_flat_sp2,hot_PNs,10419327611.207676,5373304707.731958,1.4199999999998631,1.0240705984170184,False
D_flat_sp4,hot_PNs,8478908616.236949,5252926265.538235,4.299999999999802,1.3254292297990538,False
E_hot_PNs_E00,hot_PNs,31928276996.925056,5215266291.774208,-1.1200000000000827,0.9031229711547615,False
E_cold_E00,cold,31172689746.259117,3873715427.7397614,0.6199999999998802,0.5009624244620381,False
E_hot_PNs_E01,hot_PNs,20987369446.550705,4793670438.370353,-1.1800000000000814,0.7458754982098413,False
E_cold_E01,cold,33352818208.923183,3894908324.4454913,-2.8200000000000465,0.6798019084724275,False
E_hot_PNs_E02,hot_PNs,31597647975.31195,5043299796.9454565,1.7399999999998563,0.9818517754988629,False
E_cold_E02,cold,31877015592.40636,3940522822.1757007,3.119999999999827,0.6869425792838456,False
E_hot_PNs_E03,hot_PNs,144340137340.8478,5197146325.3428335,-0.4400000000000972,0.3433131184629451,False
E_cold_E03,cold,151410858861.0954,3854935293.1329103,-0.1400000000001036,0.29406810569581854,False
E_hot_PNs_E04,hot_PNs,153458002321.18716,5347200400.470655,-2.000000000000064,0.3381288695306402,False
E_cold_E04,cold,164024544130.55542,3728776059.155369,-2.240000000000059,0.2613120247315447,False
E_hot_PNs_E05,hot_PNs,613165181378.413,5151740598.40749,0.15999999999989,0.08792247153087435,False
E_cold_E05,cold,621116068387.8053,3702508498.454683,-0.1400000000001036,0.07315481286290687,False
E_hot_PNs_E06,hot_PNs,598535414966.7373,4996750020.730716,-2.18000000000006,0.08514745843559467,False
E_cold_E06,cold,620652160898.8678,3931052232.01564,-2.0800000000000622,0.07741631270815866,False
E_hot_PNs_E07,hot_PNs,599228327747.9095,5303185495.326508,2.0999999999998487,0.09001539445685292,False
E_cold_E07,cold,614104692647.2795,3948579785.0134983,1.8199999999998546,0.08055186244247241,False
F_subpix_a2em08_sm196,hot_PNs,30157665814.3243,3836761.149765683,-1.9600000000000648,0.0007049547450999449,False
F_subpix_a2em08_sm037,hot_PNs,30149072503.989735,2756884.079436697,-0.3600000000000989,0.0005190466213016014,False
F_subpix_a2em08_sp041,hot_PNs,30143219510.89811,2538979.2280612644,0.3999999999998849,0.0004746102862349198,False
F_subpix_a2em08_sp263,hot_PNs,30149324724.073467,2732967.7734155455,2.639999999999837,0.0005363197867085952,False
F_subpix_a1em07_sm196,hot_PNs,150783648980.4978,8222569.594580392,-1.9600000000000648,0.0005285220199482641,False
F_subpix_a1em07_sm037,hot_PNs,150744608039.76126,9514978.583118996,-0.3600000000000989,0.0006149435620432062,False
F_subpix_a1em07_sp041,hot_PNs,150719095603.5054,8701561.874970088,0.3999999999998849,0.0005620239635672904,False
F_subpix_a1em07_sp263,hot_PNs,150744083648.15616,9600328.48061542,2.639999999999837,0.0006297252106884039,False
F_subpix_a4em07_sm196,hot_PNs,603131085853.6483,30810484.15120506,-1.9600000000000648,0.0005217956316895936,False
F_subpix_a4em07_sm037,hot_PNs,602977866298.904,37564474.91298256,-0.3600000000000989,0.000636179673694376,False
F_subpix_a4em07_sp041,hot_PNs,602878630950.7832,33960598.01693549,0.3999999999998849,0.0005756585066578392,False
F_subpix_a4em07_sp263,hot_PNs,602974429613.4658,37925494.8021582,2.639999999999837,0.0006456354278298314,False
