case_id,mode,noise_rms,ar1,truth,NO2,NO2_recon,sigma_lin_augur,sigma_joint_augur,shift,acf1,sigma_lin_white,sigma_lin_trunc,sigma_lin_bart20,sigma_joint_white,sigma_joint_trunc,sigma_joint_bart20
B_n1_000,free,6.16e-09,0.0,30128473278.3769,22079221052.34611,22079588994.740536,5499870725.171628,5500418630.754167,-3.1376971925326753,-0.027186706392840095,5499856486.905822,5499856486.905822,5781177098.776072,5500403915.818769,5500403915.818769,5781132550.835597
B_n1_000,fixshift,6.16e-09,0.0,30128473278.3769,21442767783.23052,21443519006.80699,5515164280.833712,,-2.0,-0.025170334665821248,5520228333.303133,5520228333.303133,5813834348.203434,5521604738.68761,5521604738.68761,5814308674.285387
B_n1_001,free,6.16e-09,0.0,30128473278.3769,26660348978.77206,26660388787.092964,5614403112.221763,5617321200.74407,-1.4225437566685304,-0.08043111540382104,5614392387.55906,5614392387.55906,4286077366.483321,5617308954.461975,5617308954.461975,4290846222.6157
B_n1_001,fixshift,6.16e-09,0.0,30128473278.3769,26623713109.308918,26623546002.73751,5603804929.50412,,-2.0,-0.08005635341302914,5608964066.213888,5608964066.213888,4336524670.780501,5611097122.449554,5611097122.449554,4340191332.390849
B_n1_002,free,6.16e-09,0.0,30128473278.3769,33804947913.204193,33805478287.53297,5521999484.217678,5522141538.286219,-2.6193365594582305,-0.03428556039639485,5521986258.868387,5521986258.868387,5306938727.89133,5522128002.92877,5522128002.92877,5307244601.986257
B_n1_002,fixshift,6.16e-09,0.0,30128473278.3769,33405869877.448257,33406628599.189358,5526939166.042207,,-2.0,-0.0332682178740099,5532016316.99897,5532016316.99897,5357614459.046338,5532435075.682475,5532435075.682475,5358264056.449553
B_n1_003,free,6.16e-09,0.0,30128473278.3769,31239797806.583393,31239504816.700363,5750407679.010566,5751823510.250923,-1.5811190124115264,0.012099281401190189,5750396315.419577,5976282437.034518,5248430658.238573,5751811219.00297,5977653930.265694,5251092159.861437
B_n1_003,fixshift,6.16e-09,0.0,30128473278.3769,31084023935.262714,31083573076.7244,5740833336.683238,,-2.0,0.012318744481934988,5746117790.830102,5973992138.303654,5233148204.379846,5747180322.962147,5975012086.899025,5235354413.5007
B_n1_004,free,6.16e-09,0.0,30128473278.3769,25044327309.7217,25044852199.501316,5895848554.758894,5905325968.611493,1.1829900218819471,0.007575701821525369,5895843562.313631,5985773617.267224,4645144853.091046,5905318519.602569,5995316600.506029,4657506958.99546
B_n1_004,fixshift,6.16e-09,0.0,30128473278.3769,24803557824.357998,24802886892.34353,5902428347.4338255,,-2.0,0.02090260937318593,5907882366.600667,6147382734.204252,5115426092.104531,5910802797.303937,6150292532.65474,5120270225.114862
B_n1_005,free,6.16e-09,0.0,30128473278.3769,33630920023.56478,33630890939.875835,5835587809.677022,5835598435.169286,-3.6996919987281185,-0.058367817456002793,5835571586.267684,5835571586.267684,4172058261.6966133,5835582268.919057,5835582268.919057,4171904969.3910227
B_n1_005,fixshift,6.16e-09,0.0,30128473278.3769,33056021024.35026,33056730166.034077,5869759352.806783,,-2.0,-0.052687573238991633,5875141679.483161,5875141679.483161,4428078854.540992,5875419584.680391,5875419584.680391,4429031132.587268
B_n1_006,free,6.16e-09,0.0,30128473278.3769,33743014900.00184,33743140287.71048,5700574311.14061,5702231306.437408,-0.4660524931733642,-0.03092736407940554,5700565737.358146,5700565737.358146,4921186630.425511,5702221652.389755,5702221652.389755,4923280928.524882
B_n1_006,fixshift,6.16e-09,0.0,30128473278.3769,33423398179.305584,33422861653.27875,5689052726.021951,,-2.0,-0.027796002371553715,5694298759.510922,5694298759.510922,5013091444.922405,5694743922.869751,5694743922.869751,5013766334.486234
B_n1_007,free,6.16e-09,0.0,30128473278.3769,29129322363.121616,29129138895.921192,5411877275.516773,5413013405.698274,-0.9949013423638595,-0.09901933111472942,5411867923.468365,5411867923.468365,4577114442.499598,5413003157.091163,5413003157.091163,4579018539.23105
B_n1_007,fixshift,6.16e-09,0.0,30128473278.3769,28751540275.563946,28750972017.44176,5401352395.488747,,-2.0,-0.09701303724916269,5406331235.46849,5406331235.46849,4656187343.200563,5406764207.495194,5406764207.495194,4657085911.125833
B_n1_008,free,6.16e-09,0.0,30128473278.3769,23668110002.8048,23668276748.63416,5566576773.824001,5567300910.276646,-1.994299095451944,0.018252896401545805,5566564821.753267,5666611818.599125,5585884295.599808,5567288240.651606,5667330143.543001,5587161214.08923
B_n1_008,fixshift,6.16e-09,0.0,30128473278.3769,23669057083.72321,23669222331.470963,5561380671.475902,,-2.0,0.018253151961521726,5566496820.96979,5666543741.410353,5586106187.805463,5567216157.634881,5667257970.600839,5587377128.097687
B_n1_009,free,6.16e-09,0.0,30128473278.3769,26987439277.33065,26987136454.39449,5622258073.470201,5624086048.8912735,-0.22079397922177593,-0.005987091636397635,5622250196.7530575,5622250196.7530575,4569640497.136763,5624077017.2359,5624077017.2359,4572880782.915059
B_n1_009,fixshift,6.16e-09,0.0,30128473278.3769,25912845385.268047,25911940674.46825,5616474888.790899,,-2.0,-0.0006907519197150833,5621660750.464724,5621660750.464724,4738748783.319625,5622021760.288699,5622021760.288699,4739745584.514949
B_n1_010,free,6.16e-09,0.0,30128473278.3769,23020444501.142548,23020834910.76458,5620220550.188681,5622113227.965692,-1.727132304885609,0.00674768072324697,5620209103.837299,5657765073.898518,4961680156.556762,5622100568.812506,5659657900.436756,4965072821.034456
B_n1_010,fixshift,6.16e-09,0.0,30128473278.3769,23108658749.82852,23108914280.032726,5612168745.780514,,-2.0,0.006971520293205032,5617334011.372721,5656107130.766647,4984217393.428745,5618915434.433022,5657689037.842276,4987130463.08256
B_n1_011,free,6.16e-09,0.0,30128473278.3769,31710535094.98168,31710697745.011997,5765409734.854621,5765421484.15357,-3.100378609826098,-0.051718394479096465,5765394888.704337,5765394888.704337,5012305579.015501,5765406714.719705,5765406714.719705,5012187254.456199
B_n1_011,fixshift,6.16e-09,0.0,30128473278.3769,31287477520.83629,31288082081.65424,5782775256.938092,,-2.0,-0.04950534544978869,5788081254.774026,5788081254.774026,5051870879.542033,5788195545.146877,5788195545.146877,5052386478.5489025
B_n1_012,free,6.16e-09,0.0,30128473278.3769,25703161062.21696,25703177517.30462,5627935329.468139,5630917354.51647,-1.1623542001261586,-0.002136911188798108,5627925200.645505,5627925200.645505,4844983737.374997,5630905748.286309,5630905748.286309,4850519994.751018
B_n1_012,fixshift,6.16e-09,0.0,30128473278.3769,25590826480.510284,25590541525.5972,5616549592.423922,,-2.0,-0.0009445956290040462,5621723844.375241,5621723844.375241,4888324786.039638,5623639787.391373,5623639787.391373,4892311552.511258
B_n1_013,free,6.16e-09,0.0,30128473278.3769,28347693686.794544,28347667766.67496,5528484211.027666,5528879145.024846,-2.748457791721289,-0.030093763683896494,5528470695.20701,5528470695.20701,5179702981.716745,5528865168.842005,5528865168.842005,5180359916.628821
B_n1_013,fixshift,6.16e-09,0.0,30128473278.3769,28280261406.827908,28280466656.318558,5534857294.838322,,-2.0,-0.02968080360541129,5539943814.442093,5539943814.442093,5192627373.457805,5540800555.908409,5540800555.908409,5193856486.657911
B_n1_014,free,6.16e-09,0.0,30128473278.3769,39074484695.92675,39074417836.21173,5510248520.646876,5510537027.970886,-1.4534462618654211,-0.08706295223680491,5510237928.285856,5510237928.285856,4043752798.0451317,5510525995.381064,5510525995.381064,4044617158.3004537
B_n1_014,fixshift,6.16e-09,0.0,30128473278.3769,38970465675.98972,38970151458.80826,5500919007.224755,,-2.0,-0.08613102579374016,5505986351.927593,5505986351.927593,4089116747.052459,5506088278.162195,5506088278.162195,4089559321.362455
B_n1_015,free,6.16e-09,0.0,30128473278.3769,27807903098.05974,27807995813.40561,5797761460.839118,5798240013.019775,-1.9143964597078658,-0.029736513628093965,5797749202.4463625,5797749202.4463625,4596827972.403577,5798227170.617146,5798227170.617146,4598741192.503105
B_n1_015,fixshift,6.16e-09,0.0,30128473278.3769,27814797118.49959,27814865186.3999,5791389084.567525,,-2.0,-0.02970194021972003,5796717379.97929,5796717379.97929,4600937254.313594,5797146952.589908,5797146952.589908,4602727780.190561
B_n1_016,free,6.16e-09,0.0,30128473278.3769,30769537071.484188,30769860784.5437,5657349768.111138,5657602243.835315,-2.369303519362096,-0.0551463737928858,5657336765.825794,5657336765.825794,4051053530.3693824,5657588851.140968,5657588851.140968,4052547692.863383
B_n1_016,fixshift,6.16e-09,0.0,30128473278.3769,30621032945.568947,30621513101.069557,5657572270.311697,,-2.0,-0.054905749717810634,5662772586.3128605,5662772586.3128605,4063760658.326845,5663196073.256082,5663196073.256082,4065773010.4804726
B_n1_017,free,6.16e-09,0.0,30128473278.3769,29325824496.56738,29326461710.46164,5933960308.199139,5934764047.374382,-1.2299229646722525,-0.05762868320884965,5933949456.893556,5933949456.893556,5121290796.201979,5934752416.30402,5934752416.30402,5122317857.4201145
B_n1_017,fixshift,6.16e-09,0.0,30128473278.3769,29708484280.118176,29708839246.03957,5921999501.530813,,-2.0,-0.05647312636415012,5927454086.589103,5927454086.589103,5147550369.246669,5927781502.732668,5927781502.732668,5148034751.12995
B_n1_018,free,6.16e-09,0.0,30128473278.3769,35471834146.03771,35472904986.409935,5710771328.328521,5710841956.114968,-4.047565111995009,0.02556510832333329,5710754826.916606,5853896262.204583,5000492511.047373,5710825579.182117,5853973831.94552,5000346582.24662
B_n1_018,fixshift,6.16e-09,0.0,30128473278.3769,32467198346.343216,32469054752.852787,5749335424.108467,,-2.0,0.03111356101888824,5754610362.297744,5929826074.572202,5378384121.152937,5754819869.270712,5930026007.651039,5378778242.078964
B_n1_019,free,6.16e-09,0.0,30128473278.3769,23744649969.318638,23744733295.61185,5911198009.4265585,5912108128.11836,-2.061651002148036,-0.017411028835397014,5911185152.515686,5911185152.515686,6116709677.069858,5912094417.087348,5912094417.087348,6117395621.62914
B_n1_019,fixshift,6.16e-09,0.0,30128473278.3769,23738886487.83641,23738989810.69755,5906554114.715107,,-2.0,-0.017394817653228967,5911987284.630102,5911987284.630102,6117045325.241563,5912950224.186471,5912950224.186471,6117781720.5092325
B_n1_020,free,6.16e-09,0.0,30128473278.3769,38483335326.86857,38483320043.41458,5645449550.225344,5645696383.969914,-1.0688714424660821,0.032620459718563095,5645439617.416792,5825600408.693146,5208641896.084831,5645686036.316399,5825836335.313968,5209249708.610113
B_n1_020,fixshift,6.16e-09,0.0,30128473278.3769,38259256635.78188,38258790845.58859,5635722324.954382,,-2.0,0.03453160376860547,5640919143.743169,5831233190.978633,5296953882.101708,5640933110.291963,5831243169.628614,5297043470.548746
B_n1_021,free,6.16e-09,0.0,30128473278.3769,25522227104.8929,25522069127.127857,5419204104.703818,5419560695.262022,0.1179154935511966,-0.04405263166095587,5419197274.3983345,5419197274.3983345,4398798059.218138,5419553350.75961,5419553350.75961,4399626192.758776
B_n1_021,fixshift,6.16e-09,0.0,30128473278.3769,24420164447.007812,24419285883.08903,5413206713.366421,,-2.0,-0.037363074844130845,5418203823.229462,5418203823.229462,4654949315.598794,5418321598.349725,5418321598.349725,4654818410.755136
B_n1_022,free,6.16e-09,0.0,30128473278.3769,31119739252.460495,31119252892.92524,5886624199.814075,5887155229.7566185,-1.7338305579461808,0.020793544253406605,5886612195.123027,6019536518.462781,5862380542.223864,5887142606.044286,6020057143.066753,5862922833.8322315
B_n1_022,fixshift,6.16e-09,0.0,30128473278.3769,30975812188.893127,30975216746.34508,5878274778.889723,,-2.0,0.020986519649913847,5883685050.78241,6019244979.350864,5872230226.550654,5884065874.831844,6019615886.970281,5872611431.012692
B_n1_023,free,6.16e-09,0.0,30128473278.3769,36918944627.30457,36918703321.95518,5716496552.7459345,5716661218.742367,-1.7013232534958571,-0.03982666832235317,5716484973.453004,5716484973.453004,4674481706.613728,5716649293.463879,5716649293.463879,4674824885.950566
B_n1_023,fixshift,6.16e-09,0.0,30128473278.3769,36822373402.91279,36821967622.04621,5708207518.816758,,-2.0,-0.03955093085410517,5713462304.771045,5713462304.771045,4712363869.062873,5713540838.1992235,5713540838.1992235,4712549405.178017
B_n1_024,free,6.16e-09,0.0,30128473278.3769,25292535424.2978,25292381679.802494,5474458517.82837,5477770109.648764,-1.0081042594869576,-0.08074816586232983,5474449026.283068,5474449026.283068,4148344008.937496,5477759118.941747,5477759118.941747,4153701221.7955813
B_n1_024,fixshift,6.16e-09,0.0,30128473278.3769,24963762190.622334,24963256134.754,5463826120.416197,,-2.0,-0.07867057412044748,5468862422.175988,5468862422.175988,4201653713.634636,5470905147.895011,5470905147.895011,4205380298.8972745
B_n1_025,free,6.16e-09,0.0,30128473278.3769,39106780751.265495,39106521191.74946,5406206224.527142,5406208901.029125,-1.782084545259528,-0.08421582333480451,5406195095.64129,5406195095.64129,4157257333.246104,5406197815.148718,5406197815.148718,4157199682.302251
B_n1_025,fixshift,6.16e-09,0.0,30128473278.3769,39039115255.80586,39038753494.59065,5399131709.083695,,-2.0,-0.08402420171343845,5404102069.220267,5404102069.220267,4156348567.3059206,5404122040.801798,5404122040.801798,4156200656.2006974
B_n1_026,free,6.16e-09,0.0,30128473278.3769,25601459229.336575,25601263290.822594,5729041570.285931,5730714271.541977,-1.5490995361399453,-0.013607065980096304,5729030326.80744,5729030326.80744,5032033332.524432,5730701937.805645,5730701937.805645,5034927637.691975
B_n1_026,fixshift,6.16e-09,0.0,30128473278.3769,25473392183.93572,25473020822.288265,5719454449.148336,,-2.0,-0.013122172343495499,5724720392.663724,5724720392.663724,5054833682.641744,5725949642.641774,5725949642.641774,5057105696.696178
B_n1_027,free,6.16e-09,0.0,30128473278.3769,21873832242.042732,21873899449.029045,5584264362.439597,5585384807.184615,-2.2072258429211655,0.023384989748033675,5584251889.975965,5745724092.570832,4802734695.195813,5585371532.497576,5746831148.602691,4805246511.499466
B_n1_027,fixshift,6.16e-09,0.0,30128473278.3769,21851610440.67842,21851757395.911842,5581940504.197245,,-2.0,0.023512301630384824,5587072758.231678,5749601680.7307625,4807589627.642346,5588368730.527672,5750885773.343273,4810374338.9314785
B_n1_028,free,6.16e-09,0.0,30128473278.3769,18456948106.702087,18456770955.300613,5592408583.772747,5596290560.194022,-0.3949393010648139,0.042651575502822385,5592400339.939189,5824718679.899845,4513723871.326419,5596280577.1613245,5828660087.497589,4519946290.8467245
B_n1_028,fixshift,6.16e-09,0.0,30128473278.3769,17844196516.243126,17843613413.112118,5582780517.270994,,-2.0,0.04635307581173134,5587930880.518988,5839598598.032825,4572739382.035409,5589583165.294269,5841256419.563405,4576233099.237733
B_n1_029,free,6.16e-09,0.0,30128473278.3769,37879272571.9394,37879318379.953865,5752665697.260519,5752898831.9333515,-3.0619043024956927,0.012789846187782374,5752650965.418314,5825258744.041517,5530854378.101181,5752883749.442891,5825488424.185872,5531393746.760764
B_n1_029,fixshift,6.16e-09,0.0,30128473278.3769,37557187045.34153,37557746825.43082,5769582918.027642,,-2.0,0.015624597798914848,5774875938.075044,5863834662.449917,5639301850.412123,5775729891.40414,5864685439.939842,5640629002.870028
B_n1_030,free,6.16e-09,0.0,30128473278.3769,19481273651.399574,19481170572.183144,5583073265.215773,5585613871.773059,-1.1153728398534284,-0.03841115859333343,5583063330.2099085,5583063330.2099085,4966554090.30678,5585602473.489938,5585602473.489938,4969920730.981412
B_n1_030,fixshift,6.16e-09,0.0,30128473278.3769,19285230898.3085,19284891492.179337,5572036105.043258,,-2.0,-0.03712749191800692,5577170625.440959,5577170625.440959,5055467027.968619,5578620824.647523,5578620824.647523,5057411582.120743
B_n1_031,free,6.16e-09,0.0,30128473278.3769,35938542103.93274,35938934293.99365,5530206544.941743,5530292212.167583,-4.0506196653828574,0.07543980611226007,5530190557.588497,5929909886.541246,5275389433.9367485,5530276074.449786,5929986506.195237,5275718960.146708
B_n1_031,fixshift,6.16e-09,0.0,30128473278.3769,34212249864.13736,34213542526.772175,5573246159.118838,,-2.0,0.08176958987169566,5578354643.158355,6014482259.364466,5501257951.170471,5579478625.858874,6015604965.841478,5503196288.661512
B_n1_032,free,6.16e-09,0.0,30128473278.3769,27525979788.3536,27526195282.468014,5810749916.2485695,5811054082.893873,-2.231861439964806,-0.09253656629433256,5810736878.028403,5810736878.028403,4625326165.075179,5811040569.136794,5811040569.136794,4626124635.456138
B_n1_032,fixshift,6.16e-09,0.0,30128473278.3769,27466835707.783382,27467129965.57249,5808527431.948543,,-2.0,-0.09244956962619386,5813869400.280215,5813869400.280215,4626408900.2850275,5814295748.407535,5814295748.407535,4627415826.234727
B_n1_033,free,6.16e-09,0.0,30128473278.3769,27468831995.44198,27468695840.19934,5927601355.4202175,5928093125.897814,-2.2608519978142763,-0.03880167892858512,5927587994.426726,5927587994.426726,5718563884.562548,5928079139.988577,5928079139.988577,5719127470.947359
B_n1_033,fixshift,6.16e-09,0.0,30128473278.3769,27493365993.298725,27493313971.04937,5925986885.63393,,-2.0,-0.0387367908424124,5931435005.5466385,5931435005.5466385,5719874603.066463,5932107001.568277,5932107001.568277,5720628734.214494
B_n1_034,free,6.16e-09,0.0,30128473278.3769,35136754697.71399,35136451625.09485,5701001641.368192,5701670016.929207,-3.392988260503266,-0.0010851947578963373,5700986372.339122,5700986372.339122,4894667767.515829,5701655306.63199,5701655306.63199,4894654464.18379
B_n1_034,fixshift,6.16e-09,0.0,30128473278.3769,35148628397.90725,35148919164.50828,5725489758.526023,,-2.0,0.0022131706784998717,5730741954.031923,5743328841.264019,4950244448.667096,5730804665.453481,5743392316.997173,4950090054.235763
B_n1_035,free,6.16e-09,0.0,30128473278.3769,35211383174.15034,35211834093.9648,5743634604.477965,5746277942.235756,-0.17846907308261475,0.017458814258112697,5743626659.9843,5999774860.056709,5737015305.025458,5746268507.650772,6002344831.083632,5739462724.074706
B_n1_035,fixshift,6.16e-09,0.0,30128473278.3769,35260443511.75873,35260061872.35126,5739625818.320058,,-2.0,0.024138610849332574,5744927444.107084,6097144196.01883,5917845525.240259,5745584555.843395,6097713571.1465845,5918268509.677841
B_n1_036,free,6.16e-09,0.0,30128473278.3769,19364468456.465557,19364712364.578423,5614791493.687024,5615351943.936207,-2.3308053364181403,-0.0024271707264717723,5614778673.632891,5614778673.632891,5506115273.763744,5615338516.681606,5615338516.681606,5506602659.205721
B_n1_036,fixshift,6.16e-09,0.0,30128473278.3769,19268238193.0245,19268575848.47038,5614203438.63454,,-2.0,-0.00216019347527435,5619365291.130261,5619365291.130261,5520837550.793766,5620150954.865427,5620150954.865427,5521528263.34907
B_n1_037,free,6.16e-09,0.0,30128473278.3769,32351263885.6966,32351029238.46932,5831076808.066832,5831096849.55887,-2.0094342151337456,0.030598143267518637,5831064252.838517,6005708748.88653,5283853167.180106,5831084414.447519,6005734440.447453,5283738965.99561
B_n1_037,fixshift,6.16e-09,0.0,30128473278.3769,32353455663.820446,32353225220.973995,5825823834.10439,,-2.0,0.03059838293057964,5831183087.029536,6005833186.740261,5284699979.302625,5831202129.087201,6005857590.050705,5284588729.800962
B_n1_038,free,6.16e-09,0.0,30128473278.3769,24397416791.090195,24397330266.29067,5269466131.874427,5270191472.937755,-2.928734107417231,0.02275510859970569,5269452895.09739,5387219571.946113,4622579362.780624,5270177676.482978,5387941340.948403,4624025456.458689
B_n1_038,fixshift,6.16e-09,0.0,30128473278.3769,24349489761.66491,24349679785.112507,5280545027.484982,,-2.0,0.023958688644959637,5285393157.758121,5409738849.508629,4674628115.75566,5286827823.443463,5411175044.873404,4676994467.851559
B_n1_039,free,6.16e-09,0.0,30128473278.3769,21604770207.49351,21605571268.869617,5821775828.889988,5822384300.662128,-1.4588221558628738,-0.009054819114950135,5821764625.55939,5821764625.55939,6238178941.410779,5822372324.531964,5822372324.531964,6238714833.410033
B_n1_039,fixshift,6.16e-09,0.0,30128473278.3769,21987542340.471004,21988155584.375618,5811644402.79909,,-2.0,-0.008498217160780275,5816996804.256387,5816996804.256387,6242433253.690738,5817265633.66568,5817265633.66568,6242647012.74021
B_n1_040,free,6.16e-09,0.0,30128473278.3769,44905475894.17422,44905367986.194695,5412706986.508735,5412766379.890554,-1.3344783357921908,-0.0262973963819141,5412696855.484399,5412696855.484399,4755843555.886719,5412756046.274895,5412756046.274895,4756070848.40873
B_n1_040,fixshift,6.16e-09,0.0,30128473278.3769,44709089029.481674,44708607280.339966,5404192853.29243,,-2.0,-0.02457939809745211,5409175485.69603,5409175485.69603,4796730530.723319,5409176152.872863,5409176152.872863,4796713269.434645
B_n1_041,free,6.16e-09,0.0,30128473278.3769,19365429713.368073,19365672344.96821,5429469683.740743,5430765424.979213,-1.0820569696401579,0.03976027232060593,5429460100.74862,5639941346.032752,4767935642.041505,5430754847.099266,5641232806.240904,4770140923.466528
B_n1_041,fixshift,6.16e-09,0.0,30128473278.3769,19450790982.70606,19450734652.38517,5419419206.840733,,-2.0,0.04101598844297221,5424414946.939787,5641128217.046798,4791712175.703775,5424979593.969527,5641680452.595303,4792945178.387444
B_n1_042,free,6.16e-09,0.0,30128473278.3769,32053688195.526974,32053767857.624462,5691091960.954818,5691209383.683324,-2.838768589297497,-0.01462550580826207,5691077856.874904,5691077856.874904,4754978051.3303175,5691195047.123338,5691195047.123338,4755286099.96347
B_n1_042,fixshift,6.16e-09,0.0,30128473278.3769,31841666283.697155,31842093770.569725,5700740695.99565,,-2.0,-0.013255515360542489,5705975854.363495,5705975854.363495,4814518249.2246,5706410128.665892,5706410128.665892,4815281774.9439125
B_n1_043,free,6.16e-09,0.0,30128473278.3769,36380342588.53137,36380213369.60637,5725491591.247618,5726503005.731927,-0.7085605448236003,-0.00971107143028786,5725482397.047943,5725482397.047943,4347271308.498605,5726492960.021851,5726492960.021851,4350198089.037815
B_n1_043,fixshift,6.16e-09,0.0,30128473278.3769,35879677134.0083,35879032153.07487,5715567774.815275,,-2.0,-0.006719491705261183,5720839906.2091255,5720839906.2091255,4446612189.964775,5721064226.583573,5721064226.583573,4447770321.446627
B_n1_044,free,6.16e-09,0.0,30128473278.3769,36512442120.91346,36512690702.67567,5648454584.234892,5649599438.29891,-1.9411598533563261,-0.018636414327233317,5648442584.249818,5648442584.249818,4709781653.437935,5649586566.85968,5649586566.85968,4712101994.64408
B_n1_044,fixshift,6.16e-09,0.0,30128473278.3769,36526170448.95579,36526387971.41265,5642567486.896931,,-2.0,-0.018611911331420428,5647759166.258092,5647759166.258092,4713395663.06373,5648852724.939847,5648852724.939847,4715633764.975143
B_n1_045,free,6.16e-09,0.0,30128473278.3769,28402191563.32466,28402793996.874294,5705533903.321316,5706533864.518761,-1.2214865913652473,-0.01196472323532355,5705523492.298882,5705523492.298882,4502813840.003653,5706522589.461965,5706522589.461965,4504913332.043567
B_n1_045,fixshift,6.16e-09,0.0,30128473278.3769,28764868983.617767,28765198226.114006,5694591522.281267,,-2.0,-0.011079303178416646,5699838143.595884,5699838143.595884,4481252297.116568,5700293431.751556,5700293431.751556,4482542687.682524
B_n1_046,free,6.16e-09,0.0,30128473278.3769,31297753536.124977,31297592063.65445,5607727057.111941,5607806592.907905,-3.3506487760188857,-0.03387487613124023,5607712116.53379,5607712116.53379,5879015774.836823,5607791495.995564,5607791495.995564,5878984817.275521
B_n1_046,fixshift,6.16e-09,0.0,30128473278.3769,31189732940.800568,31190060696.15697,5627692846.668084,,-2.0,-0.03104793415008084,5632859904.68893,5632859904.68893,5950073660.796787,5633423661.434558,5633423661.434558,5950323585.130608
B_n1_047,free,6.16e-09,0.0,30128473278.3769,27541439244.571896,27542200604.287235,5786601493.030582,5788536001.411222,-1.162700781128941,0.009385369637841801,5786591080.334422,6024054987.107734,5552368173.73414,5788524372.471788,6025869201.230731,5555452329.713957
B_n1_047,fixshift,6.16e-09,0.0,30128473278.3769,27973843045.197193,27974114816.36639,5776400644.958046,,-2.0,0.0107703914142704,5781725756.345076,6044253299.320563,5609802237.6948,5782808294.327123,6045224793.878595,5611704550.6016445
B_n1_048,free,6.16e-09,0.0,30128473278.3769,44008722014.94832,44008573667.23041,5695962866.09066,5696301738.530114,-0.8724865261433074,-0.06433653493771173,5695953322.53508,5695953322.53508,4884495009.964085,5696291695.111533,5696291695.111533,4884898182.248833
B_n1_048,fixshift,6.16e-09,0.0,30128473278.3769,43489365925.92904,43488597204.90979,5686995731.649889,,-2.0,-0.06090701434950697,5692242538.518029,5692242538.518029,4997965264.049566,5692254771.611947,5692254771.611947,4997985681.892858
B_n1_049,free,6.16e-09,0.0,30128473278.3769,39033764297.493095,39034185443.16233,5390824167.770209,5391027952.421878,-1.166080006262666,-0.006420765304289384,5390814460.049345,5390814460.049345,3954994832.894518,5391017840.907501,5391017840.907501,3956134348.9721336
B_n1_049,fixshift,6.16e-09,0.0,30128473278.3769,39218311578.318794,39218333752.19678,5381931856.2089,,-2.0,-0.004500758955163126,5386894770.728925,5386894770.728925,4027916125.290538,5386902790.7175045,5386902790.7175045,4028112599.808099
B_n1_050,free,6.16e-09,0.0,30128473278.3769,18768028557.244305,18768891218.20989,5637756704.219485,5639709915.587223,-0.510350404355277,0.00038103014445374397,5637748117.895083,5639883319.50288,5053886714.559829,5639700194.285831,5641835477.805155,5057214591.408359
B_n1_050,fixshift,6.16e-09,0.0,30128473278.3769,19712553939.2601,19712957863.103577,5624374858.664663,,-2.0,0.002454267997920436,5629558673.118346,5645876852.372684,5128027002.902345,5630212921.807958,5646529630.417096,5129510347.351115
B_n1_051,free,6.16e-09,0.0,30128473278.3769,32638072922.902985,32638029773.82439,5475219677.005716,5475588356.984578,-3.535139621169004,0.01080135869428075,5475204750.799265,5939853934.075676,4472114972.944285,5475573098.41533,5940159129.876041,4474216221.9979515
B_n1_051,fixshift,6.16e-09,0.0,30128473278.3769,32197253118.51865,32197873578.019424,5504095156.994442,,-2.0,0.015810601011959587,5509141305.745143,6024708201.206234,4695614308.257365,5510484049.075089,6025937331.147538,4699853299.714797
B_n1_052,free,6.16e-09,0.0,30128473278.3769,35992816346.45692,35992550834.10359,5620339742.834083,5620660592.124223,-1.4866735482358016,-0.02726420714395618,5620328860.553708,5620328860.553708,5006960522.90814,5620649260.238787,5620649260.238787,5007624660.398088
B_n1_052,fixshift,6.16e-09,0.0,30128473278.3769,35802741717.264694,35802267299.69006,5610585716.160814,,-2.0,-0.026914771082737907,5615752176.97588,5615752176.97588,5013126599.995085,5615887543.615918,5615887543.615918,5013488173.790933
B_n1_053,free,6.16e-09,0.0,30128473278.3769,18834244539.418537,18834023663.047287,5499597431.140011,5501489536.608967,-0.9570283941310667,-0.07615827485212168,5499588016.373748,5499588016.373748,4162477425.884509,5501478906.95462,5501478906.95462,4166497401.7170753
B_n1_053,fixshift,6.16e-09,0.0,30128473278.3769,18481599417.449825,18481145906.668297,5488188507.125486,,-2.0,-0.07397405590923718,5493246475.14556,5493246475.14556,4270467549.9184732,5494110373.782037,5494110373.782037,4272775299.893408
B_n1_054,free,6.16e-09,0.0,30128473278.3769,28869119543.262096,28869531849.805775,5729247695.846073,5729721979.182234,-1.5255574071991238,-0.03501859953749218,5729236508.504679,5729236508.504679,4557048175.85445,5729710199.439594,5729710199.439594,4558644790.040432
B_n1_054,fixshift,6.16e-09,0.0,30128473278.3769,29025579961.29049,29025826994.265835,5719567445.341843,,-2.0,-0.03438360196970091,5724833977.048935,5724833977.048935,4544450995.459833,5725073384.30321,5725073384.30321,4545535186.265455
B_n1_055,free,6.16e-09,0.0,30128473278.3769,41878035937.58436,41878398940.118195,5626142590.067998,5626272926.763576,-1.74409161300891,-0.07848053796367144,5626131093.370678,5626131093.370678,3889076705.9305463,5626261107.923243,5626261107.923243,3889925893.2572875
B_n1_055,fixshift,6.16e-09,0.0,30128473278.3769,41956111467.10892,41956358299.555984,5618308974.527871,,-2.0,-0.07829554056404937,5623480298.007654,5623480298.007654,3877011695.135303,5623541719.27044,5623541719.27044,3877583051.3798046
B_n1_056,free,6.16e-09,0.0,30128473278.3769,25912597680.69831,25911440612.746178,5687815899.523146,5688258534.164782,-2.5726763663438095,-0.046062680750092615,5687802378.0041,5687802378.0041,4676600015.060185,5688244538.918108,5688244538.918108,4677531002.707248
B_n1_056,fixshift,6.16e-09,0.0,30128473278.3769,26520333748.82138,26519369561.632122,5691114813.701263,,-2.0,-0.04555384545565829,5696346222.133321,5696346222.133321,4661170969.36574,5697124636.988659,5697124636.988659,4662620011.338994
B_n1_057,free,6.16e-09,0.0,30128473278.3769,40069064854.04832,40069029992.39551,5649319104.492015,5649997478.013873,-0.9728949609423087,-0.04050705798066213,5649309396.562695,5649309396.562695,4970878414.089296,5649987051.802129,5649987051.802129,4972324572.88447
B_n1_057,fixshift,6.16e-09,0.0,30128473278.3769,39788545482.78366,39788033885.10471,5639811143.5081005,,-2.0,-0.03758061664426681,5645012848.48871,5645012848.48871,5077343755.6836,5645165373.088528,5645165373.088528,5077841723.095433
B_n1_058,free,6.16e-09,0.0,30128473278.3769,28187267465.622547,28187415459.14913,5409976712.951641,5411658186.408624,-2.4355560213266396,-0.05165681864864294,5409964140.027333,5409964140.027333,4571501967.515363,5411644617.645443,5411644617.645443,4574085373.394571
B_n1_058,fixshift,6.16e-09,0.0,30128473278.3769,28093742509.882492,28094024049.873997,5411367477.474454,,-2.0,-0.0512697657356227,5416340523.724508,5416340523.724508,4583162141.9141245,5418505299.00177,5418505299.00177,4586298906.376742
B_n1_059,free,6.16e-09,0.0,30128473278.3769,21793455433.376396,21793589664.175503,5301114485.728524,5301233434.390681,-2.004416022091546,-0.06950380263003202,5301103082.561602,5301103082.561602,4500454896.230747,5301221771.449095,5301221771.449095,4500963679.180849
B_n1_059,fixshift,6.16e-09,0.0,30128473278.3769,21792858452.220875,21792994239.502182,5296281311.080205,,-2.0,-0.06950413969396609,5301153493.147776,5301153493.147776,4500313481.223407,5301273331.697792,5301273331.697792,4500825288.369758
B_n2_000,free,1.232e-08,0.0,30128473278.3769,26937705041.01725,26938319974.840393,11757927936.157736,11762738212.351862,1.6303544677753155,-0.08925481795790798,11757919807.696083,11757919807.696083,10173181736.585224,11762728355.222267,11762728355.222267,10179170009.513361
B_n2_000,fixshift,1.232e-08,0.0,30128473278.3769,26691482238.01978,26690669990.59288,11710552779.462683,,-2.0,-0.0849049097027741,11721337324.559393,11721337324.559393,10377045945.99042,11721422962.288538,11721422962.288538,10377405639.63547
B_n2_001,free,1.232e-08,0.0,30128473278.3769,25379791302.67425,25379485607.677727,10711216328.055077,10712137946.32854,-1.9149215082923052,0.034531917282726615,10711193672.700977,11072585533.701641,11234385446.324806,10712113973.539799,11073484550.004805,11234982212.265394
B_n2_001,fixshift,1.232e-08,0.0,30128473278.3769,25352558451.523346,25352223636.091904,10699422909.907787,,-2.0,0.03450947605019552,10709266018.579924,11070348846.446865,11230432757.614916,10710078234.660826,11071139642.755222,11230941779.693993
B_n2_002,free,1.232e-08,0.0,30128473278.3769,22021979756.674316,22021797637.11373,10923664335.73974,10924090761.630178,-2.975612318903288,-0.013982877725701292,10923636697.543976,10923636697.543976,9194396164.600132,10924062429.457281,10924062429.457281,9196040090.424902
B_n2_002,fixshift,1.232e-08,0.0,30128473278.3769,22007135508.90731,22007352386.07896,10940835484.17476,,-2.0,-0.013622148783248106,10950895642.148287,10950895642.148287,9271701256.313004,10952421727.356018,10952421727.356018,9275388427.738897
B_n2_003,free,1.232e-08,0.0,30128473278.3769,49848397803.48148,49847648401.01724,11536144893.151218,11538202587.677235,2.0286700171531704,-0.02585787688155612,11536138404.769447,11536138404.769447,9025990749.36324,11538195101.292515,11538195101.292515,9030135847.610289
B_n2_003,fixshift,1.232e-08,0.0,30128473278.3769,42847817835.380974,42845231160.712944,11519238126.100819,,-2.0,-0.016905383572620093,11529860547.344152,11529860547.344152,9693228865.31026,11530161159.21302,11530161159.21302,9692251828.892454
B_n2_004,free,1.232e-08,0.0,30128473278.3769,41515738309.2468,41515819111.386375,11257921486.440548,11261595966.206259,-4.400854796587659,-0.03920444912280115,11257887783.86859,11257887783.86859,8557543098.057349,11261563290.21635,11261563290.21635,8556203569.336713
B_n2_004,fixshift,1.232e-08,0.0,30128473278.3769,40160943695.92531,40162017510.500885,11330726292.586843,,-2.0,-0.03686601497024837,11341139422.920492,11341139422.920492,8827446932.618315,11341962365.368341,11341962365.368341,8825984228.305176
B_n2_005,free,1.232e-08,0.0,30128473278.3769,35710150052.04768,35710561248.54303,11787218074.660515,11804873977.323425,-0.260975525245522,0.058559863958445625,11787201353.179234,12454608215.24878,9225152488.457037,11804851982.926443,12472860623.80624,9250546689.546686
B_n2_005,fixshift,1.232e-08,0.0,30128473278.3769,35958402989.94572,35958283832.43941,11747967927.544937,,-2.0,0.060029977657627444,11758784484.224836,12440326880.501707,9196470251.211206,11768625790.246275,12450445507.427687,9213755721.96241
B_n2_006,free,1.232e-08,0.0,30128473278.3769,40453413382.29249,40454126421.73454,11821189315.981413,11827506541.141298,0.8395757186222206,0.033261776466896736,11821177785.33846,12206036075.568325,11078289960.735603,11827492207.074247,12212435597.448936,11086855002.375427
B_n2_006,fixshift,1.232e-08,0.0,30128473278.3769,40590782208.06817,40590159734.95218,11788045645.284483,,-2.0,0.037964921116227665,11798909828.088148,12235853711.557037,11319690471.05556,11799518242.771893,12236437703.73075,11321228851.14323
B_n2_007,free,1.232e-08,0.0,30128473278.3769,41900530386.87601,41901509037.264565,11143815670.68504,11144010271.773968,-4.195608954967428,-0.09610030909059063,11143782963.290161,11143782963.290161,8669573093.224812,11143977886.398645,11143977886.398645,8669206792.507748
B_n2_007,fixshift,1.232e-08,0.0,30128473278.3769,38514592266.06657,38516701042.86317,11210653448.656006,,-2.0,-0.09315805555650798,11220953447.130505,11220953447.130505,9065005517.354897,11221489661.271685,11221489661.271685,9066253872.225721
B_n2_008,free,1.232e-08,0.0,30128473278.3769,37984339995.98504,37985943278.32434,11163091013.47314,11163091907.703318,-0.6434860248219944,0.0013471049033068187,11163073386.032072,11995181532.135416,10782457590.067612,11163074245.67201,11995175666.445477,10782480743.116016
B_n2_008,fixshift,1.232e-08,0.0,30128473278.3769,39805150015.84625,39806236405.70951,11129421775.318792,,-2.0,0.0020798535854929102,11139667092.51928,11981373417.40735,10734392903.903719,11140219231.519638,11982137455.250463,10734245092.74169
B_n2_009,free,1.232e-08,0.0,30128473278.3769,33456871140.465954,33457400806.857426,10862272997.41525,10862985338.737112,-3.216180163253732,-0.11056110648054948,10862244566.72765,10862244566.72765,8509946845.758577,10862956212.956146,10862956212.956146,8510997548.5612955
B_n2_009,fixshift,1.232e-08,0.0,30128473278.3769,32547248853.043903,32548216630.72331,10888134737.276575,,-2.0,-0.10956134487707406,10898144058.500933,10898144058.500933,8632190983.84388,10900245172.947474,10900245172.947474,8634670444.090637
B_n2_010,free,1.232e-08,0.0,30128473278.3769,22471080773.16328,22471685496.389114,10899301117.808918,10899887124.975948,-1.5107825481095836,-0.08319278509043698,10899279891.182852,10899279891.182852,8523949472.962406,10899864958.338945,10899864958.338945,8525933806.455027
B_n2_010,fixshift,1.232e-08,0.0,30128473278.3769,22741289313.313427,22741788942.478817,10878847492.190643,,-2.0,-0.0830708273112195,10888857352.20326,10888857352.20326,8544394999.657572,10889079286.782463,10889079286.782463,8545505379.849695
B_n2_011,free,1.232e-08,0.0,30128473278.3769,32121872971.996483,32121332026.99376,11174624787.440655,11178050535.816185,-1.7426106607842495,-0.00304207065059335,11174601951.265282,11174601951.265282,8058020449.030917,11178025515.783224,11178025515.783224,8065924600.638648
B_n2_011,fixshift,1.232e-08,0.0,30128473278.3769,31970277752.733852,31969640424.04184,11158458229.923346,,-2.0,-0.0029735655234339117,11168724435.189983,11168724435.189983,8068834090.516136,11171618487.085873,11171618487.085873,8075877730.883127
B_n2_012,free,1.232e-08,0.0,30128473278.3769,24248508222.06066,24248186750.745472,10972059274.075163,10972440473.863066,-5.293223024412341,-0.05041249553155328,10972023983.11941,10972023983.11941,8631780835.127304,10972405088.294561,10972405088.294561,8632606946.178988
B_n2_012,fixshift,1.232e-08,0.0,30128473278.3769,23731898485.124252,23732502862.39868,11076969496.314676,,-2.0,-0.04755066141716328,11087150700.349056,11087150700.349056,8749760530.154602,11091187516.589752,11091187516.589752,8756274321.308187
B_n2_013,free,1.232e-08,0.0,30128473278.3769,46342446789.55308,46342599500.407326,11072999488.097685,11076274435.01138,-0.5868865145516692,-0.02016235237771505,11072982270.723038,11072982270.723038,10769854320.939177,11076255149.528131,11076255149.528131,10772893957.52123
B_n2_013,fixshift,1.232e-08,0.0,30128473278.3769,45904155348.00347,45903382778.75247,11042845917.019356,,-2.0,-0.018359831421374238,11053017310.869555,11053017310.869555,10912097294.458185,11054080441.315643,11054080441.315643,10912886529.474419
B_n2_014,free,1.232e-08,0.0,30128473278.3769,33147524760.448483,33148185940.63317,10843220072.770258,10854449095.104195,0.44865555640484434,-0.0518453236761142,10843207847.599304,10843207847.599304,8530070520.430426,10854433122.691032,10854433122.691032,8544754928.705888
B_n2_014,fixshift,1.232e-08,0.0,30128473278.3769,33541651511.86902,33541312975.198685,10805502104.53964,,-2.0,-0.04883129425618737,10815454733.632277,10815454733.632277,8674558484.822344,10819254172.654531,10819254172.654531,8681077233.251896
B_n2_015,free,1.232e-08,0.0,30128473278.3769,23151670153.918034,23151377650.265842,10907806385.874619,10911589982.368387,-6.057387231531629,-0.026492963667346044,10907769680.020247,10907769680.020247,10672148062.110231,10911554173.452097,10911554173.452097,10675681943.435295
B_n2_015,fixshift,1.232e-08,0.0,30128473278.3769,21615486116.677273,21616631243.87442,11055560174.256262,,-2.0,-0.020764353575983545,11065715460.387125,11065715460.387125,11083762409.168587,11074410576.480673,11074410576.480673,11091621288.009226
B_n2_016,free,1.232e-08,0.0,30128473278.3769,30526356891.559162,30527838539.077694,11993179075.981764,11998413803.755512,-2.608252662741421,-0.05289578222393044,11993150394.124594,11993150394.124594,9935209111.162527,11998382390.9385,11998382390.9385,9943006157.588827
B_n2_016,fixshift,1.232e-08,0.0,30128473278.3769,29540876186.236065,29542635839.620533,11999933687.29573,,-2.0,-0.05265436283260435,12010968762.395353,12010968762.395353,10013245009.97335,12018134582.728336,12018134582.728336,10023091407.364695
B_n2_017,free,1.232e-08,0.0,30128473278.3769,26627087203.98487,26625305341.0945,11708304924.002325,11727873652.763987,-0.10777014280582742,-0.021211495503312836,11708289066.184658,11708289066.184658,9415918974.584393,11727853680.60207,11727853680.60207,9438978662.118023
B_n2_017,fixshift,1.232e-08,0.0,30128473278.3769,22707034958.73813,22704710741.740856,11671105098.561209,,-2.0,-0.01937848501276384,11681854576.770708,11681854576.770708,9634965197.081123,11694899339.156927,11694899339.156927,9651221675.233305
B_n2_018,free,1.232e-08,0.0,30128473278.3769,19266522493.05217,19266394501.522175,11627545337.271475,11630609843.986929,-2.9684202338592383,-0.007036279242049433,11627515947.992638,11627515947.992638,10972592824.711315,11630579068.600454,11630579068.600454,10976392124.66742
B_n2_018,fixshift,1.232e-08,0.0,30128473278.3769,19183020689.349266,19183321453.444305,11645973224.913645,,-2.0,-0.006561309571641851,11656681045.049377,11656681045.049377,11065002860.892069,11661538624.521027,11661538624.521027,11070650341.464165
B_n2_019,free,1.232e-08,0.0,30128473278.3769,24047932626.106567,24048092705.898674,11591461102.911802,11591468361.347786,-2.1377266716309267,-0.049068534534671006,11591435531.22479,11591435531.22479,9820255109.330835,11591442896.765997,11591442896.765997,9820088583.19952
B_n2_019,fixshift,1.232e-08,0.0,30128473278.3769,24020742243.33861,24020976523.661377,11584311646.826365,,-2.0,-0.049037044469847114,11594967635.1474,11594967635.1474,9828491825.600605,11594967637.074045,11594967637.074045,9828494609.866543
B_n2_020,free,1.232e-08,0.0,30128473278.3769,35890370426.31877,35889485624.73666,11097752917.01486,11099308005.109663,-6.417462344114603,-0.05013947651213227,11097714925.855013,11097714925.855013,8644024474.760775,11099269310.019445,11099269310.019445,8643190215.80682
B_n2_020,fixshift,1.232e-08,0.0,30128473278.3769,35732083377.81157,35733153128.9396,11291619694.393885,,-2.0,-0.03902065931069573,11301981140.998281,11301981140.998281,9479254206.286997,11302044142.100954,11302044142.100954,9478741767.977808
B_n2_021,free,1.232e-08,0.0,30128473278.3769,35573917093.442986,35573130423.99852,11985256055.479687,11986559039.6647,-0.7915327638891742,0.014471583124998619,11985236376.61449,12156424477.596598,10272248891.83012,11986537806.516626,12157717326.704311,10274640445.270018
B_n2_021,fixshift,1.232e-08,0.0,30128473278.3769,34376735178.28068,34375542588.4219,11950450447.870678,,-2.0,0.015154755173177641,11961450192.1767,12140209595.897675,10303598705.740067,11961558088.433563,12140311138.56413,10304066330.765545
B_n2_022,free,1.232e-08,0.0,30128473278.3769,28597427933.633984,28597289883.22293,11138257331.16179,11138693746.468922,-3.974862434521347,-0.004902126846519318,11138225383.879282,11138225383.879282,9768059296.614578,11138662207.24278,11138662207.24278,9767992387.723415
B_n2_022,fixshift,1.232e-08,0.0,30128473278.3769,27883189538.282784,27884068075.348797,11194736809.230713,,-2.0,-0.0029567959754678765,11205024057.745779,11205024057.745779,10003214779.0643,11205096641.332937,11205096641.332937,10003448429.163385
B_n2_023,free,1.232e-08,0.0,30128473278.3769,24618076019.015144,24618581768.820755,10778864949.04913,10783143642.709408,-2.752555320813399,0.010011157529473435,10778838577.922064,10885485201.675442,10153794949.012419,10783114675.9062,10889773547.128523,10158147019.590883
B_n2_023,fixshift,1.232e-08,0.0,30128473278.3769,24182605774.773132,24183256631.027317,10788568524.90673,,-2.0,0.010080527198804168,10798490724.839457,10906101802.344524,10143072970.670927,10805115922.995777,10912751503.566408,10149861715.662437
B_n2_024,free,1.232e-08,0.0,30128473278.3769,21379448980.3578,21379202063.634357,10914843788.060814,10921949720.309198,0.8558267631997991,0.026715083003449235,10914833204.576035,11201135559.06166,8989795484.607464,10921936408.673574,11208321571.548513,9001812603.377396
B_n2_024,fixshift,1.232e-08,0.0,30128473278.3769,19749144004.97176,19748308002.416348,10869051582.39759,,-2.0,0.0287047295924565,10879058287.007797,11185007802.353703,8888763181.545542,10880095815.177525,11186026843.602163,8892742526.771994
B_n2_025,free,1.232e-08,0.0,30128473278.3769,25004402351.494106,25005601500.502388,11311904867.774439,11319799003.18959,-4.051468820586381,0.07060685663396384,11311872154.86706,12078768107.66825,9651067722.784016,11319764735.373419,12087008816.905724,9661946197.890043
B_n2_025,fixshift,1.232e-08,0.0,30128473278.3769,21824532057.60431,21826440093.455883,11366446212.894573,,-2.0,0.07166003309581867,11376896874.502754,12159922761.279617,9779518273.483366,11391122958.021324,12174724535.861689,9798581662.041878
B_n2_026,free,1.232e-08,0.0,30128473278.3769,10671668851.574488,10672985615.596067,10644295311.770851,10650825894.602674,-6.188275129985731,-0.02403176556167788,10644259253.45378,10644259253.45378,8193539807.270816,10650791268.799406,10650791268.799406,8200778648.5319195
B_n2_026,fixshift,1.232e-08,0.0,30128473278.3769,3333177723.243396,3335365529.0354857,10784019436.586803,,-2.0,-0.01992771463061206,10793930001.951632,10793930001.951632,8523643741.434489,10805917387.058512,10805917387.058512,8539293108.946437
B_n2_027,free,1.232e-08,0.0,30128473278.3769,55993649465.28017,55992986404.59037,11124810611.662079,11124828046.169283,-1.9940642568329359,-0.008723401484983854,11124786722.007385,11124786722.007385,9592149074.125893,11124804302.456966,11124804302.456966,9592020084.937254
B_n2_027,fixshift,1.232e-08,0.0,30128473278.3769,55989704302.788536,55989037431.72051,11114420461.069746,,-2.0,-0.0087230348338627,11124645035.384502,11124645035.384502,9592059757.305588,11124663494.351374,11124663494.351374,9591927960.13591
B_n2_028,free,1.232e-08,0.0,30128473278.3769,28785176168.603172,28785576446.059498,11531991184.771072,11532597460.525654,-1.9087230285555634,0.010188963917699684,11531966824.191853,11648121854.0126,10461365651.04196,11532572096.402157,11648720021.476913,10462048633.150063
B_n2_028,fixshift,1.232e-08,0.0,30128473278.3769,28820236547.347336,28820604164.513885,11519150842.272972,,-2.0,0.01020613505660874,11529748214.849464,11646071086.128263,10453866866.45506,11530265944.187275,11646581898.503994,10454465085.108341
B_n2_029,free,1.232e-08,0.0,30128473278.3769,28886739204.301582,28887372110.68909,11299740959.26547,11302947607.818937,-4.608338542986038,-0.03466040856604756,11299706498.98082,11299706498.98082,9321048461.923298,11302911966.395634,11302911966.395634,9324600529.670355
B_n2_029,fixshift,1.232e-08,0.0,30128473278.3769,26245009763.548115,26246414979.68477,11379537737.6822,,-2.0,-0.032487561074599686,11389996604.163424,11389996604.163424,9606952006.021185,11400917915.828247,11400917915.828247,9618256309.94467
B_n2_030,free,1.232e-08,0.0,30128473278.3769,28341856072.011906,28343820876.38317,11509651912.552986,11510932147.743376,-2.8015253754356055,0.05747455397413655,11509623541.020058,12148867204.876562,10512106463.03034,11510902409.406273,12150125006.574902,10515097186.99465
B_n2_030,fixshift,1.232e-08,0.0,30128473278.3769,26623707585.95878,26626025850.676773,11521557698.281624,,-2.0,0.05760467895991898,11532153805.856873,12174267405.302425,10543597640.723145,11534915585.604185,12177031533.038637,10548825460.33801
B_n2_031,free,1.232e-08,0.0,30128473278.3769,23459935912.22345,23460275136.486023,10767757715.079092,10768315333.367586,-5.13056264724666,0.007892462768571952,10767723484.87995,10851737068.267725,9329337959.089592,10768281103.999075,10852295518.796886,9331065974.251263
B_n2_031,fixshift,1.232e-08,0.0,30128473278.3769,20252969414.644524,20254657322.35868,10877430173.713114,,-2.0,0.012590474799771243,10887419455.166931,11022765393.967459,9671873239.512434,10890700645.146276,11026049950.424715,9678382930.816631
B_n2_032,free,1.232e-08,0.0,30128473278.3769,26662347042.304348,26661678330.281303,11332568816.090319,11332569233.771826,-3.941922503578233,-0.006843386596241964,11332536426.051563,11332536426.051563,9939836622.602577,11332536856.15274,11332536856.15274,9939804053.10044
B_n2_032,fixshift,1.232e-08,0.0,30128473278.3769,27219172207.381817,27219275300.105232,11383677469.63528,,-2.0,-0.006183776390870035,11394143998.151947,11394143998.151947,9918887332.499361,11394888691.738096,11394888691.738096,9921096777.160067
B_n2_033,free,1.232e-08,0.0,30128473278.3769,44920792032.72283,44921332981.060844,11475556423.23026,11475628215.735588,-3.1289119476392613,0.010847179662601545,11475526743.315145,11598480002.939138,8993030911.662125,11475598283.12485,11598548668.836218,8993663919.714418
B_n2_033,fixshift,1.232e-08,0.0,30128473278.3769,44009479319.859604,44010550790.29895,11498480111.5252,,-2.0,0.011147964447773832,11509053196.126965,11635823970.052574,8973622726.37124,11509823836.944841,11636588709.292864,8976306580.566612
B_n2_034,free,1.232e-08,0.0,30128473278.3769,27618576704.599102,27619209773.055115,11498795058.54472,11502564274.3037,-2.157073365579986,-0.056493650608145395,11498769596.659761,11498769596.659761,8834325694.517393,11502536428.970184,11502536428.970184,8842106380.415066
B_n2_034,fixshift,1.232e-08,0.0,30128473278.3769,27515316195.647667,27515997675.53289,11492167228.783503,,-2.0,-0.056481688395768906,11502738898.792643,11502738898.792643,8843338461.13478,11506894327.8026,11506894327.8026,8851661406.328453
B_n2_035,free,1.232e-08,0.0,30128473278.3769,30236334803.76857,30236761283.428062,11120334385.837381,11129079088.256802,-2.6904393885999593,0.007988794787215663,11120307440.548222,11208195524.05933,9181141827.863577,11129049707.173182,11216973643.697805,9193849290.711992
B_n2_035,fixshift,1.232e-08,0.0,30128473278.3769,29812236243.546795,29813040845.962307,11129097271.710972,,-2.0,0.008353717854218531,11139331127.632381,11231400903.790947,9225580924.16775,11150087295.319452,11242203679.600492,9240610671.482893
B_n2_036,free,1.232e-08,0.0,30128473278.3769,13237886525.946154,13237857455.888342,11239343935.860245,11249477658.474573,-1.0706238457944497,0.008197132195548608,11239324139.2069,11330523298.030142,9601270177.303661,11249454257.431578,11340688796.7375,9616264951.072775
B_n2_036,fixshift,1.232e-08,0.0,30128473278.3769,13127592738.319649,13127386436.33489,11209678664.301817,,-2.0,0.008543561734450918,11219993036.73878,11314828172.88311,9508228359.208391,11227190692.321568,11322047389.443893,9520142884.813515
B_n2_037,free,1.232e-08,0.0,30128473278.3769,41429888649.5481,41431489252.55445,11336218052.231447,11339319559.418152,-1.0031055175955728,-0.019199187303179203,11336198415.825712,11336198415.825712,10192551925.109015,11339297526.934715,11339297526.934715,10196484937.526655
B_n2_037,fixshift,1.232e-08,0.0,30128473278.3769,42766158133.4473,42767233645.37079,11307953191.950533,,-2.0,-0.018446943763458176,11318363980.378016,11318363980.378016,10236597937.891134,11319599885.123846,11319599885.123846,10238362796.506624
B_n2_038,free,1.232e-08,0.0,30128473278.3769,40150867342.15915,40150221183.33406,11156510964.758032,11157243056.743917,-4.644634734280882,-0.012138999642866478,11156476828.178202,11156476828.178202,8619548615.526125,11157208631.398903,11157208631.398903,8622316851.717422
B_n2_038,fixshift,1.232e-08,0.0,30128473278.3769,40305679978.13035,40306230292.36945,11233998158.92603,,-2.0,-0.010106832152038482,11244325417.25719,11244325417.25719,8688116081.633093,11248056374.794384,11248056374.794384,8697197895.647581
B_n2_039,free,1.232e-08,0.0,30128473278.3769,43744115316.33946,43744066193.69348,11696533774.4009,11696803765.031124,-1.4889912139180492,-0.04492428197513495,11696511103.167328,11696511103.167328,8665529607.878044,11696780517.35585,11696780517.35585,8666813612.449646
B_n2_039,fixshift,1.232e-08,0.0,30128473278.3769,43664573405.679184,43664311002.955574,11674221388.051828,,-2.0,-0.04487747844877832,11684963473.291115,11684963473.291115,8659792215.593143,11685022169.950125,11685022169.950125,8660344100.534735
B_n2_040,free,1.232e-08,0.0,30128473278.3769,42589602421.620636,42589911159.77092,11433159270.90599,11433465113.576454,-2.662634146502852,-0.10046727986204322,11433131689.911304,11433131689.911304,8448433929.28475,11433436846.640524,11433436846.640524,8449556357.770488
B_n2_040,fixshift,1.232e-08,0.0,30128473278.3769,42262388731.494446,42263066760.07172,11441152482.094772,,-2.0,-0.10014009784414102,11451673870.034891,11451673870.034891,8434698027.877805,11452651697.725208,11452651697.725208,8437134476.515388
B_n2_041,free,1.232e-08,0.0,30128473278.3769,52075435854.13804,52074841319.77253,10897978769.137506,10898439837.831688,-3.4104983715158776,-0.03745447024402247,10897949510.31262,10897949510.31262,8941537692.10584,10898411146.543299,10898411146.543299,8940291215.757235
B_n2_041,fixshift,1.232e-08,0.0,30128473278.3769,52357340951.4663,52357541104.03623,10934641943.084097,,-2.0,-0.03561334311563375,10944687900.040829,10944687900.040829,9055259240.616623,10944688597.350702,10944688597.350702,9055323032.25058
B_n2_042,free,1.232e-08,0.0,30128473278.3769,35449693036.3417,35449447640.59896,11952646357.682981,11959876398.947374,-1.0636374084928406,-0.07616773426180828,11952625342.59116,11952625342.59116,9063409652.413902,11959852017.920141,11959852017.920141,9074771917.342762
B_n2_042,fixshift,1.232e-08,0.0,30128473278.3769,34986362785.032845,34985619822.081795,11922556726.01668,,-2.0,-0.07564518613896301,11933530491.035658,11933530491.035658,9054858357.461378,11938077130.355236,11938077130.355236,9063056705.590708
B_n2_043,free,1.232e-08,0.0,30128473278.3769,16788648987.701647,16787950920.41017,11803386052.882456,11804477976.472902,-3.091611196512073,-0.0030131090568327676,11803355686.178377,11803355686.178377,8939312837.818806,11804446788.206362,11804446788.206362,8941928148.824505
B_n2_043,fixshift,1.232e-08,0.0,30128473278.3769,17288518574.57067,17288310024.43951,11826733148.72155,,-2.0,-0.0023344949756228376,11837606090.743725,11837606090.743725,8975983344.538069,11840078473.978832,11840078473.978832,8980796549.433353
B_n2_044,free,1.232e-08,0.0,30128473278.3769,25619401308.254707,25618297302.574535,10964724887.39767,10964735004.07914,-3.4749053230834415,0.0006505635188331005,10964695208.532146,10971775682.324636,9251331356.947603,10964705241.797462,10971785637.451372,9251520447.066843
B_n2_044,fixshift,1.232e-08,0.0,30128473278.3769,26809740389.460682,26809245646.551697,11000283416.020597,,-2.0,0.0016197126381035528,11010394498.509163,11028098078.475063,9335055528.835436,11011174264.574608,11028876748.318626,9337350985.062721
B_n2_045,free,1.232e-08,0.0,30128473278.3769,18379642277.510136,18379328157.675426,11315273006.308826,11345315663.492867,1.7025711281267193,-0.028221941148368648,11315265456.061964,11315265456.061964,8541408121.145579,11345302518.58179,11345302518.58179,8572589696.865591
B_n2_045,fixshift,1.232e-08,0.0,30128473278.3769,16099651573.00226,16098726225.677053,11267018806.378578,,-2.0,-0.024439623489317726,11277394459.384153,11277394459.384153,8753279060.458,11286928844.838804,11286928844.838804,8766656356.215586
B_n2_046,free,1.232e-08,0.0,30128473278.3769,24008730436.70681,24007946731.080334,11071656377.340277,11075102468.271605,-2.476737864251607,-0.010382942320602367,11071630458.894716,11071630458.894716,11041066326.652239,11075074517.698984,11075074517.698984,11043348079.32831
B_n2_046,fixshift,1.232e-08,0.0,30128473278.3769,24341956609.851562,24341343118.717106,11073933310.738739,,-2.0,-0.010318601186989549,11084117934.20815,11084117934.20815,11092876837.107094,11088649312.539719,11088649312.539719,11095994945.663805
B_n2_047,free,1.232e-08,0.0,30128473278.3769,51218528305.74861,51219759534.98714,10684121966.880001,10684278557.17773,0.9914983033139644,0.029948212765840133,10684112160.506386,10997811441.357018,10799463902.180908,10684268371.136024,10997958356.23096,10799733223.29007
B_n2_047,fixshift,1.232e-08,0.0,30128473278.3769,51915059776.885574,51914292177.6111,10661216199.025948,,-2.0,0.03630591099643811,10671047695.417639,11049250657.815079,11047102265.390516,10672453552.447824,11050764298.582687,11048050751.70777
B_n2_048,free,1.232e-08,0.0,30128473278.3769,42914517561.918655,42914987998.13893,10998376171.052502,10998424561.05631,-2.4542411482925757,0.024728698462420637,10998350519.620317,11265267949.134605,9678051177.13025,10998398689.209517,11265309326.597296,9678494838.644272
B_n2_048,fixshift,1.232e-08,0.0,30128473278.3769,42655720020.368805,42656389197.63217,11000156181.557108,,-2.0,0.02486981826384282,11010272399.570124,11279036579.44686,9745300054.44618,11010481496.64749,11279233286.287844,9746285637.255203
B_n2_049,free,1.232e-08,0.0,30128473278.3769,36048959198.59824,36049890994.887,11095707579.28386,11104378179.797668,-0.022326531835020032,-0.0875317870284718,11095692946.682455,11095692946.682455,9273570055.341553,11104360207.587093,11104360207.587093,9283017541.685814
B_n2_049,fixshift,1.232e-08,0.0,30128473278.3769,37197963642.557236,37198189721.29316,11055492594.971663,,-2.0,-0.08578289646868645,11065670747.318443,11065670747.318443,9261423402.761745,11069164567.93089,11069164567.93089,9265977621.084454
B_n2_050,free,1.232e-08,0.0,30128473278.3769,31441308893.260265,31440965302.42936,11174597274.341074,11177742904.352058,-2.6050711366189834,0.04767030922713301,11174570561.681103,11691705457.67459,10654763395.752398,11177714693.806593,11694876674.13026,10658276082.37484
B_n2_050,fixshift,1.232e-08,0.0,30128473278.3769,31582292191.336033,31582170260.57267,11180411732.22884,,-2.0,0.0477714140226297,11190694461.595558,11709777680.394917,10665464854.633255,11194898036.991123,11714029003.846285,10670132686.304592
B_n2_051,free,1.232e-08,0.0,30128473278.3769,48581321744.50809,48581736520.91025,10815881970.672901,10816127367.36692,-2.9180052593099233,-0.0010206744886714348,10815854838.258133,10815854838.258133,8326820702.970588,10816100744.561352,10816100744.561352,8325590253.464263
B_n2_051,fixshift,1.232e-08,0.0,30128473278.3769,47920233516.03332,47921258348.521324,10833114682.3207,,-2.0,-0.0004491547335213751,10843071666.30143,10843071666.30143,8350992215.347115,10843072077.718727,10843072077.718727,8351052444.16957
B_n2_052,free,1.232e-08,0.0,30128473278.3769,41022727967.04531,41022570301.43644,11483065339.73174,11485160631.335888,2.2054658841012658,-0.03934549396285294,11483059493.338518,11483059493.338518,8375686172.581526,11485153901.71612,11485153901.71612,8380493773.882272
B_n2_052,fixshift,1.232e-08,0.0,30128473278.3769,37250824226.71857,37249196446.053055,11431339393.788685,,-2.0,-0.03524801233696774,11441865601.55962,11441865601.55962,9087571193.28001,11442096616.064957,11442096616.064957,9086453604.992395
B_n2_053,free,1.232e-08,0.0,30128473278.3769,46454812842.91889,46453120950.897766,11483808334.214304,11486647030.135788,0.3123372209216616,-0.00118203982959456,11483794764.10947,11483794764.10947,10257241399.037285,11486631764.90704,11486631764.90704,10261017489.918884
B_n2_053,fixshift,1.232e-08,0.0,30128473278.3769,41192528335.3896,41189739795.59911,11449568031.129698,,-2.0,0.0028345325191627925,11460118549.36704,11492346269.673517,10495483352.273535,11460351540.83064,11492577710.191036,10496063554.345407
B_n2_054,free,1.232e-08,0.0,30128473278.3769,22723355177.443058,22722682118.367535,10973694961.166998,10974476440.35418,-0.7567894967132545,-0.019869642292754067,10973677106.117096,10973677106.117096,9459302091.100988,10974457444.194963,10974457444.194963,9461159569.367203
B_n2_054,fixshift,1.232e-08,0.0,30128473278.3769,21740739072.5799,21739838742.199463,10942000131.218485,,-2.0,-0.019382293640309883,10952072539.362574,10952072539.362574,9428205136.708738,10952080756.554792,10952080756.554792,9428343154.475756
B_n2_055,free,1.232e-08,0.0,30128473278.3769,44732486516.106064,44734618918.34562,11270262038.933197,11271289548.814703,-1.584415996452404,-0.05474966029958716,11270239748.162983,11270239748.162983,9806454601.488914,11271265937.347548,11271265937.347548,9808620453.209656
B_n2_055,fixshift,1.232e-08,0.0,30128473278.3769,45571417306.1022,45573321684.04188,11250918375.540466,,-2.0,-0.05461635981264005,11261271801.507656,11261271801.507656,9807965999.123196,11261831852.32064,11261831852.32064,9809390202.61664
B_n2_056,free,1.232e-08,0.0,30128473278.3769,34561231492.13548,34562099434.82492,11272727086.52733,11273415509.665285,-1.8696644722431295,0.023566392974658987,11272703452.474773,11758853685.367676,10203952161.337826,11273390899.527443,11759481196.608707,10206459385.659107
B_n2_056,fixshift,1.232e-08,0.0,30128473278.3769,34670878046.49491,34671692106.44382,11259265380.5344,,-2.0,0.023565468001777008,11269623747.224632,11755881123.852505,10210722123.995192,11270191052.81307,11756392179.989965,10212940153.16798
B_n2_057,free,1.232e-08,0.0,30128473278.3769,44981522611.62829,44981618928.745,11779706429.58552,11786866005.616571,-1.5025516306590956,0.0074808622860072305,11779683532.81232,11866929123.79519,11794687910.143211,11786840217.975813,11874109346.357767,11802552324.29712
B_n2_057,fixshift,1.232e-08,0.0,30128473278.3769,44979570195.94313,44979466065.905106,11757579068.488646,,-2.0,0.007707989645603914,11768398081.605198,11858176986.836933,11813909838.685791,11774230773.47777,11864027698.593483,11820357685.867924
B_n2_058,free,1.232e-08,0.0,30128473278.3769,38553425518.965294,38553165552.8922,11247253564.784092,11252452261.997095,-0.09311552928612879,0.041742993100002165,11247238400.805704,11704769939.292885,10942668915.737782,11252434694.688326,11710030754.699818,10950285966.031689
B_n2_058,fixshift,1.232e-08,0.0,30128473278.3769,37330264622.2147,37329254315.925705,11212699743.662712,,-2.0,0.04483568321938605,11223028502.436697,11712287087.980915,11172936679.340586,11224707394.704567,11713950100.202879,11175913475.356956
B_n2_059,free,1.232e-08,0.0,30128473278.3769,23572513786.86976,23571496088.706627,11713798047.716837,11714393394.337511,-0.1430429677583037,-0.008282230788713088,11713782009.72446,11713782009.72446,10409698176.324783,11714378283.862259,11714378283.862259,10409348813.101927
B_n2_059,fixshift,1.232e-08,0.0,30128473278.3769,21052005625.806965,21050327497.383347,11673814439.223005,,-2.0,-0.007253758939000169,11684562922.091305,11684562922.091305,10406368252.34593,11688262981.632788,11688262981.632788,10407096268.645025
B_ar_000,free,6.16e-09,0.5,30128473278.3769,25743626269.062744,25744066988.71624,5422366293.171193,5429324666.004927,1.4673391768510706,0.41336981296136294,5422362245.452794,7831210531.969652,7197460399.023439,5429318647.732171,7840061037.9882765,7207648680.786051
B_ar_000,fixshift,6.16e-09,0.5,30128473278.3769,25588420552.379498,25587847199.521687,5434211754.156736,,-2.0,0.423858378014244,5439236726.047561,7948367138.745376,7589854148.982426,5440595001.348872,7949665239.274616,7592022650.272651
B_ar_001,free,6.16e-09,0.5,30128473278.3769,35963417749.760956,35964229301.1477,5474245318.639453,5479670465.30385,-0.35337974206029316,0.5214506292949974,5474237345.0908165,8897841440.120064,7346395662.152408,5479660292.405323,8904557473.833355,7358677518.092101
B_ar_001,fixshift,6.16e-09,0.5,30128473278.3769,36791358274.18467,36791551795.14424,5467568669.818268,,-2.0,0.5247022506417095,5472616118.012398,8938053293.85414,7383878774.066753,5475125068.16876,8940718005.586882,7391101390.604709
B_ar_002,free,6.16e-09,0.5,30128473278.3769,39102812059.323105,39104063794.36715,5669435435.710646,5670763637.321607,-2.019328149080158,0.47395409897279084,5669423204.499783,10224132960.498585,9743171867.622545,5670750355.50018,10223844350.163147,9743344547.037304
B_ar_002,fixshift,6.16e-09,0.5,30128473278.3769,39078526033.44727,39079786849.7003,5664450410.831505,,-2.0,0.4739645960701165,5669661115.155738,10225716963.539001,9744337697.65026,5671008677.891936,10225441488.670132,9744527263.383204
B_ar_003,free,6.16e-09,0.5,30128473278.3769,45251167229.163536,45251455554.11622,5636651591.7380295,5636651747.309981,-2.3001589828017077,0.47589586420139796,5636638794.811025,9402916879.14963,9068266007.572325,5636638939.592603,9402903771.119614,9068257991.582756
B_ar_003,fixshift,6.16e-09,0.5,30128473278.3769,45140546929.02905,45140995476.33279,5635936984.871202,,-2.0,0.47603761641729636,5641116744.573436,9414127665.084137,9090372578.21802,5641138464.2435465,9413996782.642197,9090298371.601692
B_ar_004,free,6.16e-09,0.5,30128473278.3769,11583011173.808207,11583546734.482197,5221633130.196231,5224386683.076967,-0.2523742258179893,0.42312159163281976,5221625743.041533,7500917901.192908,6588769213.244531,5224377611.5728035,7503963742.998467,6593175884.972798
B_ar_004,fixshift,6.16e-09,0.5,30128473278.3769,12127214362.041374,12127302844.922089,5209344958.855852,,-2.0,0.4257244025350763,5214147309.757114,7509820802.2936,6717086060.199196,5214744717.333296,7510256635.605125,6718141236.357418
B_ar_005,free,6.16e-09,0.5,30128473278.3769,43164357048.542885,43164114831.446106,5787102370.636765,5787351337.909142,-1.6094956786292065,0.4754750329713361,5787090867.759426,8624855112.723314,6645204172.458166,5787339448.872669,8624964528.449203,6646589205.885044
B_ar_005,fixshift,6.16e-09,0.5,30128473278.3769,43033136862.10865,43032707065.26326,5777820414.41825,,-2.0,0.4755897760997111,5783139307.978946,8619844513.726337,6636066137.742819,5783262107.091376,8619847614.736917,6636997847.068583
B_ar_006,free,6.16e-09,0.5,30128473278.3769,38438594181.54444,38437958297.95117,5113412193.341968,5114146565.967198,-5.079068407114987,0.48616916013373773,5113396003.791699,8552204808.982181,7191901488.226395,5114130274.964937,8553002038.541312,7194356988.090705
B_ar_006,fixshift,6.16e-09,0.5,30128473278.3769,38152370877.07184,38153215203.78571,5216496336.905704,,-2.0,0.4980279264872071,5221254358.858032,8924910015.546614,7632226100.930233,5224082542.701851,8927811082.67805,7638490475.763118
B_ar_007,free,6.16e-09,0.5,30128473278.3769,35311513282.798546,35312363746.32149,5703776403.369821,5703974491.398183,-2.4262975170618275,0.46405479954013945,5703763171.260801,8995771064.509085,8317955788.458329,5703960889.98269,8995700476.555796,8318254781.069036
B_ar_007,fixshift,6.16e-09,0.5,30128473278.3769,34901971777.181496,34903042265.13636,5705591653.645295,,-2.0,0.4643594851207092,5710832762.768388,9011585066.47536,8335429917.640642,5711227816.9348345,9011646087.629421,8336000295.46942
B_ar_008,free,6.16e-09,0.5,30128473278.3769,34608236131.58974,34607543625.05455,5523290778.449899,5523329327.453202,-1.993725082856163,0.447108005847348,5523278923.430067,8303721426.710897,6882557469.419163,5523317633.374221,8303912793.147704,6882148647.042032
B_ar_008,fixshift,6.16e-09,0.5,30128473278.3769,34603884661.61275,34603189861.77962,5518128415.185357,,-2.0,0.44711001764467284,5523204816.206446,8303593474.730385,6882252894.383495,5523244543.284946,8303788053.206066,6881839114.143092
B_ar_009,free,6.16e-09,0.5,30128473278.3769,27197509365.052963,27197756066.913757,5304907348.337085,5305137333.976391,-4.924636475003825,0.47325572527932674,5304890746.053801,8659376482.046232,8019633286.105641,5305120793.10018,8660021979.501942,8019725878.073772
B_ar_009,fixshift,6.16e-09,0.5,30128473278.3769,25191715092.298897,25192837206.45512,5377253420.521672,,-2.0,0.4805069273072896,5382177235.816614,8895336478.921965,8196385908.701189,5382263627.773607,8895147145.192173,8196580593.543345
B_ar_010,free,6.16e-09,0.5,30128473278.3769,21511670106.10658,21512418156.31068,5423591517.002323,5426814535.470739,-2.1084438290688827,0.47118712250643713,5423579614.545192,9670930886.55005,9249086319.555775,5426801390.366413,9673161374.95636,9251810684.094118
B_ar_010,fixshift,6.16e-09,0.5,30128473278.3769,21428838070.378128,21429617431.595085,5419907503.192134,,-2.0,0.4711498814135275,5424892793.54849,9675800128.316246,9257327622.886786,5428252369.184425,9678176501.114155,9260189188.778517
B_ar_011,free,6.16e-09,0.5,30128473278.3769,36511725563.39823,36511502493.69931,5381268966.63475,5381276876.821077,-2.6904354282412024,0.4557579792895142,5381255934.984815,8253002608.676068,7814164796.126968,5381263910.856948,8253077258.718421,7814211171.760264
B_ar_011,fixshift,6.16e-09,0.5,30128473278.3769,36535889577.54351,36536041224.87719,5388679816.37114,,-2.0,0.4562113907154534,5393625941.18952,8275194678.570981,7770585429.734617,5393659994.957848,8275109013.320502,7770583234.124398
B_ar_012,free,6.16e-09,0.5,30128473278.3769,24946837120.63838,24947009046.23345,6021906792.845307,6028800458.205793,2.5687616582799664,0.5299631785530664,6021904347.336985,10531429005.956783,9733848691.269981,6028797007.594361,10541141673.15809,9744201323.20616
B_ar_012,fixshift,6.16e-09,0.5,30128473278.3769,23383671202.68051,23382761533.729248,6038422756.872996,,-2.0,0.5388697759527161,6044002394.833137,10880885798.448202,10233707387.69677,6045172202.112356,10881051107.74011,10234658418.88108
B_ar_013,free,6.16e-09,0.5,30128473278.3769,14026904919.232569,14027134098.853155,5568353323.273589,5570145385.783239,-0.41862167217596397,0.4848474282915415,5568345059.853241,8404028947.306977,7147226076.945411,5570136083.098251,8405837085.007673,7152047698.7921
B_ar_013,fixshift,6.16e-09,0.5,30128473278.3769,14021085030.671658,14020858884.858452,5560337278.4453335,,-2.0,0.4870242104172085,5565468836.917612,8430509851.043055,7325782069.81461,5566014969.931566,8430835307.278615,7327788819.778978
B_ar_014,free,6.16e-09,0.5,30128473278.3769,52560850348.06516,52561124497.03459,5362715942.117165,5362778604.300495,-2.1372242179513976,0.46298977365751764,5362704118.710578,8056958754.488183,7405426700.254471,5362766577.198521,8056916442.967716,7405536524.586094
B_ar_014,fixshift,6.16e-09,0.5,30128473278.3769,52517998502.53928,52518348367.617966,5359539892.943897,,-2.0,0.4630939871236568,5364467938.96094,8062428042.0493145,7419767097.109737,5364561770.228644,8062400059.00563,7419919668.437397
B_ar_015,free,6.16e-09,0.5,30128473278.3769,42634888667.6237,42635339223.07354,5508044130.157428,5509530723.741771,-3.5508047038281867,0.4736177419269797,5508029081.976072,9047119823.6637,8864729332.437431,5509516405.867628,9050540388.334501,8868137388.578196
B_ar_015,fixshift,6.16e-09,0.5,30128473278.3769,41315455643.55069,41316705091.61461,5534766561.68983,,-2.0,0.47597647259895765,5539844198.268132,9168855846.063437,9006504945.494642,5540270628.316836,9170228938.041546,9007901643.678493
B_ar_016,free,6.16e-09,0.5,30128473278.3769,27470008988.9318,27469306176.428684,5076553386.044592,5077171293.479104,-3.308237583689596,0.3541598612453405,5076539943.69197,6878521155.196342,5343976655.793028,5077158282.356322,6879625447.936718,5342960522.285381
B_ar_016,fixshift,6.16e-09,0.5,30128473278.3769,28122000083.021843,28121708884.36297,5092823885.732285,,-2.0,0.3558799962072899,5097501475.881981,6923292593.669731,5360933014.140709,5097625800.584689,6923605998.092663,5360288014.720314
B_ar_017,free,6.16e-09,0.5,30128473278.3769,17073266653.323704,17073366616.163456,5329847920.649129,5329929503.342673,-0.7996266522591968,0.4671046821341973,5329839146.110092,8285035675.398726,6805916548.247877,5329920484.736979,8284936446.5050955,6806565906.562411
B_ar_017,fixshift,6.16e-09,0.5,30128473278.3769,17051398757.019285,17051259874.370142,5314859487.132069,,-2.0,0.46798348385243005,5319752263.642078,8281637821.542614,6783536820.16815,5319800587.396988,8281885685.234669,6783125569.931112
B_ar_018,free,6.16e-09,0.5,30128473278.3769,36534077127.77094,36534119808.01169,5444184954.31992,5444197453.31031,-3.9279735645572633,0.4839525927484945,5444169426.454544,8635916293.204777,7444567653.591305,5444181984.272737,8636012783.56601,7444369614.006894
B_ar_018,fixshift,6.16e-09,0.5,30128473278.3769,35784707928.827866,35785454292.31916,5494808725.548863,,-2.0,0.4893207286576822,5499834016.443425,8815032794.583387,7539739206.375911,5500195599.331164,8815033510.454372,7541387730.94744
B_ar_019,free,6.16e-09,0.5,30128473278.3769,31569388388.939068,31569743105.04379,5500238548.05427,5504305806.1693125,-1.7946660268847676,0.4674834694437618,5500227191.5119915,8620039591.708029,8403216711.8241,5504293054.874653,8624747024.621506,8408274793.737986
B_ar_019,fixshift,6.16e-09,0.5,30128473278.3769,31633791237.06079,31634063525.23308,5492957087.283887,,-2.0,0.4675156026933081,5498011825.681241,8615322638.195417,8393565602.934993,5501802862.647307,8619679970.271929,8398283020.915565
B_ar_020,free,6.16e-09,0.5,30128473278.3769,25070070348.097218,25070751990.414223,5457047602.836618,5458451830.008617,-1.2489377740248502,0.4608197048783519,5457037580.067402,8117352296.055537,6709065183.040536,5458440734.005006,8118659283.129525,6713204003.076846
B_ar_020,fixshift,6.16e-09,0.5,30128473278.3769,25460251589.19815,25460608859.530804,5446377310.824982,,-2.0,0.4613532316890882,5451394347.401854,8118700479.382649,6771587340.935844,5452130481.30185,8119245883.50871,6774173563.598099
B_ar_021,free,6.16e-09,0.5,30128473278.3769,25421884461.26105,25420692620.647232,5523585112.315074,5523850391.771198,-2.9306993518315463,0.45069903316748877,5523571233.046068,8456520055.391405,7793670579.631025,5523836837.702961,8457256083.090316,7793944481.351448
B_ar_021,fixshift,6.16e-09,0.5,30128473278.3769,26397149867.51668,26396246729.189903,5535115247.375393,,-2.0,0.45153711323612217,5540197345.152284,8487998169.939382,7817673573.619351,5540231658.661148,8488181881.465265,7817695138.509919
B_ar_022,free,6.16e-09,0.5,30128473278.3769,34524391479.10638,34523130617.60794,5462691134.391638,5462832099.459977,-2.4912761980806857,0.4579270275458884,5462678320.797006,8373094079.476113,7400069829.975673,5462819030.305953,8373045875.680993,7400651511.848161
B_ar_022,fixshift,6.16e-09,0.5,30128473278.3769,35091683016.749245,35090634601.98651,5465138994.703571,,-2.0,0.4579588166859245,5470160718.23953,8382418323.333801,7376195743.766891,5470465135.1369505,8382481069.649564,7377194067.115257
B_ar_023,free,6.16e-09,0.5,30128473278.3769,23327033985.4345,23328421970.67038,5365165580.822107,5365221668.841082,-0.02365291265538176,0.46140854013249477,5365158506.165706,8249878156.158842,7815515044.208114,5365214404.21047,8249802793.88863,7815522025.300663
B_ar_023,fixshift,6.16e-09,0.5,30128473278.3769,25412521784.375366,25413238944.084396,5348550108.578216,,-2.0,0.46159039380730255,5353476999.617837,8232758528.154381,7759019572.396952,5353804183.622353,8233661568.895035,7759669124.748886
B_ar_024,free,6.16e-09,0.5,30128473278.3769,39897590639.60572,39897781704.77323,5472223730.536126,5472231280.728397,-3.7051215126749755,0.4961302498325651,5472208501.369735,8584788172.068199,7529230215.596849,5472216007.752178,8584750420.251387,7529295265.942576
B_ar_024,fixshift,6.16e-09,0.5,30128473278.3769,38938695497.92152,38939619151.29153,5499090802.37428,,-2.0,0.497547580736136,5504139850.181878,8652396016.357407,7501363083.5592165,5504575149.953199,8652586425.637081,7502476584.526778
B_ar_025,free,6.16e-09,0.5,30128473278.3769,22191372811.990738,22191920114.299355,5676359378.109602,5680315820.97907,-2.469005399076886,0.5439945091086873,5676346109.7676115,9887784479.125158,9507563383.219387,5680300803.048651,9892181392.666681,9511949212.338446
B_ar_025,fixshift,6.16e-09,0.5,30128473278.3769,21892516719.475452,21893243807.534218,5678056664.253376,,-2.0,0.5439461779935154,5683276025.6427355,9902573781.335299,9550635363.920479,5688139741.550313,9908162925.286493,9556064080.9183
B_ar_026,free,6.16e-09,0.5,30128473278.3769,15236787814.67088,15238524265.164833,5274632771.170652,5288500799.951982,0.7514354371099833,0.4257637151913147,5274627451.5058775,7702887803.772138,7122136649.471756,5288492178.638342,7720925627.937183,7141460063.393322
B_ar_026,fixshift,6.16e-09,0.5,30128473278.3769,19255774912.79683,19256935981.690613,5285221114.922621,,-2.0,0.4345606125647283,5290110649.773644,7848127931.616015,7346200062.499581,5296019582.795844,7855197736.771679,7354597341.210423
B_ar_027,free,6.16e-09,0.5,30128473278.3769,28098673355.261513,28100328057.92417,5423019807.965681,5423103345.988058,-4.554342938555905,0.505823158992277,5423003353.080674,9384902241.77049,8985398369.744331,5423087002.313392,9385370422.353104,8985767412.368738
B_ar_027,fixshift,6.16e-09,0.5,30128473278.3769,22261450806.65774,22264381697.623825,5497116785.637301,,-2.0,0.512748330504135,5502141865.190035,9676230907.78281,9189656868.906212,5502553444.853857,9675806141.322622,9189550784.594334
B_ar_028,free,6.16e-09,0.5,30128473278.3769,22544618739.232986,22543992671.558968,5192252026.637087,5196772177.566709,-0.23260175654301402,0.43470120117228894,5192244722.03737,9068780373.495737,8554914756.121093,5196763700.135823,9072691514.39994,8559885214.053345
B_ar_028,fixshift,6.16e-09,0.5,30128473278.3769,21045675070.883442,21044612336.03084,5178221741.371993,,-2.0,0.43597220379384505,5182993322.182048,9143775932.664268,8618681895.267365,5185758197.990251,9145139202.26851,8621098796.723562
B_ar_029,free,6.16e-09,0.5,30128473278.3769,24139972356.772846,24141001850.59295,5305057341.941897,5306108782.622217,-2.487272762870656,0.44307829205960253,5305044902.673668,7862016405.71178,6488900883.445276,5306095654.108625,7862971698.651752,6492241566.281919
B_ar_029,fixshift,6.16e-09,0.5,30128473278.3769,23608356006.311172,23609508578.96505,5306864323.848945,,-2.0,0.443440442388092,5311742596.829589,7881571660.287161,6561796469.268194,5313179775.535159,7882957259.58318,6565779357.548021
B_ar_030,free,6.16e-09,0.5,30128473278.3769,28938588003.47951,28939007650.618122,6008422647.861756,6009006657.221768,-1.2872496074641482,0.5356554205558062,6008411513.748239,10566429009.647528,10018942621.881056,6008996185.040686,10568580955.942276,10020612835.226562
B_ar_030,fixshift,6.16e-09,0.5,30128473278.3769,29155611267.3145,29155800313.30918,5996100167.605621,,-2.0,0.5359690124938388,6001621197.467786,10569053515.447666,10023412285.727861,6002764262.1304865,10572637175.185217,10026253188.105448
B_ar_031,free,6.16e-09,0.5,30128473278.3769,20502186938.76173,20503603284.772305,5369463203.017052,5374344410.018314,1.2109065523052647,0.46900499364316545,5369458714.262651,9164019204.73694,8456477966.599256,5374338498.644938,9169614421.032307,8463768832.089631
B_ar_031,fixshift,6.16e-09,0.5,30128473278.3769,23287229131.212646,23287535858.59181,5353934331.980107,,-2.0,0.47201166182942844,5358868659.273204,9186907291.374428,8492410449.487854,5359910651.113807,9187152240.245466,8493734819.548668
B_ar_032,free,6.16e-09,0.5,30128473278.3769,43368787617.78847,43368405826.68582,5370197225.576947,5370616468.180238,-3.067594514879156,0.4680227900201273,5370183463.995781,8974114064.16901,8577944055.268594,5370603147.275291,8975514074.068628,8579130026.627106
B_ar_032,fixshift,6.16e-09,0.5,30128473278.3769,43474967961.33982,43475148412.12395,5388078566.984692,,-2.0,0.4692739901162126,5393018110.684061,9025569775.172066,8614944380.489897,5393075826.008711,9025953257.136478,8615245911.859745
B_ar_033,free,6.16e-09,0.5,30128473278.3769,1301079892.661606,1299813787.2150605,5342768052.772749,5344385385.640161,-1.4005669517914936,0.4743775134370843,5342757894.954167,9401424582.156944,9229184474.407497,5344374338.138453,9402049957.5911,9229770923.655508
B_ar_033,fixshift,6.16e-09,0.5,30128473278.3769,521667844.6372358,520335132.729931,5332363275.549547,,-2.0,0.4745636111027571,5337272074.276404,9418850388.446815,9271817113.615072,5338419254.826673,9418991572.974474,9271841659.736252
B_ar_034,free,6.16e-09,0.5,30128473278.3769,53353985825.16925,53353474908.41901,5624209481.45401,5625075827.944786,-2.570338103041981,0.4849246657888814,5624196119.543602,9137390840.2373,8326971978.666895,5625063133.537213,9139603397.283216,8327943103.182412
B_ar_034,fixshift,6.16e-09,0.5,30128473278.3769,53544617342.81612,53544459006.94901,5629150748.439801,,-2.0,0.48537722185681115,5634319171.29783,9164829198.131025,8342534454.740106,5634833647.129847,9166315382.83154,8343068055.630438
B_ar_035,free,6.16e-09,0.5,30128473278.3769,35874070862.49858,35873901715.928505,5543953592.883914,5544122858.66456,-5.703508953792217,0.44744469213465515,5543935302.818095,8215693396.250315,7703264195.433524,5544104632.718534,8215880038.787812,7703467893.66458
B_ar_035,fixshift,6.16e-09,0.5,30128473278.3769,33115770089.12302,33117471684.23184,5674883964.753283,,-2.0,0.46218906164284757,5680063855.365491,8655697557.444489,8372696430.756396,5681371623.636368,8656858909.80238,8373749533.969441
B_ar_036,free,6.16e-09,0.5,30128473278.3769,30950365517.338814,30950926857.60413,5057864783.106212,5058294544.028755,-2.4493081840245954,0.4123067428150794,5057853003.536461,7941255657.014655,7080775126.2517185,5058282252.826755,7941325784.0079775,7081859043.537188
B_ar_036,fixshift,6.16e-09,0.5,30128473278.3769,30646371777.940838,30647162468.08417,5059752898.441313,,-2.0,0.41268104804435074,5064401057.101849,7959530286.814134,7078590513.674045,5065105459.153364,7959831157.302631,7080200662.964672
B_ar_037,free,6.16e-09,0.5,30128473278.3769,26978636533.293026,26979731358.991924,5852202006.72188,5853339693.542572,-0.990370602337822,0.49843867578563883,5852191903.861717,9271592863.21427,8955547362.474215,5853328468.748517,9272475661.724052,8956709954.920227
B_ar_037,fixshift,6.16e-09,0.5,30128473278.3769,27956762221.248775,27957603516.537975,5839772358.678002,,-2.0,0.4991952090633677,5845153337.587135,9278254747.638062,8981560227.247875,5845458504.139877,9278273282.522644,8981734822.253925
B_ar_038,free,6.16e-09,0.5,30128473278.3769,32863549128.56082,32863867853.387436,5567754221.904412,5568714313.233514,-2.0250812644235516,0.473849844320162,5567742197.444577,8732910168.795065,8201992125.249415,5568701390.123833,8733627084.399963,8203211790.817703
B_ar_038,fixshift,6.16e-09,0.5,30128473278.3769,32855447026.908924,32855774038.990204,5562928977.121716,,-2.0,0.47385214576423,5568046237.492771,8733374757.892868,8201865988.844911,5569028136.216878,8734116583.368652,8203115983.676255
B_ar_039,free,6.16e-09,0.5,30128473278.3769,30800141666.312992,30800915095.70708,5385066183.24713,5385091603.887244,-3.2957638537706173,0.4243723479841948,5385051942.133789,8569062406.800645,7344797829.979154,5385077463.184991,8569246158.646516,7344592082.374624
B_ar_039,fixshift,6.16e-09,0.5,30128473278.3769,29494652882.873707,29495886919.035625,5405136145.804146,,-2.0,0.4270213630999473,5410095874.118855,8652997608.414661,7448671505.920359,5410203719.946285,8652819852.976772,7449236442.398266
B_ar_040,free,6.16e-09,0.5,30128473278.3769,16068860339.180838,16067327261.676083,5305820392.138723,5306229489.29851,0.5761345073287446,0.4244234707399467,5305814680.503438,8494802447.200494,7883940631.481983,5306223336.043043,8494787772.521587,7884341305.005334
B_ar_040,fixshift,6.16e-09,0.5,30128473278.3769,11318956914.20441,11316849417.27871,5318887141.240414,,-2.0,0.4320977314968531,5323809507.734628,8650983965.082329,8035158677.406863,5323911178.036619,8651563691.404985,8035415085.2132015
B_ar_041,free,6.16e-09,0.5,30128473278.3769,15805310215.459064,15805353814.456795,5921020133.844494,5929889992.410546,1.7403987965833458,0.5335907599238937,5921016258.869418,10156788741.996986,8605864422.781918,5929884258.330942,10169178829.766169,8622436463.779652
B_ar_041,fixshift,6.16e-09,0.5,30128473278.3769,14029897804.243105,14028846022.364145,5943557883.026087,,-2.0,0.5406468420866376,5949056645.247652,10349150573.050894,9059320318.16839,5951242421.463839,10350930630.487143,9064118755.341986
B_ar_042,free,6.16e-09,0.5,30128473278.3769,27271226562.942574,27272541961.923874,5781099304.265058,5781639699.555339,-7.337903245066907,0.5127505821859301,5781078823.026791,9207171731.761282,7394204819.386267,5781619618.94952,9208164335.021471,7395805464.622954
B_ar_042,fixshift,6.16e-09,0.5,30128473278.3769,16232653358.000076,16235448148.744694,5923247727.015626,,-2.0,0.5208786726244363,5928680038.704398,9573991737.446177,7883276522.733269,5931560639.833518,9577076874.904085,7890260835.460339
B_ar_043,free,6.16e-09,0.5,30128473278.3769,29622470286.361195,29623324790.628395,5287769315.198529,5292481315.093634,-0.7771917208806491,0.414576416012798,5287760669.06612,7854929089.932374,6794812464.115922,5292470641.265073,7860308010.089803,6804642222.935718
B_ar_043,fixshift,6.16e-09,0.5,30128473278.3769,30319689055.675255,30319979678.085636,5278430023.591918,,-2.0,0.4168423924686884,5283298527.452998,7894501831.286544,6837393533.379441,5285953011.823108,7897239911.147699,6843834131.269613
B_ar_044,free,6.16e-09,0.5,30128473278.3769,24143593912.675106,24142748722.5631,5600447759.61011,5601352795.565289,-2.154396928375856,0.5079802050611597,5600435368.111665,9351016342.896452,8629665308.137411,5601339723.815473,9351495770.575832,8631448616.47177
B_ar_044,fixshift,6.16e-09,0.5,30128473278.3769,24271586715.56943,24270773781.122826,5597276251.765806,,-2.0,0.5080015082207877,5602424040.697569,9352548853.41659,8621662219.348322,5603438221.829455,9353140784.114832,8623638711.436125
B_ar_045,free,6.16e-09,0.5,30128473278.3769,40049396138.83736,40049376402.7184,5512518242.067,5512740518.751981,-3.3693954693672397,0.4190683482643373,5512503523.18239,8226076152.105921,7156282706.87177,5512726048.239187,8226663239.815522,7156314564.762085
B_ar_045,fixshift,6.16e-09,0.5,30128473278.3769,39670132269.922104,39670705856.271225,5536639106.385609,,-2.0,0.420620895810901,5541716720.415147,8289414551.403691,7269532638.882697,5541717558.411263,8289434710.994129,7269522913.793228
B_ar_046,free,6.16e-09,0.5,30128473278.3769,33975838117.321407,33975325183.93518,5624970233.2340765,5625190629.383134,-2.8534243953748057,0.5161457441104974,5624956263.699143,9310627957.38253,8559531549.474012,5625176382.409294,9310542219.06661,8560028480.545062
B_ar_046,fixshift,6.16e-09,0.5,30128473278.3769,34273211171.31794,34273031072.35078,5636898553.657148,,-2.0,0.5173850250129017,5642070035.663587,9372311365.752516,8666428381.634195,5642639446.827814,9372455180.04995,8667394337.796295
B_ar_047,free,6.16e-09,0.5,30128473278.3769,36775232673.90176,36775949990.29368,5898946552.522771,5899244561.736331,-4.455075194433236,0.5485364460043346,5898928807.236814,9984512330.17993,8843957446.790493,5899227038.812802,9985373857.2871,8844187603.478498
B_ar_047,fixshift,6.16e-09,0.5,30128473278.3769,33617377735.6013,33619239087.02785,5960378214.507056,,-2.0,0.5520895333857557,5965837783.130007,10164369130.131983,9117674114.263113,5965953027.800684,10164195333.300844,9117870352.826347
B_ar_048,free,6.16e-09,0.5,30128473278.3769,36170430583.07868,36170661319.40131,5356521709.947584,5357136648.994736,-4.6821027470954215,0.47000712419499024,5356505277.93864,8653832797.815655,7202446409.973694,5357120419.023914,8655310741.15892,7202054978.328127
B_ar_048,fixshift,6.16e-09,0.5,30128473278.3769,33998211896.817234,33999602837.945583,5439890889.817012,,-2.0,0.4798996260307604,5444858610.572717,8989463289.374857,7735527609.576228,5444858985.28131,8989441753.12561,7735545069.444151
B_ar_049,free,6.16e-09,0.5,30128473278.3769,25936839817.185722,25937123983.66471,5391539655.238846,5391788356.34617,-3.2813620479053474,0.4275686267388409,5391525424.180481,8068809049.361597,6329062762.053229,5391773822.159313,8068889560.971137,6330811115.986753
B_ar_049,fixshift,6.16e-09,0.5,30128473278.3769,25239254032.420174,25240062349.98099,5413628953.5127945,,-2.0,0.4299631776437365,5418592589.0321245,8158973709.420126,6564203856.114518,5419545507.805061,8159705369.046282,6567789490.74443
B_ar_050,free,6.16e-09,0.5,30128473278.3769,39478593677.27161,39478215967.185616,5791604305.300256,5795298516.599545,-3.7636778524629704,0.5156000129301785,5791588082.178706,9249232143.407316,8892519868.257526,5795283588.835608,9256306514.129475,8898891648.313976
B_ar_050,fixshift,6.16e-09,0.5,30128473278.3769,39199641416.03402,39200331771.17098,5837356887.870436,,-2.0,0.5201146251186114,5842698030.491339,9405077080.235138,9068409827.662159,5844121157.029547,9408338783.987457,9071257811.957197
B_ar_051,free,6.16e-09,0.5,30128473278.3769,36544820792.85236,36545544050.938225,5734687618.615823,5735143442.828872,-2.716667557954201,0.4774442348237316,5734673671.722277,8854105268.83952,8543849622.922991,5735129987.673047,8855260356.82067,8545100366.290753
B_ar_051,fixshift,6.16e-09,0.5,30128473278.3769,35921830533.34686,35922845977.0748,5742111114.577169,,-2.0,0.4783955608964659,5747384288.237501,8897586745.509026,8622687770.808813,5747541293.822461,8898119065.989689,8623302831.070858
B_ar_052,free,6.16e-09,0.5,30128473278.3769,32771927501.894367,32771376820.87065,5799430995.906235,5799888979.02114,-2.5704002698825583,0.5354259742294586,5799417211.010576,10628719049.047667,9884262426.22255,5799874757.677533,10628089282.586525,9884356317.692055
B_ar_052,fixshift,6.16e-09,0.5,30128473278.3769,33054193716.600716,33053755763.400757,5803208925.347755,,-2.0,0.5356872580520972,5808541760.494054,10660134860.329279,9907567266.888458,5809304917.588857,10659573125.611986,9907917176.07697
B_ar_053,free,6.16e-09,0.5,30128473278.3769,42735136042.99547,42734741804.57327,5401633000.436163,5402184080.839505,-0.37732944205964375,0.49753414055178113,5401625082.762928,9259968092.556383,8710549777.15709,5402175549.119282,9259978673.632185,8710994894.723589
B_ar_053,fixshift,6.16e-09,0.5,30128473278.3769,41270265832.85318,41268864382.89222,5405635744.473807,,-2.0,0.5014691267463067,5410638937.322927,9353133891.57314,8926693442.200108,5410645004.698432,9353040072.699045,8926633771.525887
B_ar_054,free,6.16e-09,0.5,30128473278.3769,31081672139.852936,31080856528.13567,6026716247.356537,6026721847.947904,-2.8540434574823146,0.5560856268474657,6026701272.773565,10658980061.163868,9451453640.534191,6026706825.383414,10658882115.28097,9451530491.600603
B_ar_054,fixshift,6.16e-09,0.5,30128473278.3769,31623907090.0246,31623456553.416183,6036268938.797696,,-2.0,0.5568056352711047,6041814493.078997,10708490747.90044,9478783648.141562,6041958812.4956045,10708153197.844213,9479311862.389807
B_ar_055,free,6.16e-09,0.5,30128473278.3769,36864742777.06826,36864321395.84418,5696970982.764007,5698458251.764541,-1.1699010600962987,0.4499158878233587,5696960712.681699,9138062366.294018,8690858921.572866,5698447111.638972,9139201821.825903,8692564165.18011
B_ar_055,fixshift,6.16e-09,0.5,30128473278.3769,36375455413.17582,36374702412.28132,5686114742.111414,,-2.0,0.45048152219712223,5691354414.790473,9127555386.288523,8658096179.211874,5692229707.941558,9128026464.869785,8659077369.311977
B_ar_056,free,6.16e-09,0.5,30128473278.3769,35574383817.92431,35575248577.90351,5227456935.97686,5227516121.736154,-3.7572382959008386,0.43370935660148663,5227442307.360482,7896997786.917909,6918724576.408751,5227501619.774924,7897226106.291382,6918477816.893566
B_ar_056,fixshift,6.16e-09,0.5,30128473278.3769,33439971041.261803,33441541981.815495,5266199638.523007,,-2.0,0.4379197437632125,5271020776.423472,8071064891.823295,7185898524.975911,5271163241.378373,8070971981.747084,7186431145.519801
B_ar_057,free,6.16e-09,0.5,30128473278.3769,44195786913.6449,44195358616.56197,5167667266.300841,5168006184.780053,-0.9241143872657863,0.41830785928088277,5167658494.468593,7724804351.733225,6348245448.984645,5167996953.748217,7724956566.260749,6349411859.855945
B_ar_057,fixshift,6.16e-09,0.5,30128473278.3769,43435327624.32858,43434346750.78979,5159902979.914997,,-2.0,0.4201445753621112,5164663994.451949,7740892019.816228,6381548440.936424,5164693374.231203,7740832459.192698,6381823086.255301
B_ar_058,free,6.16e-09,0.5,30128473278.3769,26950788912.451965,26950936592.012177,5327186620.32504,5329881292.899435,-0.699072056439907,0.4312273674465757,5327178088.564705,8112344977.180701,7251122613.736364,5329871284.220129,8115085142.9563055,7255969328.445332
B_ar_058,fixshift,6.16e-09,0.5,30128473278.3769,26748584214.71509,26748119653.46701,5318717479.194973,,-2.0,0.43382201833134265,5323625013.6271925,8179419507.668947,7366139841.586783,5324803169.489291,8180284603.961397,7368478970.497121
B_ar_059,free,6.16e-09,0.5,30128473278.3769,50098928637.82272,50099083781.077675,5582806751.673076,5583324262.98182,-3.13781044558983,0.45818936392434645,5582792302.989914,9237380018.74195,8924684057.470308,5583310358.466608,9238942720.973394,8926080439.18139
B_ar_059,fixshift,6.16e-09,0.5,30128473278.3769,49595393909.506386,49596130293.884605,5600718225.033064,,-2.0,0.46017998993218273,5605856394.500651,9354155355.183174,9111502485.48513,5605914412.39262,9354529695.978687,9111865454.549715
