coordinate_id,ils_scale,window_scale,pixel_dispersion_scale,noise_levels,poly_orders,fit_poly_order,n_cases,n_pixels_hot,n_pixels_cold,b_scatter_ratio_min,b_scatter_ratio_max,b_scatter_ratio_detail,d_unbounded_frac,d_shift_spread_px,e_window_agreement,e_inside_combined_sigma,gen_s,fit_s,note
baseline,1.0,1.0,1.0,1 2,3,channel,261,552,775,1.0854091680466964,1.6396244132624418,noise x1=1.323|noise x2=1.085|AR(1) 0.5=1.640,1.0,returned shift spread 10.70 px,0.036918266154444934,all pairs: max 0.612; 5/8 inside the combined reported sigma; median shift sigma cold 0.30 px vs hot_PNs 0.39 px,22,13,D 열은 프로파일 우도 구간 구현 전의 대리값
ils0.5,0.5,1.0,1.0,1 2,3,channel,261,552,775,1.0131099502150456,1.6126720059273933,noise x1=1.245|noise x2=1.013|AR(1) 0.5=1.613,0.0,returned shift spread 8.80 px,0.04151686685788558,all pairs: max 0.590; 4/8 inside the combined reported sigma; median shift sigma cold 0.22 px vs hot_PNs 0.25 px,21,15,D 열은 프로파일 우도 구간 구현 전의 대리값
ils2,2.0,1.0,1.0,1 2,3,channel,261,552,775,1.0242418234061412,1.8483235702112242,noise x1=1.315|noise x2=1.024|AR(1) 0.5=1.848,1.0,returned shift spread 14.41 px,0.04713780638940057,all pairs: max 0.824; 5/8 inside the combined reported sigma; median shift sigma cold 0.54 px vs hot_PNs 0.62 px,21,13,D 열은 프로파일 우도 구간 구현 전의 대리값
win0.7,1.0,0.7,1.0,1 2,3,channel,261,387,542,0.9258572466672587,1.667093323585779,noise x1=0.926|noise x2=0.994|AR(1) 0.5=1.667,1.0,returned shift spread 8.75 px,0.08435696191299324,all pairs: max 0.276; 6/8 inside the combined reported sigma; median shift sigma cold 0.42 px vs hot_PNs 0.53 px,22,13,D 열은 프로파일 우도 구간 구현 전의 대리값
win1.3,1.0,1.3,1.0,1 2,3,channel,261,718,1007,0.9364130290607197,1.5018498511074647,noise x1=0.936|noise x2=1.017|AR(1) 0.5=1.502,0.0,returned shift spread 7.70 px,0.03168099823045745,all pairs: max 0.219; 4/8 inside the combined reported sigma; median shift sigma cold 0.27 px vs hot_PNs 0.33 px,22,15,D 열은 프로파일 우도 구간 구현 전의 대리값
disp0.7,1.0,1.0,0.7,1 2,3,channel,261,788,1107,1.015320123267943,2.04939957049797,noise x1=1.236|noise x2=1.015|AR(1) 0.5=2.049,1.0,returned shift spread 8.93 px,0.030491919864095274,all pairs: max 0.275; 4/8 inside the combined reported sigma; median shift sigma cold 0.37 px vs hot_PNs 0.41 px,23,16,D 열은 프로파일 우도 구간 구현 전의 대리값
disp1.4,1.0,1.0,1.4,1 2,3,channel,261,395,554,0.9110497946807129,1.4536853430277896,noise x1=0.955|noise x2=0.911|AR(1) 0.5=1.454,1.0,returned shift spread 9.13 px,0.04451214413173343,all pairs: max 0.072; 8/8 inside the combined reported sigma; median shift sigma cold 0.25 px vs hot_PNs 0.29 px,22,13,D 열은 프로파일 우도 구간 구현 전의 대리값
snr6,1.0,1.0,1.0,0.25 0.5 1 2 4 8,3,channel,501,552,775,1.0343733600075247,1.419729999515861,noise x0.25=1.215|noise x0.5=1.087|noise x1=1.034|noise x2=1.115|noise x4=1.183|noise x8=1.095|AR(1) 0.5=1.420,1.0,returned shift spread 7.16 px,0.011027915650839604,all pairs: max 0.490; 7/8 inside the combined reported sigma; median shift sigma cold 0.31 px vs hot_PNs 0.37 px,23,27,D 열은 프로파일 우도 구간 구현 전의 대리값
genpoly2,1.0,1.0,1.0,1 2,2,channel,261,552,775,1.085409168046688,1.639624413262159,noise x1=1.323|noise x2=1.085|AR(1) 0.5=1.640,1.0,returned shift spread 10.70 px,0.036918265666154415,all pairs: max 0.612; 5/8 inside the combined reported sigma; median shift sigma cold 0.30 px vs hot_PNs 0.39 px,22,14,D 열은 프로파일 우도 구간 구현 전의 대리값
fitpoly2,1.0,1.0,1.0,1 2,3,2,261,552,775,0.9673909857509984,1.7699808462634925,noise x1=1.293|noise x2=0.967|AR(1) 0.5=1.770,1.0,returned shift spread 12.38 px,0.03656018022766849,all pairs: max 0.638; 4/8 inside the combined reported sigma; median shift sigma cold 0.29 px vs hot_PNs 0.38 px,20,13,D 열은 프로파일 우도 구간 구현 전의 대리값
fitpoly4,1.0,1.0,1.0,1 2,3,4,261,552,775,1.150125403332844,1.7465611106302088,noise x1=1.311|noise x2=1.150|AR(1) 0.5=1.747,1.0,returned shift spread 10.48 px,0.03955141702832088,all pairs: max 0.628; 5/8 inside the combined reported sigma; median shift sigma cold 0.30 px vs hot_PNs 0.40 px,20,14,D 열은 프로파일 우도 구간 구현 전의 대리값
fitpoly5,1.0,1.0,1.0,1 2,3,5,261,552,775,1.2387309827379358,1.6093437119204785,noise x1=1.253|noise x2=1.239|AR(1) 0.5=1.609,1.0,returned shift spread 13.34 px,0.03774676898389662,all pairs: max 0.572; 5/8 inside the combined reported sigma; median shift sigma cold 0.31 px vs hot_PNs 0.41 px,20,14,D 열은 프로파일 우도 구간 구현 전의 대리값
fitpoly6,1.0,1.0,1.0,1 2,3,6,261,552,775,1.2191213459819314,1.6229927856841238,noise x1=1.225|noise x2=1.219|AR(1) 0.5=1.623,1.0,returned shift spread 13.28 px,0.03574117734597315,all pairs: max 0.522; 5/8 inside the combined reported sigma; median shift sigma cold 0.31 px vs hot_PNs 0.41 px,20,15,D 열은 프로파일 우도 구간 구현 전의 대리값
