config_id,box_half_px,step_limit,n_seeds,poly_delta,n_subsample,n_used,structural_rSD,structural_SD,denom_sigma,ratio_lo,ratio_hi,elapsed_s
base,op,3.0,op,0,1000,963,0.0715131,0.11862,0.0501,1.74284,2.57019,149
box4,4.0,3.0,op,0,1000,963,0.0715131,0.11862,0.0501,1.74284,2.57019,149
box6,6.0,3.0,op,0,1000,963,0.0715131,0.11862,0.0501,1.74284,2.57019,152
box8,8.0,3.0,op,0,1000,963,0.0715131,0.11862,0.0501,1.74284,2.57019,153
steplimit_off,op,1000000.0,op,0,1000,981,0.0705587,0.118949,0.0501,1.72727,2.57624,155
seeds5,op,3.0,5,0,1000,960,0.0709759,0.118532,0.0501,1.73407,2.56857,152
seeds13,op,3.0,13,0,1000,962,0.0714241,0.118644,0.0501,1.74139,2.57062,154
poly_minus1,op,3.0,op,-1,1000,975,0.100573,0.166385,0.0501,2.24273,3.46834,154
poly_plus1,op,3.0,op,1,1000,970,0.0715073,0.116598,0.0501,1.74274,2.53306,158
