config_id,box_px,step_limit,n_seeds,poly,n_scans,converged,step_limited,at_bound,max_nfev,failed,other,pct_converged,pct_step_limited,pct_at_bound,pct_nonoptimal,bound_params_top,shift_p01,shift_p50,shift_p99,no2_median_ppb,elapsed_s,note
base,op,0.5,n/a,3,8446,5520,1809,1117,0,0,0,65.36,21.42,13.23,34.64,"NO2_sh,NO2_sq:645|NO2_sq:472",-2.695,-1.978,-0.05336,2.20911,492,
box4,4.0,0.5,n/a,3,8446,5520,1809,1117,0,0,0,65.36,21.42,13.23,34.64,"NO2_sh,NO2_sq:645|NO2_sq:472",-2.695,-1.978,-0.05336,2.20911,329,
box6,6.0,0.5,n/a,3,8446,5520,1809,1117,0,0,0,65.36,21.42,13.23,34.64,"NO2_sh,NO2_sq:645|NO2_sq:472",-2.695,-1.978,-0.05336,2.20911,235,
box8,8.0,0.5,n/a,3,8446,5520,1809,1117,0,0,0,65.36,21.42,13.23,34.64,"NO2_sh,NO2_sq:645|NO2_sq:472",-2.695,-1.978,-0.05336,2.20911,232,
steplimit_off,op,1000000.0,n/a,3,8446,7343,0,1103,0,0,0,86.94,0.00,13.06,13.06,"NO2_sq:1094|NO2_sh,NO2_sq:8|NO2_sh:1",-2.942,-2.009,0.5624,2.20932,227,
poly_minus1,op,0.5,n/a,2,8446,5524,1757,1165,0,0,0,65.40,20.80,13.79,34.60,"NO2_sh,NO2_sq:681|NO2_sq:484",-2.7,-1.977,-0.2595,2.21236,224,
poly_plus1,op,0.5,n/a,4,8446,5515,1851,1080,0,0,0,65.30,21.92,12.79,34.70,"NO2_sh,NO2_sq:608|NO2_sq:472",-2.69,-1.954,0.3891,2.2095,207,
seeds5,op,0.5,5,3,,,,,,,,,,,,,,,,,,해당 없음 — 운영 워커 경로는 격자 시딩을 안 쓴다(직전 스캔 shift 가 앵커). 시드 축은 A1 에만 있다.
seeds13,op,0.5,13,3,,,,,,,,,,,,,,,,,,해당 없음 — 운영 워커 경로는 격자 시딩을 안 쓴다(직전 스캔 shift 가 앵커). 시드 축은 A1 에만 있다.
