case_id,channel,group,purpose,pair_id,window_start_nm,window_end_nm,n_pixels,centre_pixel,NO2_molec_cm3,CHOCHO_molec_cm3,H2O_molec_cm3,NO2_peak_alpha_cm1,CHOCHO_peak_alpha_cm1,H2O_peak_alpha_cm1,shift_px,squeeze_factor,poly_order,noise_rms,ar1,etalon_amp,etalon_f,ils_extra_px,gases_to_fit,fit_poly_order,fit_etalon_f
A_1gas_a2em09_sp0,hot_PNs,A_exact,"numerical recovery; integer shift and unit squeeze, so no sub-pixel resampling is involved for any implementation",,444.146,470.685,552,1176.5,3012847327.8376904,0.0,0.0,2e-09,0.0,0.0,0.0,1.0,3,0.0,0.0,0.0,,0.0,NO2,3,0.12
A_3gas_a2em09_sp0,hot_PNs,A_exact,"numerical recovery, three absorbers; integer shift, unit squeeze",,444.146,470.685,552,1176.5,3012847327.8376904,3895642689.9539776,74383494534.63927,2e-09,2e-09,3e-08,0.0,1.0,3,0.0,0.0,0.0,,0.0,"NO2,CHOCHO,H2O",3,0.12
A_1gas_a2em09_sm2,hot_PNs,A_exact,"numerical recovery; integer shift and unit squeeze, so no sub-pixel resampling is involved for any implementation",,444.146,470.685,552,1176.5,3012847327.8376904,0.0,0.0,2e-09,0.0,0.0,-2.0,1.0,3,0.0,0.0,0.0,,0.0,NO2,3,0.12
A_3gas_a2em09_sm2,hot_PNs,A_exact,"numerical recovery, three absorbers; integer shift, unit squeeze",,444.146,470.685,552,1176.5,3012847327.8376904,3895642689.9539776,74383494534.63927,2e-09,2e-09,3e-08,-2.0,1.0,3,0.0,0.0,0.0,,0.0,"NO2,CHOCHO,H2O",3,0.12
A_1gas_a2em09_sp2,hot_PNs,A_exact,"numerical recovery; integer shift and unit squeeze, so no sub-pixel resampling is involved for any implementation",,444.146,470.685,552,1176.5,3012847327.8376904,0.0,0.0,2e-09,0.0,0.0,2.0,1.0,3,0.0,0.0,0.0,,0.0,NO2,3,0.12
A_3gas_a2em09_sp2,hot_PNs,A_exact,"numerical recovery, three absorbers; integer shift, unit squeeze",,444.146,470.685,552,1176.5,3012847327.8376904,3895642689.9539776,74383494534.63927,2e-09,2e-09,3e-08,2.0,1.0,3,0.0,0.0,0.0,,0.0,"NO2,CHOCHO,H2O",3,0.12
A_1gas_a2em09_sm4,hot_PNs,A_exact,"numerical recovery; integer shift and unit squeeze, so no sub-pixel resampling is involved for any implementation",,444.146,470.685,552,1176.5,3012847327.8376904,0.0,0.0,2e-09,0.0,0.0,-4.0,1.0,3,0.0,0.0,0.0,,0.0,NO2,3,0.12
A_3gas_a2em09_sm4,hot_PNs,A_exact,"numerical recovery, three absorbers; integer shift, unit squeeze",,444.146,470.685,552,1176.5,3012847327.8376904,3895642689.9539776,74383494534.63927,2e-09,2e-09,3e-08,-4.0,1.0,3,0.0,0.0,0.0,,0.0,"NO2,CHOCHO,H2O",3,0.12
A_1gas_a2em08_sp0,hot_PNs,A_exact,"numerical recovery; integer shift and unit squeeze, so no sub-pixel resampling is involved for any implementation",,444.146,470.685,552,1176.5,30128473278.3769,0.0,0.0,2e-08,0.0,0.0,0.0,1.0,3,0.0,0.0,0.0,,0.0,NO2,3,0.12
A_3gas_a2em08_sp0,hot_PNs,A_exact,"numerical recovery, three absorbers; integer shift, unit squeeze",,444.146,470.685,552,1176.5,30128473278.3769,3895642689.9539776,74383494534.63927,2e-08,2e-09,3e-08,0.0,1.0,3,0.0,0.0,0.0,,0.0,"NO2,CHOCHO,H2O",3,0.12
A_1gas_a2em08_sm2,hot_PNs,A_exact,"numerical recovery; integer shift and unit squeeze, so no sub-pixel resampling is involved for any implementation",,444.146,470.685,552,1176.5,30128473278.3769,0.0,0.0,2e-08,0.0,0.0,-2.0,1.0,3,0.0,0.0,0.0,,0.0,NO2,3,0.12
A_3gas_a2em08_sm2,hot_PNs,A_exact,"numerical recovery, three absorbers; integer shift, unit squeeze",,444.146,470.685,552,1176.5,30128473278.3769,3895642689.9539776,74383494534.63927,2e-08,2e-09,3e-08,-2.0,1.0,3,0.0,0.0,0.0,,0.0,"NO2,CHOCHO,H2O",3,0.12
A_1gas_a2em08_sp2,hot_PNs,A_exact,"numerical recovery; integer shift and unit squeeze, so no sub-pixel resampling is involved for any implementation",,444.146,470.685,552,1176.5,30128473278.3769,0.0,0.0,2e-08,0.0,0.0,2.0,1.0,3,0.0,0.0,0.0,,0.0,NO2,3,0.12
A_3gas_a2em08_sp2,hot_PNs,A_exact,"numerical recovery, three absorbers; integer shift, unit squeeze",,444.146,470.685,552,1176.5,30128473278.3769,3895642689.9539776,74383494534.63927,2e-08,2e-09,3e-08,2.0,1.0,3,0.0,0.0,0.0,,0.0,"NO2,CHOCHO,H2O",3,0.12
A_1gas_a2em08_sm4,hot_PNs,A_exact,"numerical recovery; integer shift and unit squeeze, so no sub-pixel resampling is involved for any implementation",,444.146,470.685,552,1176.5,30128473278.3769,0.0,0.0,2e-08,0.0,0.0,-4.0,1.0,3,0.0,0.0,0.0,,0.0,NO2,3,0.12
A_3gas_a2em08_sm4,hot_PNs,A_exact,"numerical recovery, three absorbers; integer shift, unit squeeze",,444.146,470.685,552,1176.5,30128473278.3769,3895642689.9539776,74383494534.63927,2e-08,2e-09,3e-08,-4.0,1.0,3,0.0,0.0,0.0,,0.0,"NO2,CHOCHO,H2O",3,0.12
A_1gas_a1em07_sp0,hot_PNs,A_exact,"numerical recovery; integer shift and unit squeeze, so no sub-pixel resampling is involved for any implementation",,444.146,470.685,552,1176.5,150642366391.8845,0.0,0.0,1e-07,0.0,0.0,0.0,1.0,3,0.0,0.0,0.0,,0.0,NO2,3,0.12
A_3gas_a1em07_sp0,hot_PNs,A_exact,"numerical recovery, three absorbers; integer shift, unit squeeze",,444.146,470.685,552,1176.5,150642366391.8845,3895642689.9539776,74383494534.63927,1e-07,2e-09,3e-08,0.0,1.0,3,0.0,0.0,0.0,,0.0,"NO2,CHOCHO,H2O",3,0.12
A_1gas_a1em07_sm2,hot_PNs,A_exact,"numerical recovery; integer shift and unit squeeze, so no sub-pixel resampling is involved for any implementation",,444.146,470.685,552,1176.5,150642366391.8845,0.0,0.0,1e-07,0.0,0.0,-2.0,1.0,3,0.0,0.0,0.0,,0.0,NO2,3,0.12
A_3gas_a1em07_sm2,hot_PNs,A_exact,"numerical recovery, three absorbers; integer shift, unit squeeze",,444.146,470.685,552,1176.5,150642366391.8845,3895642689.9539776,74383494534.63927,1e-07,2e-09,3e-08,-2.0,1.0,3,0.0,0.0,0.0,,0.0,"NO2,CHOCHO,H2O",3,0.12
A_1gas_a1em07_sp2,hot_PNs,A_exact,"numerical recovery; integer shift and unit squeeze, so no sub-pixel resampling is involved for any implementation",,444.146,470.685,552,1176.5,150642366391.8845,0.0,0.0,1e-07,0.0,0.0,2.0,1.0,3,0.0,0.0,0.0,,0.0,NO2,3,0.12
A_3gas_a1em07_sp2,hot_PNs,A_exact,"numerical recovery, three absorbers; integer shift, unit squeeze",,444.146,470.685,552,1176.5,150642366391.8845,3895642689.9539776,74383494534.63927,1e-07,2e-09,3e-08,2.0,1.0,3,0.0,0.0,0.0,,0.0,"NO2,CHOCHO,H2O",3,0.12
A_1gas_a1em07_sm4,hot_PNs,A_exact,"numerical recovery; integer shift and unit squeeze, so no sub-pixel resampling is involved for any implementation",,444.146,470.685,552,1176.5,150642366391.8845,0.0,0.0,1e-07,0.0,0.0,-4.0,1.0,3,0.0,0.0,0.0,,0.0,NO2,3,0.12
A_3gas_a1em07_sm4,hot_PNs,A_exact,"numerical recovery, three absorbers; integer shift, unit squeeze",,444.146,470.685,552,1176.5,150642366391.8845,3895642689.9539776,74383494534.63927,1e-07,2e-09,3e-08,-4.0,1.0,3,0.0,0.0,0.0,,0.0,"NO2,CHOCHO,H2O",3,0.12
A_1gas_a4em07_sp0,hot_PNs,A_exact,"numerical recovery; integer shift and unit squeeze, so no sub-pixel resampling is involved for any implementation",,444.146,470.685,552,1176.5,602569465567.538,0.0,0.0,4e-07,0.0,0.0,0.0,1.0,3,0.0,0.0,0.0,,0.0,NO2,3,0.12
A_3gas_a4em07_sp0,hot_PNs,A_exact,"numerical recovery, three absorbers; integer shift, unit squeeze",,444.146,470.685,552,1176.5,602569465567.538,3895642689.9539776,74383494534.63927,4e-07,2e-09,3e-08,0.0,1.0,3,0.0,0.0,0.0,,0.0,"NO2,CHOCHO,H2O",3,0.12
A_1gas_a4em07_sm2,hot_PNs,A_exact,"numerical recovery; integer shift and unit squeeze, so no sub-pixel resampling is involved for any implementation",,444.146,470.685,552,1176.5,602569465567.538,0.0,0.0,4e-07,0.0,0.0,-2.0,1.0,3,0.0,0.0,0.0,,0.0,NO2,3,0.12
A_3gas_a4em07_sm2,hot_PNs,A_exact,"numerical recovery, three absorbers; integer shift, unit squeeze",,444.146,470.685,552,1176.5,602569465567.538,3895642689.9539776,74383494534.63927,4e-07,2e-09,3e-08,-2.0,1.0,3,0.0,0.0,0.0,,0.0,"NO2,CHOCHO,H2O",3,0.12
A_1gas_a4em07_sp2,hot_PNs,A_exact,"numerical recovery; integer shift and unit squeeze, so no sub-pixel resampling is involved for any implementation",,444.146,470.685,552,1176.5,602569465567.538,0.0,0.0,4e-07,0.0,0.0,2.0,1.0,3,0.0,0.0,0.0,,0.0,NO2,3,0.12
A_3gas_a4em07_sp2,hot_PNs,A_exact,"numerical recovery, three absorbers; integer shift, unit squeeze",,444.146,470.685,552,1176.5,602569465567.538,3895642689.9539776,74383494534.63927,4e-07,2e-09,3e-08,2.0,1.0,3,0.0,0.0,0.0,,0.0,"NO2,CHOCHO,H2O",3,0.12
A_1gas_a4em07_sm4,hot_PNs,A_exact,"numerical recovery; integer shift and unit squeeze, so no sub-pixel resampling is involved for any implementation",,444.146,470.685,552,1176.5,602569465567.538,0.0,0.0,4e-07,0.0,0.0,-4.0,1.0,3,0.0,0.0,0.0,,0.0,NO2,3,0.12
A_3gas_a4em07_sm4,hot_PNs,A_exact,"numerical recovery, three absorbers; integer shift, unit squeeze",,444.146,470.685,552,1176.5,602569465567.538,3895642689.9539776,74383494534.63927,4e-07,2e-09,3e-08,-4.0,1.0,3,0.0,0.0,0.0,,0.0,"NO2,CHOCHO,H2O",3,0.12
B_n1_000,hot_PNs,B_noise,uncertainty calibration: 60 replicates of one truth,,444.146,470.685,552,1176.5,30128473278.3769,3895642689.9539776,74383494534.63927,2e-08,2e-09,3e-08,-2.0,1.002,3,6.16e-09,0.0,0.0,,0.0,"NO2,CHOCHO,H2O",3,0.12
B_n1_001,hot_PNs,B_noise,uncertainty calibration: 60 replicates of one truth,,444.146,470.685,552,1176.5,30128473278.3769,3895642689.9539776,74383494534.63927,2e-08,2e-09,3e-08,-2.0,1.002,3,6.16e-09,0.0,0.0,,0.0,"NO2,CHOCHO,H2O",3,0.12
B_n1_002,hot_PNs,B_noise,uncertainty calibration: 60 replicates of one truth,,444.146,470.685,552,1176.5,30128473278.3769,3895642689.9539776,74383494534.63927,2e-08,2e-09,3e-08,-2.0,1.002,3,6.16e-09,0.0,0.0,,0.0,"NO2,CHOCHO,H2O",3,0.12
B_n1_003,hot_PNs,B_noise,uncertainty calibration: 60 replicates of one truth,,444.146,470.685,552,1176.5,30128473278.3769,3895642689.9539776,74383494534.63927,2e-08,2e-09,3e-08,-2.0,1.002,3,6.16e-09,0.0,0.0,,0.0,"NO2,CHOCHO,H2O",3,0.12
B_n1_004,hot_PNs,B_noise,uncertainty calibration: 60 replicates of one truth,,444.146,470.685,552,1176.5,30128473278.3769,3895642689.9539776,74383494534.63927,2e-08,2e-09,3e-08,-2.0,1.002,3,6.16e-09,0.0,0.0,,0.0,"NO2,CHOCHO,H2O",3,0.12
B_n1_005,hot_PNs,B_noise,uncertainty calibration: 60 replicates of one truth,,444.146,470.685,552,1176.5,30128473278.3769,3895642689.9539776,74383494534.63927,2e-08,2e-09,3e-08,-2.0,1.002,3,6.16e-09,0.0,0.0,,0.0,"NO2,CHOCHO,H2O",3,0.12
B_n1_006,hot_PNs,B_noise,uncertainty calibration: 60 replicates of one truth,,444.146,470.685,552,1176.5,30128473278.3769,3895642689.9539776,74383494534.63927,2e-08,2e-09,3e-08,-2.0,1.002,3,6.16e-09,0.0,0.0,,0.0,"NO2,CHOCHO,H2O",3,0.12
B_n1_007,hot_PNs,B_noise,uncertainty calibration: 60 replicates of one truth,,444.146,470.685,552,1176.5,30128473278.3769,3895642689.9539776,74383494534.63927,2e-08,2e-09,3e-08,-2.0,1.002,3,6.16e-09,0.0,0.0,,0.0,"NO2,CHOCHO,H2O",3,0.12
B_n1_008,hot_PNs,B_noise,uncertainty calibration: 60 replicates of one truth,,444.146,470.685,552,1176.5,30128473278.3769,3895642689.9539776,74383494534.63927,2e-08,2e-09,3e-08,-2.0,1.002,3,6.16e-09,0.0,0.0,,0.0,"NO2,CHOCHO,H2O",3,0.12
B_n1_009,hot_PNs,B_noise,uncertainty calibration: 60 replicates of one truth,,444.146,470.685,552,1176.5,30128473278.3769,3895642689.9539776,74383494534.63927,2e-08,2e-09,3e-08,-2.0,1.002,3,6.16e-09,0.0,0.0,,0.0,"NO2,CHOCHO,H2O",3,0.12
B_n1_010,hot_PNs,B_noise,uncertainty calibration: 60 replicates of one truth,,444.146,470.685,552,1176.5,30128473278.3769,3895642689.9539776,74383494534.63927,2e-08,2e-09,3e-08,-2.0,1.002,3,6.16e-09,0.0,0.0,,0.0,"NO2,CHOCHO,H2O",3,0.12
B_n1_011,hot_PNs,B_noise,uncertainty calibration: 60 replicates of one truth,,444.146,470.685,552,1176.5,30128473278.3769,3895642689.9539776,74383494534.63927,2e-08,2e-09,3e-08,-2.0,1.002,3,6.16e-09,0.0,0.0,,0.0,"NO2,CHOCHO,H2O",3,0.12
B_n1_012,hot_PNs,B_noise,uncertainty calibration: 60 replicates of one truth,,444.146,470.685,552,1176.5,30128473278.3769,3895642689.9539776,74383494534.63927,2e-08,2e-09,3e-08,-2.0,1.002,3,6.16e-09,0.0,0.0,,0.0,"NO2,CHOCHO,H2O",3,0.12
B_n1_013,hot_PNs,B_noise,uncertainty calibration: 60 replicates of one truth,,444.146,470.685,552,1176.5,30128473278.3769,3895642689.9539776,74383494534.63927,2e-08,2e-09,3e-08,-2.0,1.002,3,6.16e-09,0.0,0.0,,0.0,"NO2,CHOCHO,H2O",3,0.12
B_n1_014,hot_PNs,B_noise,uncertainty calibration: 60 replicates of one truth,,444.146,470.685,552,1176.5,30128473278.3769,3895642689.9539776,74383494534.63927,2e-08,2e-09,3e-08,-2.0,1.002,3,6.16e-09,0.0,0.0,,0.0,"NO2,CHOCHO,H2O",3,0.12
B_n1_015,hot_PNs,B_noise,uncertainty calibration: 60 replicates of one truth,,444.146,470.685,552,1176.5,30128473278.3769,3895642689.9539776,74383494534.63927,2e-08,2e-09,3e-08,-2.0,1.002,3,6.16e-09,0.0,0.0,,0.0,"NO2,CHOCHO,H2O",3,0.12
B_n1_016,hot_PNs,B_noise,uncertainty calibration: 60 replicates of one truth,,444.146,470.685,552,1176.5,30128473278.3769,3895642689.9539776,74383494534.63927,2e-08,2e-09,3e-08,-2.0,1.002,3,6.16e-09,0.0,0.0,,0.0,"NO2,CHOCHO,H2O",3,0.12
B_n1_017,hot_PNs,B_noise,uncertainty calibration: 60 replicates of one truth,,444.146,470.685,552,1176.5,30128473278.3769,3895642689.9539776,74383494534.63927,2e-08,2e-09,3e-08,-2.0,1.002,3,6.16e-09,0.0,0.0,,0.0,"NO2,CHOCHO,H2O",3,0.12
B_n1_018,hot_PNs,B_noise,uncertainty calibration: 60 replicates of one truth,,444.146,470.685,552,1176.5,30128473278.3769,3895642689.9539776,74383494534.63927,2e-08,2e-09,3e-08,-2.0,1.002,3,6.16e-09,0.0,0.0,,0.0,"NO2,CHOCHO,H2O",3,0.12
B_n1_019,hot_PNs,B_noise,uncertainty calibration: 60 replicates of one truth,,444.146,470.685,552,1176.5,30128473278.3769,3895642689.9539776,74383494534.63927,2e-08,2e-09,3e-08,-2.0,1.002,3,6.16e-09,0.0,0.0,,0.0,"NO2,CHOCHO,H2O",3,0.12
B_n1_020,hot_PNs,B_noise,uncertainty calibration: 60 replicates of one truth,,444.146,470.685,552,1176.5,30128473278.3769,3895642689.9539776,74383494534.63927,2e-08,2e-09,3e-08,-2.0,1.002,3,6.16e-09,0.0,0.0,,0.0,"NO2,CHOCHO,H2O",3,0.12
B_n1_021,hot_PNs,B_noise,uncertainty calibration: 60 replicates of one truth,,444.146,470.685,552,1176.5,30128473278.3769,3895642689.9539776,74383494534.63927,2e-08,2e-09,3e-08,-2.0,1.002,3,6.16e-09,0.0,0.0,,0.0,"NO2,CHOCHO,H2O",3,0.12
B_n1_022,hot_PNs,B_noise,uncertainty calibration: 60 replicates of one truth,,444.146,470.685,552,1176.5,30128473278.3769,3895642689.9539776,74383494534.63927,2e-08,2e-09,3e-08,-2.0,1.002,3,6.16e-09,0.0,0.0,,0.0,"NO2,CHOCHO,H2O",3,0.12
B_n1_023,hot_PNs,B_noise,uncertainty calibration: 60 replicates of one truth,,444.146,470.685,552,1176.5,30128473278.3769,3895642689.9539776,74383494534.63927,2e-08,2e-09,3e-08,-2.0,1.002,3,6.16e-09,0.0,0.0,,0.0,"NO2,CHOCHO,H2O",3,0.12
B_n1_024,hot_PNs,B_noise,uncertainty calibration: 60 replicates of one truth,,444.146,470.685,552,1176.5,30128473278.3769,3895642689.9539776,74383494534.63927,2e-08,2e-09,3e-08,-2.0,1.002,3,6.16e-09,0.0,0.0,,0.0,"NO2,CHOCHO,H2O",3,0.12
B_n1_025,hot_PNs,B_noise,uncertainty calibration: 60 replicates of one truth,,444.146,470.685,552,1176.5,30128473278.3769,3895642689.9539776,74383494534.63927,2e-08,2e-09,3e-08,-2.0,1.002,3,6.16e-09,0.0,0.0,,0.0,"NO2,CHOCHO,H2O",3,0.12
B_n1_026,hot_PNs,B_noise,uncertainty calibration: 60 replicates of one truth,,444.146,470.685,552,1176.5,30128473278.3769,3895642689.9539776,74383494534.63927,2e-08,2e-09,3e-08,-2.0,1.002,3,6.16e-09,0.0,0.0,,0.0,"NO2,CHOCHO,H2O",3,0.12
B_n1_027,hot_PNs,B_noise,uncertainty calibration: 60 replicates of one truth,,444.146,470.685,552,1176.5,30128473278.3769,3895642689.9539776,74383494534.63927,2e-08,2e-09,3e-08,-2.0,1.002,3,6.16e-09,0.0,0.0,,0.0,"NO2,CHOCHO,H2O",3,0.12
B_n1_028,hot_PNs,B_noise,uncertainty calibration: 60 replicates of one truth,,444.146,470.685,552,1176.5,30128473278.3769,3895642689.9539776,74383494534.63927,2e-08,2e-09,3e-08,-2.0,1.002,3,6.16e-09,0.0,0.0,,0.0,"NO2,CHOCHO,H2O",3,0.12
B_n1_029,hot_PNs,B_noise,uncertainty calibration: 60 replicates of one truth,,444.146,470.685,552,1176.5,30128473278.3769,3895642689.9539776,74383494534.63927,2e-08,2e-09,3e-08,-2.0,1.002,3,6.16e-09,0.0,0.0,,0.0,"NO2,CHOCHO,H2O",3,0.12
B_n1_030,hot_PNs,B_noise,uncertainty calibration: 60 replicates of one truth,,444.146,470.685,552,1176.5,30128473278.3769,3895642689.9539776,74383494534.63927,2e-08,2e-09,3e-08,-2.0,1.002,3,6.16e-09,0.0,0.0,,0.0,"NO2,CHOCHO,H2O",3,0.12
B_n1_031,hot_PNs,B_noise,uncertainty calibration: 60 replicates of one truth,,444.146,470.685,552,1176.5,30128473278.3769,3895642689.9539776,74383494534.63927,2e-08,2e-09,3e-08,-2.0,1.002,3,6.16e-09,0.0,0.0,,0.0,"NO2,CHOCHO,H2O",3,0.12
B_n1_032,hot_PNs,B_noise,uncertainty calibration: 60 replicates of one truth,,444.146,470.685,552,1176.5,30128473278.3769,3895642689.9539776,74383494534.63927,2e-08,2e-09,3e-08,-2.0,1.002,3,6.16e-09,0.0,0.0,,0.0,"NO2,CHOCHO,H2O",3,0.12
B_n1_033,hot_PNs,B_noise,uncertainty calibration: 60 replicates of one truth,,444.146,470.685,552,1176.5,30128473278.3769,3895642689.9539776,74383494534.63927,2e-08,2e-09,3e-08,-2.0,1.002,3,6.16e-09,0.0,0.0,,0.0,"NO2,CHOCHO,H2O",3,0.12
B_n1_034,hot_PNs,B_noise,uncertainty calibration: 60 replicates of one truth,,444.146,470.685,552,1176.5,30128473278.3769,3895642689.9539776,74383494534.63927,2e-08,2e-09,3e-08,-2.0,1.002,3,6.16e-09,0.0,0.0,,0.0,"NO2,CHOCHO,H2O",3,0.12
B_n1_035,hot_PNs,B_noise,uncertainty calibration: 60 replicates of one truth,,444.146,470.685,552,1176.5,30128473278.3769,3895642689.9539776,74383494534.63927,2e-08,2e-09,3e-08,-2.0,1.002,3,6.16e-09,0.0,0.0,,0.0,"NO2,CHOCHO,H2O",3,0.12
B_n1_036,hot_PNs,B_noise,uncertainty calibration: 60 replicates of one truth,,444.146,470.685,552,1176.5,30128473278.3769,3895642689.9539776,74383494534.63927,2e-08,2e-09,3e-08,-2.0,1.002,3,6.16e-09,0.0,0.0,,0.0,"NO2,CHOCHO,H2O",3,0.12
B_n1_037,hot_PNs,B_noise,uncertainty calibration: 60 replicates of one truth,,444.146,470.685,552,1176.5,30128473278.3769,3895642689.9539776,74383494534.63927,2e-08,2e-09,3e-08,-2.0,1.002,3,6.16e-09,0.0,0.0,,0.0,"NO2,CHOCHO,H2O",3,0.12
B_n1_038,hot_PNs,B_noise,uncertainty calibration: 60 replicates of one truth,,444.146,470.685,552,1176.5,30128473278.3769,3895642689.9539776,74383494534.63927,2e-08,2e-09,3e-08,-2.0,1.002,3,6.16e-09,0.0,0.0,,0.0,"NO2,CHOCHO,H2O",3,0.12
B_n1_039,hot_PNs,B_noise,uncertainty calibration: 60 replicates of one truth,,444.146,470.685,552,1176.5,30128473278.3769,3895642689.9539776,74383494534.63927,2e-08,2e-09,3e-08,-2.0,1.002,3,6.16e-09,0.0,0.0,,0.0,"NO2,CHOCHO,H2O",3,0.12
B_n1_040,hot_PNs,B_noise,uncertainty calibration: 60 replicates of one truth,,444.146,470.685,552,1176.5,30128473278.3769,3895642689.9539776,74383494534.63927,2e-08,2e-09,3e-08,-2.0,1.002,3,6.16e-09,0.0,0.0,,0.0,"NO2,CHOCHO,H2O",3,0.12
B_n1_041,hot_PNs,B_noise,uncertainty calibration: 60 replicates of one truth,,444.146,470.685,552,1176.5,30128473278.3769,3895642689.9539776,74383494534.63927,2e-08,2e-09,3e-08,-2.0,1.002,3,6.16e-09,0.0,0.0,,0.0,"NO2,CHOCHO,H2O",3,0.12
B_n1_042,hot_PNs,B_noise,uncertainty calibration: 60 replicates of one truth,,444.146,470.685,552,1176.5,30128473278.3769,3895642689.9539776,74383494534.63927,2e-08,2e-09,3e-08,-2.0,1.002,3,6.16e-09,0.0,0.0,,0.0,"NO2,CHOCHO,H2O",3,0.12
B_n1_043,hot_PNs,B_noise,uncertainty calibration: 60 replicates of one truth,,444.146,470.685,552,1176.5,30128473278.3769,3895642689.9539776,74383494534.63927,2e-08,2e-09,3e-08,-2.0,1.002,3,6.16e-09,0.0,0.0,,0.0,"NO2,CHOCHO,H2O",3,0.12
B_n1_044,hot_PNs,B_noise,uncertainty calibration: 60 replicates of one truth,,444.146,470.685,552,1176.5,30128473278.3769,3895642689.9539776,74383494534.63927,2e-08,2e-09,3e-08,-2.0,1.002,3,6.16e-09,0.0,0.0,,0.0,"NO2,CHOCHO,H2O",3,0.12
B_n1_045,hot_PNs,B_noise,uncertainty calibration: 60 replicates of one truth,,444.146,470.685,552,1176.5,30128473278.3769,3895642689.9539776,74383494534.63927,2e-08,2e-09,3e-08,-2.0,1.002,3,6.16e-09,0.0,0.0,,0.0,"NO2,CHOCHO,H2O",3,0.12
B_n1_046,hot_PNs,B_noise,uncertainty calibration: 60 replicates of one truth,,444.146,470.685,552,1176.5,30128473278.3769,3895642689.9539776,74383494534.63927,2e-08,2e-09,3e-08,-2.0,1.002,3,6.16e-09,0.0,0.0,,0.0,"NO2,CHOCHO,H2O",3,0.12
B_n1_047,hot_PNs,B_noise,uncertainty calibration: 60 replicates of one truth,,444.146,470.685,552,1176.5,30128473278.3769,3895642689.9539776,74383494534.63927,2e-08,2e-09,3e-08,-2.0,1.002,3,6.16e-09,0.0,0.0,,0.0,"NO2,CHOCHO,H2O",3,0.12
B_n1_048,hot_PNs,B_noise,uncertainty calibration: 60 replicates of one truth,,444.146,470.685,552,1176.5,30128473278.3769,3895642689.9539776,74383494534.63927,2e-08,2e-09,3e-08,-2.0,1.002,3,6.16e-09,0.0,0.0,,0.0,"NO2,CHOCHO,H2O",3,0.12
B_n1_049,hot_PNs,B_noise,uncertainty calibration: 60 replicates of one truth,,444.146,470.685,552,1176.5,30128473278.3769,3895642689.9539776,74383494534.63927,2e-08,2e-09,3e-08,-2.0,1.002,3,6.16e-09,0.0,0.0,,0.0,"NO2,CHOCHO,H2O",3,0.12
B_n1_050,hot_PNs,B_noise,uncertainty calibration: 60 replicates of one truth,,444.146,470.685,552,1176.5,30128473278.3769,3895642689.9539776,74383494534.63927,2e-08,2e-09,3e-08,-2.0,1.002,3,6.16e-09,0.0,0.0,,0.0,"NO2,CHOCHO,H2O",3,0.12
B_n1_051,hot_PNs,B_noise,uncertainty calibration: 60 replicates of one truth,,444.146,470.685,552,1176.5,30128473278.3769,3895642689.9539776,74383494534.63927,2e-08,2e-09,3e-08,-2.0,1.002,3,6.16e-09,0.0,0.0,,0.0,"NO2,CHOCHO,H2O",3,0.12
B_n1_052,hot_PNs,B_noise,uncertainty calibration: 60 replicates of one truth,,444.146,470.685,552,1176.5,30128473278.3769,3895642689.9539776,74383494534.63927,2e-08,2e-09,3e-08,-2.0,1.002,3,6.16e-09,0.0,0.0,,0.0,"NO2,CHOCHO,H2O",3,0.12
B_n1_053,hot_PNs,B_noise,uncertainty calibration: 60 replicates of one truth,,444.146,470.685,552,1176.5,30128473278.3769,3895642689.9539776,74383494534.63927,2e-08,2e-09,3e-08,-2.0,1.002,3,6.16e-09,0.0,0.0,,0.0,"NO2,CHOCHO,H2O",3,0.12
B_n1_054,hot_PNs,B_noise,uncertainty calibration: 60 replicates of one truth,,444.146,470.685,552,1176.5,30128473278.3769,3895642689.9539776,74383494534.63927,2e-08,2e-09,3e-08,-2.0,1.002,3,6.16e-09,0.0,0.0,,0.0,"NO2,CHOCHO,H2O",3,0.12
B_n1_055,hot_PNs,B_noise,uncertainty calibration: 60 replicates of one truth,,444.146,470.685,552,1176.5,30128473278.3769,3895642689.9539776,74383494534.63927,2e-08,2e-09,3e-08,-2.0,1.002,3,6.16e-09,0.0,0.0,,0.0,"NO2,CHOCHO,H2O",3,0.12
B_n1_056,hot_PNs,B_noise,uncertainty calibration: 60 replicates of one truth,,444.146,470.685,552,1176.5,30128473278.3769,3895642689.9539776,74383494534.63927,2e-08,2e-09,3e-08,-2.0,1.002,3,6.16e-09,0.0,0.0,,0.0,"NO2,CHOCHO,H2O",3,0.12
B_n1_057,hot_PNs,B_noise,uncertainty calibration: 60 replicates of one truth,,444.146,470.685,552,1176.5,30128473278.3769,3895642689.9539776,74383494534.63927,2e-08,2e-09,3e-08,-2.0,1.002,3,6.16e-09,0.0,0.0,,0.0,"NO2,CHOCHO,H2O",3,0.12
B_n1_058,hot_PNs,B_noise,uncertainty calibration: 60 replicates of one truth,,444.146,470.685,552,1176.5,30128473278.3769,3895642689.9539776,74383494534.63927,2e-08,2e-09,3e-08,-2.0,1.002,3,6.16e-09,0.0,0.0,,0.0,"NO2,CHOCHO,H2O",3,0.12
B_n1_059,hot_PNs,B_noise,uncertainty calibration: 60 replicates of one truth,,444.146,470.685,552,1176.5,30128473278.3769,3895642689.9539776,74383494534.63927,2e-08,2e-09,3e-08,-2.0,1.002,3,6.16e-09,0.0,0.0,,0.0,"NO2,CHOCHO,H2O",3,0.12
B_n2_000,hot_PNs,B_noise,uncertainty calibration: 60 replicates of one truth,,444.146,470.685,552,1176.5,30128473278.3769,3895642689.9539776,74383494534.63927,2e-08,2e-09,3e-08,-2.0,1.002,3,1.232e-08,0.0,0.0,,0.0,"NO2,CHOCHO,H2O",3,0.12
B_n2_001,hot_PNs,B_noise,uncertainty calibration: 60 replicates of one truth,,444.146,470.685,552,1176.5,30128473278.3769,3895642689.9539776,74383494534.63927,2e-08,2e-09,3e-08,-2.0,1.002,3,1.232e-08,0.0,0.0,,0.0,"NO2,CHOCHO,H2O",3,0.12
B_n2_002,hot_PNs,B_noise,uncertainty calibration: 60 replicates of one truth,,444.146,470.685,552,1176.5,30128473278.3769,3895642689.9539776,74383494534.63927,2e-08,2e-09,3e-08,-2.0,1.002,3,1.232e-08,0.0,0.0,,0.0,"NO2,CHOCHO,H2O",3,0.12
B_n2_003,hot_PNs,B_noise,uncertainty calibration: 60 replicates of one truth,,444.146,470.685,552,1176.5,30128473278.3769,3895642689.9539776,74383494534.63927,2e-08,2e-09,3e-08,-2.0,1.002,3,1.232e-08,0.0,0.0,,0.0,"NO2,CHOCHO,H2O",3,0.12
B_n2_004,hot_PNs,B_noise,uncertainty calibration: 60 replicates of one truth,,444.146,470.685,552,1176.5,30128473278.3769,3895642689.9539776,74383494534.63927,2e-08,2e-09,3e-08,-2.0,1.002,3,1.232e-08,0.0,0.0,,0.0,"NO2,CHOCHO,H2O",3,0.12
B_n2_005,hot_PNs,B_noise,uncertainty calibration: 60 replicates of one truth,,444.146,470.685,552,1176.5,30128473278.3769,3895642689.9539776,74383494534.63927,2e-08,2e-09,3e-08,-2.0,1.002,3,1.232e-08,0.0,0.0,,0.0,"NO2,CHOCHO,H2O",3,0.12
B_n2_006,hot_PNs,B_noise,uncertainty calibration: 60 replicates of one truth,,444.146,470.685,552,1176.5,30128473278.3769,3895642689.9539776,74383494534.63927,2e-08,2e-09,3e-08,-2.0,1.002,3,1.232e-08,0.0,0.0,,0.0,"NO2,CHOCHO,H2O",3,0.12
B_n2_007,hot_PNs,B_noise,uncertainty calibration: 60 replicates of one truth,,444.146,470.685,552,1176.5,30128473278.3769,3895642689.9539776,74383494534.63927,2e-08,2e-09,3e-08,-2.0,1.002,3,1.232e-08,0.0,0.0,,0.0,"NO2,CHOCHO,H2O",3,0.12
B_n2_008,hot_PNs,B_noise,uncertainty calibration: 60 replicates of one truth,,444.146,470.685,552,1176.5,30128473278.3769,3895642689.9539776,74383494534.63927,2e-08,2e-09,3e-08,-2.0,1.002,3,1.232e-08,0.0,0.0,,0.0,"NO2,CHOCHO,H2O",3,0.12
B_n2_009,hot_PNs,B_noise,uncertainty calibration: 60 replicates of one truth,,444.146,470.685,552,1176.5,30128473278.3769,3895642689.9539776,74383494534.63927,2e-08,2e-09,3e-08,-2.0,1.002,3,1.232e-08,0.0,0.0,,0.0,"NO2,CHOCHO,H2O",3,0.12
B_n2_010,hot_PNs,B_noise,uncertainty calibration: 60 replicates of one truth,,444.146,470.685,552,1176.5,30128473278.3769,3895642689.9539776,74383494534.63927,2e-08,2e-09,3e-08,-2.0,1.002,3,1.232e-08,0.0,0.0,,0.0,"NO2,CHOCHO,H2O",3,0.12
B_n2_011,hot_PNs,B_noise,uncertainty calibration: 60 replicates of one truth,,444.146,470.685,552,1176.5,30128473278.3769,3895642689.9539776,74383494534.63927,2e-08,2e-09,3e-08,-2.0,1.002,3,1.232e-08,0.0,0.0,,0.0,"NO2,CHOCHO,H2O",3,0.12
B_n2_012,hot_PNs,B_noise,uncertainty calibration: 60 replicates of one truth,,444.146,470.685,552,1176.5,30128473278.3769,3895642689.9539776,74383494534.63927,2e-08,2e-09,3e-08,-2.0,1.002,3,1.232e-08,0.0,0.0,,0.0,"NO2,CHOCHO,H2O",3,0.12
B_n2_013,hot_PNs,B_noise,uncertainty calibration: 60 replicates of one truth,,444.146,470.685,552,1176.5,30128473278.3769,3895642689.9539776,74383494534.63927,2e-08,2e-09,3e-08,-2.0,1.002,3,1.232e-08,0.0,0.0,,0.0,"NO2,CHOCHO,H2O",3,0.12
B_n2_014,hot_PNs,B_noise,uncertainty calibration: 60 replicates of one truth,,444.146,470.685,552,1176.5,30128473278.3769,3895642689.9539776,74383494534.63927,2e-08,2e-09,3e-08,-2.0,1.002,3,1.232e-08,0.0,0.0,,0.0,"NO2,CHOCHO,H2O",3,0.12
B_n2_015,hot_PNs,B_noise,uncertainty calibration: 60 replicates of one truth,,444.146,470.685,552,1176.5,30128473278.3769,3895642689.9539776,74383494534.63927,2e-08,2e-09,3e-08,-2.0,1.002,3,1.232e-08,0.0,0.0,,0.0,"NO2,CHOCHO,H2O",3,0.12
B_n2_016,hot_PNs,B_noise,uncertainty calibration: 60 replicates of one truth,,444.146,470.685,552,1176.5,30128473278.3769,3895642689.9539776,74383494534.63927,2e-08,2e-09,3e-08,-2.0,1.002,3,1.232e-08,0.0,0.0,,0.0,"NO2,CHOCHO,H2O",3,0.12
B_n2_017,hot_PNs,B_noise,uncertainty calibration: 60 replicates of one truth,,444.146,470.685,552,1176.5,30128473278.3769,3895642689.9539776,74383494534.63927,2e-08,2e-09,3e-08,-2.0,1.002,3,1.232e-08,0.0,0.0,,0.0,"NO2,CHOCHO,H2O",3,0.12
B_n2_018,hot_PNs,B_noise,uncertainty calibration: 60 replicates of one truth,,444.146,470.685,552,1176.5,30128473278.3769,3895642689.9539776,74383494534.63927,2e-08,2e-09,3e-08,-2.0,1.002,3,1.232e-08,0.0,0.0,,0.0,"NO2,CHOCHO,H2O",3,0.12
B_n2_019,hot_PNs,B_noise,uncertainty calibration: 60 replicates of one truth,,444.146,470.685,552,1176.5,30128473278.3769,3895642689.9539776,74383494534.63927,2e-08,2e-09,3e-08,-2.0,1.002,3,1.232e-08,0.0,0.0,,0.0,"NO2,CHOCHO,H2O",3,0.12
B_n2_020,hot_PNs,B_noise,uncertainty calibration: 60 replicates of one truth,,444.146,470.685,552,1176.5,30128473278.3769,3895642689.9539776,74383494534.63927,2e-08,2e-09,3e-08,-2.0,1.002,3,1.232e-08,0.0,0.0,,0.0,"NO2,CHOCHO,H2O",3,0.12
B_n2_021,hot_PNs,B_noise,uncertainty calibration: 60 replicates of one truth,,444.146,470.685,552,1176.5,30128473278.3769,3895642689.9539776,74383494534.63927,2e-08,2e-09,3e-08,-2.0,1.002,3,1.232e-08,0.0,0.0,,0.0,"NO2,CHOCHO,H2O",3,0.12
B_n2_022,hot_PNs,B_noise,uncertainty calibration: 60 replicates of one truth,,444.146,470.685,552,1176.5,30128473278.3769,3895642689.9539776,74383494534.63927,2e-08,2e-09,3e-08,-2.0,1.002,3,1.232e-08,0.0,0.0,,0.0,"NO2,CHOCHO,H2O",3,0.12
B_n2_023,hot_PNs,B_noise,uncertainty calibration: 60 replicates of one truth,,444.146,470.685,552,1176.5,30128473278.3769,3895642689.9539776,74383494534.63927,2e-08,2e-09,3e-08,-2.0,1.002,3,1.232e-08,0.0,0.0,,0.0,"NO2,CHOCHO,H2O",3,0.12
B_n2_024,hot_PNs,B_noise,uncertainty calibration: 60 replicates of one truth,,444.146,470.685,552,1176.5,30128473278.3769,3895642689.9539776,74383494534.63927,2e-08,2e-09,3e-08,-2.0,1.002,3,1.232e-08,0.0,0.0,,0.0,"NO2,CHOCHO,H2O",3,0.12
B_n2_025,hot_PNs,B_noise,uncertainty calibration: 60 replicates of one truth,,444.146,470.685,552,1176.5,30128473278.3769,3895642689.9539776,74383494534.63927,2e-08,2e-09,3e-08,-2.0,1.002,3,1.232e-08,0.0,0.0,,0.0,"NO2,CHOCHO,H2O",3,0.12
B_n2_026,hot_PNs,B_noise,uncertainty calibration: 60 replicates of one truth,,444.146,470.685,552,1176.5,30128473278.3769,3895642689.9539776,74383494534.63927,2e-08,2e-09,3e-08,-2.0,1.002,3,1.232e-08,0.0,0.0,,0.0,"NO2,CHOCHO,H2O",3,0.12
B_n2_027,hot_PNs,B_noise,uncertainty calibration: 60 replicates of one truth,,444.146,470.685,552,1176.5,30128473278.3769,3895642689.9539776,74383494534.63927,2e-08,2e-09,3e-08,-2.0,1.002,3,1.232e-08,0.0,0.0,,0.0,"NO2,CHOCHO,H2O",3,0.12
B_n2_028,hot_PNs,B_noise,uncertainty calibration: 60 replicates of one truth,,444.146,470.685,552,1176.5,30128473278.3769,3895642689.9539776,74383494534.63927,2e-08,2e-09,3e-08,-2.0,1.002,3,1.232e-08,0.0,0.0,,0.0,"NO2,CHOCHO,H2O",3,0.12
B_n2_029,hot_PNs,B_noise,uncertainty calibration: 60 replicates of one truth,,444.146,470.685,552,1176.5,30128473278.3769,3895642689.9539776,74383494534.63927,2e-08,2e-09,3e-08,-2.0,1.002,3,1.232e-08,0.0,0.0,,0.0,"NO2,CHOCHO,H2O",3,0.12
B_n2_030,hot_PNs,B_noise,uncertainty calibration: 60 replicates of one truth,,444.146,470.685,552,1176.5,30128473278.3769,3895642689.9539776,74383494534.63927,2e-08,2e-09,3e-08,-2.0,1.002,3,1.232e-08,0.0,0.0,,0.0,"NO2,CHOCHO,H2O",3,0.12
B_n2_031,hot_PNs,B_noise,uncertainty calibration: 60 replicates of one truth,,444.146,470.685,552,1176.5,30128473278.3769,3895642689.9539776,74383494534.63927,2e-08,2e-09,3e-08,-2.0,1.002,3,1.232e-08,0.0,0.0,,0.0,"NO2,CHOCHO,H2O",3,0.12
B_n2_032,hot_PNs,B_noise,uncertainty calibration: 60 replicates of one truth,,444.146,470.685,552,1176.5,30128473278.3769,3895642689.9539776,74383494534.63927,2e-08,2e-09,3e-08,-2.0,1.002,3,1.232e-08,0.0,0.0,,0.0,"NO2,CHOCHO,H2O",3,0.12
B_n2_033,hot_PNs,B_noise,uncertainty calibration: 60 replicates of one truth,,444.146,470.685,552,1176.5,30128473278.3769,3895642689.9539776,74383494534.63927,2e-08,2e-09,3e-08,-2.0,1.002,3,1.232e-08,0.0,0.0,,0.0,"NO2,CHOCHO,H2O",3,0.12
B_n2_034,hot_PNs,B_noise,uncertainty calibration: 60 replicates of one truth,,444.146,470.685,552,1176.5,30128473278.3769,3895642689.9539776,74383494534.63927,2e-08,2e-09,3e-08,-2.0,1.002,3,1.232e-08,0.0,0.0,,0.0,"NO2,CHOCHO,H2O",3,0.12
B_n2_035,hot_PNs,B_noise,uncertainty calibration: 60 replicates of one truth,,444.146,470.685,552,1176.5,30128473278.3769,3895642689.9539776,74383494534.63927,2e-08,2e-09,3e-08,-2.0,1.002,3,1.232e-08,0.0,0.0,,0.0,"NO2,CHOCHO,H2O",3,0.12
B_n2_036,hot_PNs,B_noise,uncertainty calibration: 60 replicates of one truth,,444.146,470.685,552,1176.5,30128473278.3769,3895642689.9539776,74383494534.63927,2e-08,2e-09,3e-08,-2.0,1.002,3,1.232e-08,0.0,0.0,,0.0,"NO2,CHOCHO,H2O",3,0.12
B_n2_037,hot_PNs,B_noise,uncertainty calibration: 60 replicates of one truth,,444.146,470.685,552,1176.5,30128473278.3769,3895642689.9539776,74383494534.63927,2e-08,2e-09,3e-08,-2.0,1.002,3,1.232e-08,0.0,0.0,,0.0,"NO2,CHOCHO,H2O",3,0.12
B_n2_038,hot_PNs,B_noise,uncertainty calibration: 60 replicates of one truth,,444.146,470.685,552,1176.5,30128473278.3769,3895642689.9539776,74383494534.63927,2e-08,2e-09,3e-08,-2.0,1.002,3,1.232e-08,0.0,0.0,,0.0,"NO2,CHOCHO,H2O",3,0.12
B_n2_039,hot_PNs,B_noise,uncertainty calibration: 60 replicates of one truth,,444.146,470.685,552,1176.5,30128473278.3769,3895642689.9539776,74383494534.63927,2e-08,2e-09,3e-08,-2.0,1.002,3,1.232e-08,0.0,0.0,,0.0,"NO2,CHOCHO,H2O",3,0.12
B_n2_040,hot_PNs,B_noise,uncertainty calibration: 60 replicates of one truth,,444.146,470.685,552,1176.5,30128473278.3769,3895642689.9539776,74383494534.63927,2e-08,2e-09,3e-08,-2.0,1.002,3,1.232e-08,0.0,0.0,,0.0,"NO2,CHOCHO,H2O",3,0.12
B_n2_041,hot_PNs,B_noise,uncertainty calibration: 60 replicates of one truth,,444.146,470.685,552,1176.5,30128473278.3769,3895642689.9539776,74383494534.63927,2e-08,2e-09,3e-08,-2.0,1.002,3,1.232e-08,0.0,0.0,,0.0,"NO2,CHOCHO,H2O",3,0.12
B_n2_042,hot_PNs,B_noise,uncertainty calibration: 60 replicates of one truth,,444.146,470.685,552,1176.5,30128473278.3769,3895642689.9539776,74383494534.63927,2e-08,2e-09,3e-08,-2.0,1.002,3,1.232e-08,0.0,0.0,,0.0,"NO2,CHOCHO,H2O",3,0.12
B_n2_043,hot_PNs,B_noise,uncertainty calibration: 60 replicates of one truth,,444.146,470.685,552,1176.5,30128473278.3769,3895642689.9539776,74383494534.63927,2e-08,2e-09,3e-08,-2.0,1.002,3,1.232e-08,0.0,0.0,,0.0,"NO2,CHOCHO,H2O",3,0.12
B_n2_044,hot_PNs,B_noise,uncertainty calibration: 60 replicates of one truth,,444.146,470.685,552,1176.5,30128473278.3769,3895642689.9539776,74383494534.63927,2e-08,2e-09,3e-08,-2.0,1.002,3,1.232e-08,0.0,0.0,,0.0,"NO2,CHOCHO,H2O",3,0.12
B_n2_045,hot_PNs,B_noise,uncertainty calibration: 60 replicates of one truth,,444.146,470.685,552,1176.5,30128473278.3769,3895642689.9539776,74383494534.63927,2e-08,2e-09,3e-08,-2.0,1.002,3,1.232e-08,0.0,0.0,,0.0,"NO2,CHOCHO,H2O",3,0.12
B_n2_046,hot_PNs,B_noise,uncertainty calibration: 60 replicates of one truth,,444.146,470.685,552,1176.5,30128473278.3769,3895642689.9539776,74383494534.63927,2e-08,2e-09,3e-08,-2.0,1.002,3,1.232e-08,0.0,0.0,,0.0,"NO2,CHOCHO,H2O",3,0.12
B_n2_047,hot_PNs,B_noise,uncertainty calibration: 60 replicates of one truth,,444.146,470.685,552,1176.5,30128473278.3769,3895642689.9539776,74383494534.63927,2e-08,2e-09,3e-08,-2.0,1.002,3,1.232e-08,0.0,0.0,,0.0,"NO2,CHOCHO,H2O",3,0.12
B_n2_048,hot_PNs,B_noise,uncertainty calibration: 60 replicates of one truth,,444.146,470.685,552,1176.5,30128473278.3769,3895642689.9539776,74383494534.63927,2e-08,2e-09,3e-08,-2.0,1.002,3,1.232e-08,0.0,0.0,,0.0,"NO2,CHOCHO,H2O",3,0.12
B_n2_049,hot_PNs,B_noise,uncertainty calibration: 60 replicates of one truth,,444.146,470.685,552,1176.5,30128473278.3769,3895642689.9539776,74383494534.63927,2e-08,2e-09,3e-08,-2.0,1.002,3,1.232e-08,0.0,0.0,,0.0,"NO2,CHOCHO,H2O",3,0.12
B_n2_050,hot_PNs,B_noise,uncertainty calibration: 60 replicates of one truth,,444.146,470.685,552,1176.5,30128473278.3769,3895642689.9539776,74383494534.63927,2e-08,2e-09,3e-08,-2.0,1.002,3,1.232e-08,0.0,0.0,,0.0,"NO2,CHOCHO,H2O",3,0.12
B_n2_051,hot_PNs,B_noise,uncertainty calibration: 60 replicates of one truth,,444.146,470.685,552,1176.5,30128473278.3769,3895642689.9539776,74383494534.63927,2e-08,2e-09,3e-08,-2.0,1.002,3,1.232e-08,0.0,0.0,,0.0,"NO2,CHOCHO,H2O",3,0.12
B_n2_052,hot_PNs,B_noise,uncertainty calibration: 60 replicates of one truth,,444.146,470.685,552,1176.5,30128473278.3769,3895642689.9539776,74383494534.63927,2e-08,2e-09,3e-08,-2.0,1.002,3,1.232e-08,0.0,0.0,,0.0,"NO2,CHOCHO,H2O",3,0.12
B_n2_053,hot_PNs,B_noise,uncertainty calibration: 60 replicates of one truth,,444.146,470.685,552,1176.5,30128473278.3769,3895642689.9539776,74383494534.63927,2e-08,2e-09,3e-08,-2.0,1.002,3,1.232e-08,0.0,0.0,,0.0,"NO2,CHOCHO,H2O",3,0.12
B_n2_054,hot_PNs,B_noise,uncertainty calibration: 60 replicates of one truth,,444.146,470.685,552,1176.5,30128473278.3769,3895642689.9539776,74383494534.63927,2e-08,2e-09,3e-08,-2.0,1.002,3,1.232e-08,0.0,0.0,,0.0,"NO2,CHOCHO,H2O",3,0.12
B_n2_055,hot_PNs,B_noise,uncertainty calibration: 60 replicates of one truth,,444.146,470.685,552,1176.5,30128473278.3769,3895642689.9539776,74383494534.63927,2e-08,2e-09,3e-08,-2.0,1.002,3,1.232e-08,0.0,0.0,,0.0,"NO2,CHOCHO,H2O",3,0.12
B_n2_056,hot_PNs,B_noise,uncertainty calibration: 60 replicates of one truth,,444.146,470.685,552,1176.5,30128473278.3769,3895642689.9539776,74383494534.63927,2e-08,2e-09,3e-08,-2.0,1.002,3,1.232e-08,0.0,0.0,,0.0,"NO2,CHOCHO,H2O",3,0.12
B_n2_057,hot_PNs,B_noise,uncertainty calibration: 60 replicates of one truth,,444.146,470.685,552,1176.5,30128473278.3769,3895642689.9539776,74383494534.63927,2e-08,2e-09,3e-08,-2.0,1.002,3,1.232e-08,0.0,0.0,,0.0,"NO2,CHOCHO,H2O",3,0.12
B_n2_058,hot_PNs,B_noise,uncertainty calibration: 60 replicates of one truth,,444.146,470.685,552,1176.5,30128473278.3769,3895642689.9539776,74383494534.63927,2e-08,2e-09,3e-08,-2.0,1.002,3,1.232e-08,0.0,0.0,,0.0,"NO2,CHOCHO,H2O",3,0.12
B_n2_059,hot_PNs,B_noise,uncertainty calibration: 60 replicates of one truth,,444.146,470.685,552,1176.5,30128473278.3769,3895642689.9539776,74383494534.63927,2e-08,2e-09,3e-08,-2.0,1.002,3,1.232e-08,0.0,0.0,,0.0,"NO2,CHOCHO,H2O",3,0.12
B_ar_000,hot_PNs,B_noise,uncertainty calibration: 60 replicates of one truth,,444.146,470.685,552,1176.5,30128473278.3769,3895642689.9539776,74383494534.63927,2e-08,2e-09,3e-08,-2.0,1.002,3,6.16e-09,0.5,0.0,,0.0,"NO2,CHOCHO,H2O",3,0.12
B_ar_001,hot_PNs,B_noise,uncertainty calibration: 60 replicates of one truth,,444.146,470.685,552,1176.5,30128473278.3769,3895642689.9539776,74383494534.63927,2e-08,2e-09,3e-08,-2.0,1.002,3,6.16e-09,0.5,0.0,,0.0,"NO2,CHOCHO,H2O",3,0.12
B_ar_002,hot_PNs,B_noise,uncertainty calibration: 60 replicates of one truth,,444.146,470.685,552,1176.5,30128473278.3769,3895642689.9539776,74383494534.63927,2e-08,2e-09,3e-08,-2.0,1.002,3,6.16e-09,0.5,0.0,,0.0,"NO2,CHOCHO,H2O",3,0.12
B_ar_003,hot_PNs,B_noise,uncertainty calibration: 60 replicates of one truth,,444.146,470.685,552,1176.5,30128473278.3769,3895642689.9539776,74383494534.63927,2e-08,2e-09,3e-08,-2.0,1.002,3,6.16e-09,0.5,0.0,,0.0,"NO2,CHOCHO,H2O",3,0.12
B_ar_004,hot_PNs,B_noise,uncertainty calibration: 60 replicates of one truth,,444.146,470.685,552,1176.5,30128473278.3769,3895642689.9539776,74383494534.63927,2e-08,2e-09,3e-08,-2.0,1.002,3,6.16e-09,0.5,0.0,,0.0,"NO2,CHOCHO,H2O",3,0.12
B_ar_005,hot_PNs,B_noise,uncertainty calibration: 60 replicates of one truth,,444.146,470.685,552,1176.5,30128473278.3769,3895642689.9539776,74383494534.63927,2e-08,2e-09,3e-08,-2.0,1.002,3,6.16e-09,0.5,0.0,,0.0,"NO2,CHOCHO,H2O",3,0.12
B_ar_006,hot_PNs,B_noise,uncertainty calibration: 60 replicates of one truth,,444.146,470.685,552,1176.5,30128473278.3769,3895642689.9539776,74383494534.63927,2e-08,2e-09,3e-08,-2.0,1.002,3,6.16e-09,0.5,0.0,,0.0,"NO2,CHOCHO,H2O",3,0.12
B_ar_007,hot_PNs,B_noise,uncertainty calibration: 60 replicates of one truth,,444.146,470.685,552,1176.5,30128473278.3769,3895642689.9539776,74383494534.63927,2e-08,2e-09,3e-08,-2.0,1.002,3,6.16e-09,0.5,0.0,,0.0,"NO2,CHOCHO,H2O",3,0.12
B_ar_008,hot_PNs,B_noise,uncertainty calibration: 60 replicates of one truth,,444.146,470.685,552,1176.5,30128473278.3769,3895642689.9539776,74383494534.63927,2e-08,2e-09,3e-08,-2.0,1.002,3,6.16e-09,0.5,0.0,,0.0,"NO2,CHOCHO,H2O",3,0.12
B_ar_009,hot_PNs,B_noise,uncertainty calibration: 60 replicates of one truth,,444.146,470.685,552,1176.5,30128473278.3769,3895642689.9539776,74383494534.63927,2e-08,2e-09,3e-08,-2.0,1.002,3,6.16e-09,0.5,0.0,,0.0,"NO2,CHOCHO,H2O",3,0.12
B_ar_010,hot_PNs,B_noise,uncertainty calibration: 60 replicates of one truth,,444.146,470.685,552,1176.5,30128473278.3769,3895642689.9539776,74383494534.63927,2e-08,2e-09,3e-08,-2.0,1.002,3,6.16e-09,0.5,0.0,,0.0,"NO2,CHOCHO,H2O",3,0.12
B_ar_011,hot_PNs,B_noise,uncertainty calibration: 60 replicates of one truth,,444.146,470.685,552,1176.5,30128473278.3769,3895642689.9539776,74383494534.63927,2e-08,2e-09,3e-08,-2.0,1.002,3,6.16e-09,0.5,0.0,,0.0,"NO2,CHOCHO,H2O",3,0.12
B_ar_012,hot_PNs,B_noise,uncertainty calibration: 60 replicates of one truth,,444.146,470.685,552,1176.5,30128473278.3769,3895642689.9539776,74383494534.63927,2e-08,2e-09,3e-08,-2.0,1.002,3,6.16e-09,0.5,0.0,,0.0,"NO2,CHOCHO,H2O",3,0.12
B_ar_013,hot_PNs,B_noise,uncertainty calibration: 60 replicates of one truth,,444.146,470.685,552,1176.5,30128473278.3769,3895642689.9539776,74383494534.63927,2e-08,2e-09,3e-08,-2.0,1.002,3,6.16e-09,0.5,0.0,,0.0,"NO2,CHOCHO,H2O",3,0.12
B_ar_014,hot_PNs,B_noise,uncertainty calibration: 60 replicates of one truth,,444.146,470.685,552,1176.5,30128473278.3769,3895642689.9539776,74383494534.63927,2e-08,2e-09,3e-08,-2.0,1.002,3,6.16e-09,0.5,0.0,,0.0,"NO2,CHOCHO,H2O",3,0.12
B_ar_015,hot_PNs,B_noise,uncertainty calibration: 60 replicates of one truth,,444.146,470.685,552,1176.5,30128473278.3769,3895642689.9539776,74383494534.63927,2e-08,2e-09,3e-08,-2.0,1.002,3,6.16e-09,0.5,0.0,,0.0,"NO2,CHOCHO,H2O",3,0.12
B_ar_016,hot_PNs,B_noise,uncertainty calibration: 60 replicates of one truth,,444.146,470.685,552,1176.5,30128473278.3769,3895642689.9539776,74383494534.63927,2e-08,2e-09,3e-08,-2.0,1.002,3,6.16e-09,0.5,0.0,,0.0,"NO2,CHOCHO,H2O",3,0.12
B_ar_017,hot_PNs,B_noise,uncertainty calibration: 60 replicates of one truth,,444.146,470.685,552,1176.5,30128473278.3769,3895642689.9539776,74383494534.63927,2e-08,2e-09,3e-08,-2.0,1.002,3,6.16e-09,0.5,0.0,,0.0,"NO2,CHOCHO,H2O",3,0.12
B_ar_018,hot_PNs,B_noise,uncertainty calibration: 60 replicates of one truth,,444.146,470.685,552,1176.5,30128473278.3769,3895642689.9539776,74383494534.63927,2e-08,2e-09,3e-08,-2.0,1.002,3,6.16e-09,0.5,0.0,,0.0,"NO2,CHOCHO,H2O",3,0.12
B_ar_019,hot_PNs,B_noise,uncertainty calibration: 60 replicates of one truth,,444.146,470.685,552,1176.5,30128473278.3769,3895642689.9539776,74383494534.63927,2e-08,2e-09,3e-08,-2.0,1.002,3,6.16e-09,0.5,0.0,,0.0,"NO2,CHOCHO,H2O",3,0.12
B_ar_020,hot_PNs,B_noise,uncertainty calibration: 60 replicates of one truth,,444.146,470.685,552,1176.5,30128473278.3769,3895642689.9539776,74383494534.63927,2e-08,2e-09,3e-08,-2.0,1.002,3,6.16e-09,0.5,0.0,,0.0,"NO2,CHOCHO,H2O",3,0.12
B_ar_021,hot_PNs,B_noise,uncertainty calibration: 60 replicates of one truth,,444.146,470.685,552,1176.5,30128473278.3769,3895642689.9539776,74383494534.63927,2e-08,2e-09,3e-08,-2.0,1.002,3,6.16e-09,0.5,0.0,,0.0,"NO2,CHOCHO,H2O",3,0.12
B_ar_022,hot_PNs,B_noise,uncertainty calibration: 60 replicates of one truth,,444.146,470.685,552,1176.5,30128473278.3769,3895642689.9539776,74383494534.63927,2e-08,2e-09,3e-08,-2.0,1.002,3,6.16e-09,0.5,0.0,,0.0,"NO2,CHOCHO,H2O",3,0.12
B_ar_023,hot_PNs,B_noise,uncertainty calibration: 60 replicates of one truth,,444.146,470.685,552,1176.5,30128473278.3769,3895642689.9539776,74383494534.63927,2e-08,2e-09,3e-08,-2.0,1.002,3,6.16e-09,0.5,0.0,,0.0,"NO2,CHOCHO,H2O",3,0.12
B_ar_024,hot_PNs,B_noise,uncertainty calibration: 60 replicates of one truth,,444.146,470.685,552,1176.5,30128473278.3769,3895642689.9539776,74383494534.63927,2e-08,2e-09,3e-08,-2.0,1.002,3,6.16e-09,0.5,0.0,,0.0,"NO2,CHOCHO,H2O",3,0.12
B_ar_025,hot_PNs,B_noise,uncertainty calibration: 60 replicates of one truth,,444.146,470.685,552,1176.5,30128473278.3769,3895642689.9539776,74383494534.63927,2e-08,2e-09,3e-08,-2.0,1.002,3,6.16e-09,0.5,0.0,,0.0,"NO2,CHOCHO,H2O",3,0.12
B_ar_026,hot_PNs,B_noise,uncertainty calibration: 60 replicates of one truth,,444.146,470.685,552,1176.5,30128473278.3769,3895642689.9539776,74383494534.63927,2e-08,2e-09,3e-08,-2.0,1.002,3,6.16e-09,0.5,0.0,,0.0,"NO2,CHOCHO,H2O",3,0.12
B_ar_027,hot_PNs,B_noise,uncertainty calibration: 60 replicates of one truth,,444.146,470.685,552,1176.5,30128473278.3769,3895642689.9539776,74383494534.63927,2e-08,2e-09,3e-08,-2.0,1.002,3,6.16e-09,0.5,0.0,,0.0,"NO2,CHOCHO,H2O",3,0.12
B_ar_028,hot_PNs,B_noise,uncertainty calibration: 60 replicates of one truth,,444.146,470.685,552,1176.5,30128473278.3769,3895642689.9539776,74383494534.63927,2e-08,2e-09,3e-08,-2.0,1.002,3,6.16e-09,0.5,0.0,,0.0,"NO2,CHOCHO,H2O",3,0.12
B_ar_029,hot_PNs,B_noise,uncertainty calibration: 60 replicates of one truth,,444.146,470.685,552,1176.5,30128473278.3769,3895642689.9539776,74383494534.63927,2e-08,2e-09,3e-08,-2.0,1.002,3,6.16e-09,0.5,0.0,,0.0,"NO2,CHOCHO,H2O",3,0.12
B_ar_030,hot_PNs,B_noise,uncertainty calibration: 60 replicates of one truth,,444.146,470.685,552,1176.5,30128473278.3769,3895642689.9539776,74383494534.63927,2e-08,2e-09,3e-08,-2.0,1.002,3,6.16e-09,0.5,0.0,,0.0,"NO2,CHOCHO,H2O",3,0.12
B_ar_031,hot_PNs,B_noise,uncertainty calibration: 60 replicates of one truth,,444.146,470.685,552,1176.5,30128473278.3769,3895642689.9539776,74383494534.63927,2e-08,2e-09,3e-08,-2.0,1.002,3,6.16e-09,0.5,0.0,,0.0,"NO2,CHOCHO,H2O",3,0.12
B_ar_032,hot_PNs,B_noise,uncertainty calibration: 60 replicates of one truth,,444.146,470.685,552,1176.5,30128473278.3769,3895642689.9539776,74383494534.63927,2e-08,2e-09,3e-08,-2.0,1.002,3,6.16e-09,0.5,0.0,,0.0,"NO2,CHOCHO,H2O",3,0.12
B_ar_033,hot_PNs,B_noise,uncertainty calibration: 60 replicates of one truth,,444.146,470.685,552,1176.5,30128473278.3769,3895642689.9539776,74383494534.63927,2e-08,2e-09,3e-08,-2.0,1.002,3,6.16e-09,0.5,0.0,,0.0,"NO2,CHOCHO,H2O",3,0.12
B_ar_034,hot_PNs,B_noise,uncertainty calibration: 60 replicates of one truth,,444.146,470.685,552,1176.5,30128473278.3769,3895642689.9539776,74383494534.63927,2e-08,2e-09,3e-08,-2.0,1.002,3,6.16e-09,0.5,0.0,,0.0,"NO2,CHOCHO,H2O",3,0.12
B_ar_035,hot_PNs,B_noise,uncertainty calibration: 60 replicates of one truth,,444.146,470.685,552,1176.5,30128473278.3769,3895642689.9539776,74383494534.63927,2e-08,2e-09,3e-08,-2.0,1.002,3,6.16e-09,0.5,0.0,,0.0,"NO2,CHOCHO,H2O",3,0.12
B_ar_036,hot_PNs,B_noise,uncertainty calibration: 60 replicates of one truth,,444.146,470.685,552,1176.5,30128473278.3769,3895642689.9539776,74383494534.63927,2e-08,2e-09,3e-08,-2.0,1.002,3,6.16e-09,0.5,0.0,,0.0,"NO2,CHOCHO,H2O",3,0.12
B_ar_037,hot_PNs,B_noise,uncertainty calibration: 60 replicates of one truth,,444.146,470.685,552,1176.5,30128473278.3769,3895642689.9539776,74383494534.63927,2e-08,2e-09,3e-08,-2.0,1.002,3,6.16e-09,0.5,0.0,,0.0,"NO2,CHOCHO,H2O",3,0.12
B_ar_038,hot_PNs,B_noise,uncertainty calibration: 60 replicates of one truth,,444.146,470.685,552,1176.5,30128473278.3769,3895642689.9539776,74383494534.63927,2e-08,2e-09,3e-08,-2.0,1.002,3,6.16e-09,0.5,0.0,,0.0,"NO2,CHOCHO,H2O",3,0.12
B_ar_039,hot_PNs,B_noise,uncertainty calibration: 60 replicates of one truth,,444.146,470.685,552,1176.5,30128473278.3769,3895642689.9539776,74383494534.63927,2e-08,2e-09,3e-08,-2.0,1.002,3,6.16e-09,0.5,0.0,,0.0,"NO2,CHOCHO,H2O",3,0.12
B_ar_040,hot_PNs,B_noise,uncertainty calibration: 60 replicates of one truth,,444.146,470.685,552,1176.5,30128473278.3769,3895642689.9539776,74383494534.63927,2e-08,2e-09,3e-08,-2.0,1.002,3,6.16e-09,0.5,0.0,,0.0,"NO2,CHOCHO,H2O",3,0.12
B_ar_041,hot_PNs,B_noise,uncertainty calibration: 60 replicates of one truth,,444.146,470.685,552,1176.5,30128473278.3769,3895642689.9539776,74383494534.63927,2e-08,2e-09,3e-08,-2.0,1.002,3,6.16e-09,0.5,0.0,,0.0,"NO2,CHOCHO,H2O",3,0.12
B_ar_042,hot_PNs,B_noise,uncertainty calibration: 60 replicates of one truth,,444.146,470.685,552,1176.5,30128473278.3769,3895642689.9539776,74383494534.63927,2e-08,2e-09,3e-08,-2.0,1.002,3,6.16e-09,0.5,0.0,,0.0,"NO2,CHOCHO,H2O",3,0.12
B_ar_043,hot_PNs,B_noise,uncertainty calibration: 60 replicates of one truth,,444.146,470.685,552,1176.5,30128473278.3769,3895642689.9539776,74383494534.63927,2e-08,2e-09,3e-08,-2.0,1.002,3,6.16e-09,0.5,0.0,,0.0,"NO2,CHOCHO,H2O",3,0.12
B_ar_044,hot_PNs,B_noise,uncertainty calibration: 60 replicates of one truth,,444.146,470.685,552,1176.5,30128473278.3769,3895642689.9539776,74383494534.63927,2e-08,2e-09,3e-08,-2.0,1.002,3,6.16e-09,0.5,0.0,,0.0,"NO2,CHOCHO,H2O",3,0.12
B_ar_045,hot_PNs,B_noise,uncertainty calibration: 60 replicates of one truth,,444.146,470.685,552,1176.5,30128473278.3769,3895642689.9539776,74383494534.63927,2e-08,2e-09,3e-08,-2.0,1.002,3,6.16e-09,0.5,0.0,,0.0,"NO2,CHOCHO,H2O",3,0.12
B_ar_046,hot_PNs,B_noise,uncertainty calibration: 60 replicates of one truth,,444.146,470.685,552,1176.5,30128473278.3769,3895642689.9539776,74383494534.63927,2e-08,2e-09,3e-08,-2.0,1.002,3,6.16e-09,0.5,0.0,,0.0,"NO2,CHOCHO,H2O",3,0.12
B_ar_047,hot_PNs,B_noise,uncertainty calibration: 60 replicates of one truth,,444.146,470.685,552,1176.5,30128473278.3769,3895642689.9539776,74383494534.63927,2e-08,2e-09,3e-08,-2.0,1.002,3,6.16e-09,0.5,0.0,,0.0,"NO2,CHOCHO,H2O",3,0.12
B_ar_048,hot_PNs,B_noise,uncertainty calibration: 60 replicates of one truth,,444.146,470.685,552,1176.5,30128473278.3769,3895642689.9539776,74383494534.63927,2e-08,2e-09,3e-08,-2.0,1.002,3,6.16e-09,0.5,0.0,,0.0,"NO2,CHOCHO,H2O",3,0.12
B_ar_049,hot_PNs,B_noise,uncertainty calibration: 60 replicates of one truth,,444.146,470.685,552,1176.5,30128473278.3769,3895642689.9539776,74383494534.63927,2e-08,2e-09,3e-08,-2.0,1.002,3,6.16e-09,0.5,0.0,,0.0,"NO2,CHOCHO,H2O",3,0.12
B_ar_050,hot_PNs,B_noise,uncertainty calibration: 60 replicates of one truth,,444.146,470.685,552,1176.5,30128473278.3769,3895642689.9539776,74383494534.63927,2e-08,2e-09,3e-08,-2.0,1.002,3,6.16e-09,0.5,0.0,,0.0,"NO2,CHOCHO,H2O",3,0.12
B_ar_051,hot_PNs,B_noise,uncertainty calibration: 60 replicates of one truth,,444.146,470.685,552,1176.5,30128473278.3769,3895642689.9539776,74383494534.63927,2e-08,2e-09,3e-08,-2.0,1.002,3,6.16e-09,0.5,0.0,,0.0,"NO2,CHOCHO,H2O",3,0.12
B_ar_052,hot_PNs,B_noise,uncertainty calibration: 60 replicates of one truth,,444.146,470.685,552,1176.5,30128473278.3769,3895642689.9539776,74383494534.63927,2e-08,2e-09,3e-08,-2.0,1.002,3,6.16e-09,0.5,0.0,,0.0,"NO2,CHOCHO,H2O",3,0.12
B_ar_053,hot_PNs,B_noise,uncertainty calibration: 60 replicates of one truth,,444.146,470.685,552,1176.5,30128473278.3769,3895642689.9539776,74383494534.63927,2e-08,2e-09,3e-08,-2.0,1.002,3,6.16e-09,0.5,0.0,,0.0,"NO2,CHOCHO,H2O",3,0.12
B_ar_054,hot_PNs,B_noise,uncertainty calibration: 60 replicates of one truth,,444.146,470.685,552,1176.5,30128473278.3769,3895642689.9539776,74383494534.63927,2e-08,2e-09,3e-08,-2.0,1.002,3,6.16e-09,0.5,0.0,,0.0,"NO2,CHOCHO,H2O",3,0.12
B_ar_055,hot_PNs,B_noise,uncertainty calibration: 60 replicates of one truth,,444.146,470.685,552,1176.5,30128473278.3769,3895642689.9539776,74383494534.63927,2e-08,2e-09,3e-08,-2.0,1.002,3,6.16e-09,0.5,0.0,,0.0,"NO2,CHOCHO,H2O",3,0.12
B_ar_056,hot_PNs,B_noise,uncertainty calibration: 60 replicates of one truth,,444.146,470.685,552,1176.5,30128473278.3769,3895642689.9539776,74383494534.63927,2e-08,2e-09,3e-08,-2.0,1.002,3,6.16e-09,0.5,0.0,,0.0,"NO2,CHOCHO,H2O",3,0.12
B_ar_057,hot_PNs,B_noise,uncertainty calibration: 60 replicates of one truth,,444.146,470.685,552,1176.5,30128473278.3769,3895642689.9539776,74383494534.63927,2e-08,2e-09,3e-08,-2.0,1.002,3,6.16e-09,0.5,0.0,,0.0,"NO2,CHOCHO,H2O",3,0.12
B_ar_058,hot_PNs,B_noise,uncertainty calibration: 60 replicates of one truth,,444.146,470.685,552,1176.5,30128473278.3769,3895642689.9539776,74383494534.63927,2e-08,2e-09,3e-08,-2.0,1.002,3,6.16e-09,0.5,0.0,,0.0,"NO2,CHOCHO,H2O",3,0.12
B_ar_059,hot_PNs,B_noise,uncertainty calibration: 60 replicates of one truth,,444.146,470.685,552,1176.5,30128473278.3769,3895642689.9539776,74383494534.63927,2e-08,2e-09,3e-08,-2.0,1.002,3,6.16e-09,0.5,0.0,,0.0,"NO2,CHOCHO,H2O",3,0.12
C_ils_0.25px,hot_PNs,C_mismatch,reference convolved with extra ILS width,,444.146,470.685,552,1176.5,30128473278.3769,3895642689.9539776,74383494534.63927,2e-08,2e-09,3e-08,-2.0,1.002,3,0.0,0.0,0.0,,0.25,"NO2,CHOCHO,H2O",3,0.12
C_ils_0.5px,hot_PNs,C_mismatch,reference convolved with extra ILS width,,444.146,470.685,552,1176.5,30128473278.3769,3895642689.9539776,74383494534.63927,2e-08,2e-09,3e-08,-2.0,1.002,3,0.0,0.0,0.0,,0.5,"NO2,CHOCHO,H2O",3,0.12
C_ils_1px,hot_PNs,C_mismatch,reference convolved with extra ILS width,,444.146,470.685,552,1176.5,30128473278.3769,3895642689.9539776,74383494534.63927,2e-08,2e-09,3e-08,-2.0,1.002,3,0.0,0.0,0.0,,1.0,"NO2,CHOCHO,H2O",3,0.12
C_ils_3px,hot_PNs,C_mismatch,reference convolved with extra ILS width,,444.146,470.685,552,1176.5,30128473278.3769,3895642689.9539776,74383494534.63927,2e-08,2e-09,3e-08,-2.0,1.002,3,0.0,0.0,0.0,,3.0,"NO2,CHOCHO,H2O",3,0.12
C_etalon_a0.005_f0.12,hot_PNs,C_mismatch,etalon present at f; fit uses the fixed operational f = 0.12,,444.146,470.685,552,1176.5,30128473278.3769,3895642689.9539776,74383494534.63927,2e-08,2e-09,3e-08,-2.0,1.002,3,0.0,0.0,9.25e-10,0.12,0.0,"NO2,CHOCHO,H2O",3,0.12
C_etalon_a0.005_f0.16,hot_PNs,C_mismatch,etalon present at f; fit uses the fixed operational f = 0.12,,444.146,470.685,552,1176.5,30128473278.3769,3895642689.9539776,74383494534.63927,2e-08,2e-09,3e-08,-2.0,1.002,3,0.0,0.0,9.25e-10,0.16,0.0,"NO2,CHOCHO,H2O",3,0.12
C_etalon_a0.005_f0.35,hot_PNs,C_mismatch,etalon present at f; fit uses the fixed operational f = 0.12,,444.146,470.685,552,1176.5,30128473278.3769,3895642689.9539776,74383494534.63927,2e-08,2e-09,3e-08,-2.0,1.002,3,0.0,0.0,9.25e-10,0.35,0.0,"NO2,CHOCHO,H2O",3,0.12
C_etalon_a0.01_f0.12,hot_PNs,C_mismatch,etalon present at f; fit uses the fixed operational f = 0.12,,444.146,470.685,552,1176.5,30128473278.3769,3895642689.9539776,74383494534.63927,2e-08,2e-09,3e-08,-2.0,1.002,3,0.0,0.0,1.85e-09,0.12,0.0,"NO2,CHOCHO,H2O",3,0.12
C_etalon_a0.01_f0.16,hot_PNs,C_mismatch,etalon present at f; fit uses the fixed operational f = 0.12,,444.146,470.685,552,1176.5,30128473278.3769,3895642689.9539776,74383494534.63927,2e-08,2e-09,3e-08,-2.0,1.002,3,0.0,0.0,1.85e-09,0.16,0.0,"NO2,CHOCHO,H2O",3,0.12
C_etalon_a0.01_f0.35,hot_PNs,C_mismatch,etalon present at f; fit uses the fixed operational f = 0.12,,444.146,470.685,552,1176.5,30128473278.3769,3895642689.9539776,74383494534.63927,2e-08,2e-09,3e-08,-2.0,1.002,3,0.0,0.0,1.85e-09,0.35,0.0,"NO2,CHOCHO,H2O",3,0.12
C_etalon_a0.02_f0.12,hot_PNs,C_mismatch,etalon present at f; fit uses the fixed operational f = 0.12,,444.146,470.685,552,1176.5,30128473278.3769,3895642689.9539776,74383494534.63927,2e-08,2e-09,3e-08,-2.0,1.002,3,0.0,0.0,3.7e-09,0.12,0.0,"NO2,CHOCHO,H2O",3,0.12
C_etalon_a0.02_f0.16,hot_PNs,C_mismatch,etalon present at f; fit uses the fixed operational f = 0.12,,444.146,470.685,552,1176.5,30128473278.3769,3895642689.9539776,74383494534.63927,2e-08,2e-09,3e-08,-2.0,1.002,3,0.0,0.0,3.7e-09,0.16,0.0,"NO2,CHOCHO,H2O",3,0.12
C_etalon_a0.02_f0.35,hot_PNs,C_mismatch,etalon present at f; fit uses the fixed operational f = 0.12,,444.146,470.685,552,1176.5,30128473278.3769,3895642689.9539776,74383494534.63927,2e-08,2e-09,3e-08,-2.0,1.002,3,0.0,0.0,3.7e-09,0.35,0.0,"NO2,CHOCHO,H2O",3,0.12
C_missing_a2e-09,hot_PNs,C_mismatch,CHOCHO and H2O present; submitter is told to fit NO2 only,,444.146,470.685,552,1176.5,3012847327.8376904,3895642689.9539776,74383494534.63927,2e-09,2e-09,3e-08,-2.0,1.002,3,0.0,0.0,0.0,,0.0,NO2,3,0.12
C_missing_a2e-08,hot_PNs,C_mismatch,CHOCHO and H2O present; submitter is told to fit NO2 only,,444.146,470.685,552,1176.5,30128473278.3769,3895642689.9539776,74383494534.63927,2e-08,2e-09,3e-08,-2.0,1.002,3,0.0,0.0,0.0,,0.0,NO2,3,0.12
C_missing_a1e-07,hot_PNs,C_mismatch,CHOCHO and H2O present; submitter is told to fit NO2 only,,444.146,470.685,552,1176.5,150642366391.8845,3895642689.9539776,74383494534.63927,1e-07,2e-09,3e-08,-2.0,1.002,3,0.0,0.0,0.0,,0.0,NO2,3,0.12
D_flat_sm4,hot_PNs,D_identifiability,"shift is not constrained; a code should report that, not a value",,444.146,470.685,552,1176.5,9038541983.51307,3895642689.9539776,74383494534.63927,6e-09,2e-09,3e-08,-4.0,1.002,5,6.16e-09,0.0,0.0,,0.0,"NO2,CHOCHO,H2O",5,0.12
D_flat_sm2,hot_PNs,D_identifiability,"shift is not constrained; a code should report that, not a value",,444.146,470.685,552,1176.5,9038541983.51307,3895642689.9539776,74383494534.63927,6e-09,2e-09,3e-08,-2.0,1.002,5,6.16e-09,0.0,0.0,,0.0,"NO2,CHOCHO,H2O",5,0.12
D_flat_sp0,hot_PNs,D_identifiability,"shift is not constrained; a code should report that, not a value",,444.146,470.685,552,1176.5,9038541983.51307,3895642689.9539776,74383494534.63927,6e-09,2e-09,3e-08,0.0,1.002,5,6.16e-09,0.0,0.0,,0.0,"NO2,CHOCHO,H2O",5,0.12
D_flat_sp2,hot_PNs,D_identifiability,"shift is not constrained; a code should report that, not a value",,444.146,470.685,552,1176.5,9038541983.51307,3895642689.9539776,74383494534.63927,6e-09,2e-09,3e-08,2.0,1.002,5,6.16e-09,0.0,0.0,,0.0,"NO2,CHOCHO,H2O",5,0.12
D_flat_sp4,hot_PNs,D_identifiability,"shift is not constrained; a code should report that, not a value",,444.146,470.685,552,1176.5,9038541983.51307,3895642689.9539776,74383494534.63927,6e-09,2e-09,3e-08,4.0,1.002,5,6.16e-09,0.0,0.0,,0.0,"NO2,CHOCHO,H2O",5,0.12
E_hot_PNs_E00,hot_PNs,E_window,same truth in two windows; the answer should not depend on the window,E00,444.146,470.685,552,1176.5,30128473278.3769,3895642689.9539776,74383494534.63927,2e-08,2e-09,3e-08,0.0,1.002,3,6.16e-09,0.0,0.0,,0.0,"NO2,CHOCHO,H2O",3,0.12
E_cold_E00,cold,E_window,same truth in two windows; the answer should not depend on the window,E00,438.42,475.741,775,1161.0,30797159007.045452,4046326841.0997033,37932997964.495094,2e-08,2e-09,3e-08,0.0,1.002,3,6.16e-09,0.0,0.0,,0.0,"NO2,CHOCHO,H2O",4,0.12
E_hot_PNs_E01,hot_PNs,E_window,same truth in two windows; the answer should not depend on the window,E01,444.146,470.685,552,1176.5,30128473278.3769,3895642689.9539776,74383494534.63927,2e-08,2e-09,3e-08,-2.0,1.002,3,6.16e-09,0.0,0.0,,0.0,"NO2,CHOCHO,H2O",3,0.12
E_cold_E01,cold,E_window,same truth in two windows; the answer should not depend on the window,E01,438.42,475.741,775,1161.0,30797159007.045452,4046326841.0997033,37932997964.495094,2e-08,2e-09,3e-08,-2.0,1.002,3,6.16e-09,0.0,0.0,,0.0,"NO2,CHOCHO,H2O",4,0.12
E_hot_PNs_E02,hot_PNs,E_window,same truth in two windows; the answer should not depend on the window,E02,444.146,470.685,552,1176.5,30128473278.3769,3895642689.9539776,74383494534.63927,2e-08,2e-09,3e-08,2.0,1.002,3,6.16e-09,0.0,0.0,,0.0,"NO2,CHOCHO,H2O",3,0.12
E_cold_E02,cold,E_window,same truth in two windows; the answer should not depend on the window,E02,438.42,475.741,775,1161.0,30797159007.045452,4046326841.0997033,37932997964.495094,2e-08,2e-09,3e-08,2.0,1.002,3,6.16e-09,0.0,0.0,,0.0,"NO2,CHOCHO,H2O",4,0.12
E_hot_PNs_E03,hot_PNs,E_window,same truth in two windows; the answer should not depend on the window,E03,444.146,470.685,552,1176.5,150642366391.8845,3895642689.9539776,74383494534.63927,1e-07,2e-09,3e-08,0.0,1.002,3,6.16e-09,0.0,0.0,,0.0,"NO2,CHOCHO,H2O",3,0.12
E_cold_E03,cold,E_window,same truth in two windows; the answer should not depend on the window,E03,438.42,475.741,775,1161.0,153985795035.22726,4046326841.0997033,37932997964.495094,1.0000000000000001e-07,2e-09,3e-08,0.0,1.002,3,6.16e-09,0.0,0.0,,0.0,"NO2,CHOCHO,H2O",4,0.12
E_hot_PNs_E04,hot_PNs,E_window,same truth in two windows; the answer should not depend on the window,E04,444.146,470.685,552,1176.5,150642366391.8845,3895642689.9539776,74383494534.63927,1e-07,2e-09,3e-08,-2.0,1.002,3,6.16e-09,0.0,0.0,,0.0,"NO2,CHOCHO,H2O",3,0.12
E_cold_E04,cold,E_window,same truth in two windows; the answer should not depend on the window,E04,438.42,475.741,775,1161.0,153985795035.22726,4046326841.0997033,37932997964.495094,1.0000000000000001e-07,2e-09,3e-08,-2.0,1.002,3,6.16e-09,0.0,0.0,,0.0,"NO2,CHOCHO,H2O",4,0.12
E_hot_PNs_E05,hot_PNs,E_window,same truth in two windows; the answer should not depend on the window,E05,444.146,470.685,552,1176.5,602569465567.538,3895642689.9539776,74383494534.63927,4e-07,2e-09,3e-08,0.0,1.002,3,6.16e-09,0.0,0.0,,0.0,"NO2,CHOCHO,H2O",3,0.12
E_cold_E05,cold,E_window,same truth in two windows; the answer should not depend on the window,E05,438.42,475.741,775,1161.0,615943180140.909,4046326841.0997033,37932997964.495094,4.0000000000000003e-07,2e-09,3e-08,0.0,1.002,3,6.16e-09,0.0,0.0,,0.0,"NO2,CHOCHO,H2O",4,0.12
E_hot_PNs_E06,hot_PNs,E_window,same truth in two windows; the answer should not depend on the window,E06,444.146,470.685,552,1176.5,602569465567.538,3895642689.9539776,74383494534.63927,4e-07,2e-09,3e-08,-2.0,1.002,3,6.16e-09,0.0,0.0,,0.0,"NO2,CHOCHO,H2O",3,0.12
E_cold_E06,cold,E_window,same truth in two windows; the answer should not depend on the window,E06,438.42,475.741,775,1161.0,615943180140.909,4046326841.0997033,37932997964.495094,4.0000000000000003e-07,2e-09,3e-08,-2.0,1.002,3,6.16e-09,0.0,0.0,,0.0,"NO2,CHOCHO,H2O",4,0.12
E_hot_PNs_E07,hot_PNs,E_window,same truth in two windows; the answer should not depend on the window,E07,444.146,470.685,552,1176.5,602569465567.538,3895642689.9539776,74383494534.63927,4e-07,2e-09,3e-08,2.0,1.002,3,6.16e-09,0.0,0.0,,0.0,"NO2,CHOCHO,H2O",3,0.12
E_cold_E07,cold,E_window,same truth in two windows; the answer should not depend on the window,E07,438.42,475.741,775,1161.0,615943180140.909,4046326841.0997033,37932997964.495094,4.0000000000000003e-07,2e-09,3e-08,2.0,1.002,3,6.16e-09,0.0,0.0,,0.0,"NO2,CHOCHO,H2O",4,0.12
F_subpix_a2em08_sm196,hot_PNs,F_subpixel,"non-integer shift with squeeze; truth uses band-limited sub-pixel resampling, so the result depends on the interpolator chosen",,444.146,470.685,552,1176.5,30128473278.3769,3895642689.9539776,74383494534.63927,2e-08,2e-09,3e-08,-1.96,1.002,3,0.0,0.0,0.0,,0.0,"NO2,CHOCHO,H2O",3,0.12
F_subpix_a2em08_sm037,hot_PNs,F_subpixel,"non-integer shift with squeeze; truth uses band-limited sub-pixel resampling, so the result depends on the interpolator chosen",,444.146,470.685,552,1176.5,30128473278.3769,3895642689.9539776,74383494534.63927,2e-08,2e-09,3e-08,-0.37,1.002,3,0.0,0.0,0.0,,0.0,"NO2,CHOCHO,H2O",3,0.12
F_subpix_a2em08_sp041,hot_PNs,F_subpixel,"non-integer shift with squeeze; truth uses band-limited sub-pixel resampling, so the result depends on the interpolator chosen",,444.146,470.685,552,1176.5,30128473278.3769,3895642689.9539776,74383494534.63927,2e-08,2e-09,3e-08,0.41,1.002,3,0.0,0.0,0.0,,0.0,"NO2,CHOCHO,H2O",3,0.12
F_subpix_a2em08_sp263,hot_PNs,F_subpixel,"non-integer shift with squeeze; truth uses band-limited sub-pixel resampling, so the result depends on the interpolator chosen",,444.146,470.685,552,1176.5,30128473278.3769,3895642689.9539776,74383494534.63927,2e-08,2e-09,3e-08,2.63,1.002,3,0.0,0.0,0.0,,0.0,"NO2,CHOCHO,H2O",3,0.12
F_subpix_a1em07_sm196,hot_PNs,F_subpixel,"non-integer shift with squeeze; truth uses band-limited sub-pixel resampling, so the result depends on the interpolator chosen",,444.146,470.685,552,1176.5,150642366391.8845,3895642689.9539776,74383494534.63927,1e-07,2e-09,3e-08,-1.96,1.002,3,0.0,0.0,0.0,,0.0,"NO2,CHOCHO,H2O",3,0.12
F_subpix_a1em07_sm037,hot_PNs,F_subpixel,"non-integer shift with squeeze; truth uses band-limited sub-pixel resampling, so the result depends on the interpolator chosen",,444.146,470.685,552,1176.5,150642366391.8845,3895642689.9539776,74383494534.63927,1e-07,2e-09,3e-08,-0.37,1.002,3,0.0,0.0,0.0,,0.0,"NO2,CHOCHO,H2O",3,0.12
F_subpix_a1em07_sp041,hot_PNs,F_subpixel,"non-integer shift with squeeze; truth uses band-limited sub-pixel resampling, so the result depends on the interpolator chosen",,444.146,470.685,552,1176.5,150642366391.8845,3895642689.9539776,74383494534.63927,1e-07,2e-09,3e-08,0.41,1.002,3,0.0,0.0,0.0,,0.0,"NO2,CHOCHO,H2O",3,0.12
F_subpix_a1em07_sp263,hot_PNs,F_subpixel,"non-integer shift with squeeze; truth uses band-limited sub-pixel resampling, so the result depends on the interpolator chosen",,444.146,470.685,552,1176.5,150642366391.8845,3895642689.9539776,74383494534.63927,1e-07,2e-09,3e-08,2.63,1.002,3,0.0,0.0,0.0,,0.0,"NO2,CHOCHO,H2O",3,0.12
F_subpix_a4em07_sm196,hot_PNs,F_subpixel,"non-integer shift with squeeze; truth uses band-limited sub-pixel resampling, so the result depends on the interpolator chosen",,444.146,470.685,552,1176.5,602569465567.538,3895642689.9539776,74383494534.63927,4e-07,2e-09,3e-08,-1.96,1.002,3,0.0,0.0,0.0,,0.0,"NO2,CHOCHO,H2O",3,0.12
F_subpix_a4em07_sm037,hot_PNs,F_subpixel,"non-integer shift with squeeze; truth uses band-limited sub-pixel resampling, so the result depends on the interpolator chosen",,444.146,470.685,552,1176.5,602569465567.538,3895642689.9539776,74383494534.63927,4e-07,2e-09,3e-08,-0.37,1.002,3,0.0,0.0,0.0,,0.0,"NO2,CHOCHO,H2O",3,0.12
F_subpix_a4em07_sp041,hot_PNs,F_subpixel,"non-integer shift with squeeze; truth uses band-limited sub-pixel resampling, so the result depends on the interpolator chosen",,444.146,470.685,552,1176.5,602569465567.538,3895642689.9539776,74383494534.63927,4e-07,2e-09,3e-08,0.41,1.002,3,0.0,0.0,0.0,,0.0,"NO2,CHOCHO,H2O",3,0.12
F_subpix_a4em07_sp263,hot_PNs,F_subpixel,"non-integer shift with squeeze; truth uses band-limited sub-pixel resampling, so the result depends on the interpolator chosen",,444.146,470.685,552,1176.5,602569465567.538,3895642689.9539776,74383494534.63927,4e-07,2e-09,3e-08,2.63,1.002,3,0.0,0.0,0.0,,0.0,"NO2,CHOCHO,H2O",3,0.12
