cond,prog,sd_z,cov68,bias_rel,sd_rel,med_sig_rel,block
C1,Augur(joint),0.9817856844163632,0.7233333333333334,-0.00023025160052747573,0.005518762923458328,0.005614634638438902,E1 production model (etalon on)
C1,Augur(cond. shift fixed),0.9836021253657742,0.7233333333333334,-0.00023025160052747573,0.005518762923458328,0.0056042659592235155,E1 production model (etalon on)
C1,QDOAS,1.0325719751908513,0.6666666666666666,0.0012037666666666613,0.005332162350303003,0.0051677,E1 production model (etalon on)
C1,Augur-QDOAS diff,,,-0.0014340182671942643,0.002304632852492808,,E1 production model (etalon on)
C2,Augur(joint),0.9920849179160839,0.6566666666666666,0.0015629446609388697,0.05554213793910913,0.0561322539659543,E1 production model (etalon on)
C2,Augur(cond. shift fixed),0.9939204143545888,0.65,0.0015629446609388697,0.05554213793910913,0.056028593164993576,E1 production model (etalon on)
C2,QDOAS,1.0479750457343064,0.6433333333333333,0.0034096333333333284,0.05363881228622746,0.0513,E1 production model (etalon on)
C2,Augur-QDOAS diff,,,-0.0018466886723944437,0.022587777627708305,,E1 production model (etalon on)
C3,Augur(joint),1.0915746357917828,0.6633333333333333,0.004261306305264112,0.08269450747147182,0.07721275203733695,E1 production model (etalon on)
C3,Augur(cond. shift fixed),1.0961323811276218,0.6633333333333333,0.004261306305264112,0.08269450747147182,0.07689170088857834,E1 production model (etalon on)
C3,QDOAS,0.9702616204665445,0.68,0.001770999999999967,0.04112536746539634,0.0423125,E1 production model (etalon on)
C3,Augur-QDOAS diff,,,0.002490306305264341,0.07338236972112357,,E1 production model (etalon on)
C1,Augur noEt(joint),1.0405385096395325,0.6666666666666666,-0.00014976527831600528,0.005309830935919025,0.005101029268503226,E1 matched model (etalon off)
C1,Augur noEt(cond),1.0424565546924915,0.6666666666666666,-0.00014976527831600528,0.005309830935919025,0.005091643734651602,E1 matched model (etalon off)
C1,QDOAS,1.0325719751908513,0.6666666666666666,0.0012037666666666613,0.005332162350303003,0.0051677,E1 matched model (etalon off)
C1,diff noEt-QDOAS,,,-0.0013535319449826098,0.0004920071424403985,,E1 matched model (etalon off)
C2,Augur noEt(joint),1.0469962077251103,0.6533333333333333,0.002140512437208475,0.05331242391457402,0.050982092460388595,E1 matched model (etalon off)
C2,Augur noEt(cond),1.0489261563679746,0.6533333333333333,0.002140512437208475,0.05331242391457402,0.05088828906400301,E1 matched model (etalon off)
C2,QDOAS,1.0479750457343064,0.6433333333333333,0.0034096333333333284,0.05363881228622746,0.0513,E1 matched model (etalon off)
C2,diff noEt-QDOAS,,,-0.0012691208961249259,0.0047528447990363215,,E1 matched model (etalon off)
C3,Augur noEt(joint),0.9715026677275606,0.6833333333333333,0.0012941331087092944,0.040872987842507987,0.04195059416056483,E1 matched model (etalon off)
C3,Augur noEt(cond),0.9755254704306189,0.68,0.0012941331087092944,0.040872987842507987,0.04177760125882602,E1 matched model (etalon off)
C3,QDOAS,0.9702616204665445,0.68,0.001770999999999967,0.04112536746539634,0.0423125,E1 matched model (etalon off)
C3,diff noEt-QDOAS,,,-0.00047686689129060306,0.005780680533701173,,E1 matched model (etalon off)
