shift_px_augur,9.3 ppb,3.6 ppb,0 ppb
-3.0,3.698960958365483e-09,2.223392731775835e-09,1.7445777246853966e-09
-2.95,3.6564991826331368e-09,2.2130954650730087e-09,1.744574453852956e-09
-2.9000000000000004,3.6142264335016762e-09,2.2029197792203934e-09,1.7445712759090009e-09
-2.8500000000000005,3.5721529772479738e-09,2.192868203635641e-09,1.7445681910960231e-09
-2.8000000000000007,3.530289479808367e-09,2.1829432794533383e-09,1.7445651996453693e-09
-2.750000000000001,3.488647023889499e-09,2.173147558159801e-09,1.7445623017772173e-09
-2.700000000000001,3.447237126625945e-09,2.1634836001561804e-09,1.7445594977005585e-09
-2.6500000000000012,3.4060717577608783e-09,2.15395397324923e-09,1.7445567876131796e-09
-2.6000000000000014,3.365163358316167e-09,2.144561251069026e-09,1.7445541717016488e-09
-2.5500000000000016,3.324524859708285e-09,2.1353080114131526e-09,1.7445516501413036e-09
-2.5000000000000018,3.2841697032557313e-09,2.1261968345173025e-09,1.7445492230962412e-09
-2.450000000000002,3.2441118600091365e-09,2.117230301252177e-09,1.7445468907193108e-09
-2.400000000000002,3.2043658508213842e-09,2.1084109912471284e-09,1.7445446531521108e-09
-2.3500000000000023,3.164946766557052e-09,2.0997414809410313e-09,1.744542510524985e-09
-2.3000000000000025,3.1258702883212542e-09,2.091224341561173e-09,1.7445404629570237e-09
-2.2500000000000027,3.0871527075673676e-09,2.0828621370314523e-09,1.7445385105560693e-09
-2.200000000000003,3.0488109459178168e-09,2.0746574218112385e-09,1.7445366534187195e-09
-2.150000000000003,3.0108625745068255e-09,2.0666127386668255e-09,1.744534891630337e-09
-2.100000000000003,2.9733258326238164e-09,2.0587306163775873e-09,1.744533225265062e-09
-2.0500000000000034,2.9362196454042055e-09,2.051013567379282e-09,1.7445316543858244e-09
-2.0000000000000036,2.8995636402806536e-09,2.043464085347536e-09,1.744530179044362e-09
-1.9500000000000037,2.863378147987429e-09,2.0360846394156546e-09,1.7445287992753695e-09
-1.900000000000004,2.827684173055493e-09,2.02887766174467e-09,1.7445275150789153e-09
-1.850000000000004,2.7925034444827937e-09,2.0218455548898805e-09,1.7445263264380837e-09
-1.8000000000000043,2.757858436888423e-09,2.014990692440477e-09,1.7445252333248595e-09
-1.7500000000000044,2.7237723746823353e-09,2.008315416300567e-09,1.7445242357001454e-09
-1.7000000000000046,2.690269232409896e-09,2.001822033934483e-09,1.7445233335137806e-09
-1.6500000000000048,2.6573737306928285e-09,1.995512815582236e-09,1.7445225267045637e-09
-1.600000000000005,2.6251113271463826e-09,1.989389991451196e-09,1.7445218152002764e-09
-1.5500000000000052,2.59350820161575e-09,1.983455748890486e-09,1.74452119891771e-09
-1.5000000000000053,2.562591235044487e-09,1.977712229555061e-09,1.744520677762696e-09
-1.4500000000000055,2.5323879812636804e-09,1.9721615265665965e-09,1.7445202516301387e-09
-1.4000000000000057,2.502926630979319e-09,1.9668056816788234e-09,1.74451992040405e-09
-1.3500000000000059,2.4742359672356715e-09,1.9616466824550988e-09,1.744519683957586e-09
-1.300000000000006,2.4463453116500974e-09,1.956686459466248e-09,1.7445195421530896e-09
-1.2500000000000062,2.4192844607528547e-09,1.9519268835171075e-09,1.7445194948421324e-09
-1.2000000000000064,2.3930836118246437e-09,1.9473697629101937e-09,1.7445195418655604e-09
-1.1500000000000066,2.367773277712105e-09,1.9430168407552413e-09,1.744519683053543e-09
-1.1000000000000068,2.34338419021604e-09,1.93886979233335e-09,1.7445199182256233e-09
-1.050000000000007,2.319947191793748e-09,1.9349302225245563e-09,1.744520247190774e-09
-1.000000000000007,2.2974931154969217e-09,1.93119966330774e-09,1.744520669747451e-09
-0.9500000000000073,2.2760526335484792e-09,1.927679567624617e-09,1.7445211856788042e-09
-0.9000000000000075,2.2556560543487023e-09,1.924371295944659e-09,1.7445217947382002e-09
-0.8500000000000076,2.2363332266104066e-09,1.921276125239461e-09,1.744522496663858e-09
-0.8000000000000078,2.218113395694825e-09,1.918395250534077e-09,1.7445232911837563e-09
-0.750000000000008,2.201025032104352e-09,1.915729782841635e-09,1.7445241780156854e-09
-0.7000000000000082,2.1850956532506276e-09,1.9132807472202315e-09,1.744525156867305e-09
-0.6500000000000083,2.170351640426159e-09,1.911049080959808e-09,1.7445262274362037e-09
-0.6000000000000085,2.156818053219233e-09,1.9090356319062224e-09,1.74452738940996e-09
-0.5500000000000087,2.144518443896107e-09,1.9072411569293194e-09,1.7445286424662066e-09
-0.5000000000000089,2.1334746745161832e-09,1.9056663205413097e-09,1.7445299862726976e-09
-0.45000000000000906,2.1237067397284613e-09,1.9043116936711797e-09,1.7445314204873776e-09
-0.40000000000000924,2.115232598309635e-09,1.903177752600317e-09,1.7445329447584535e-09
-0.3500000000000094,2.108068016531002e-09,1.9022648780638566e-09,1.7445345587244693e-09
-0.3000000000000096,2.1022264263756078e-09,1.901573354521599e-09,1.7445362620143826e-09
-0.25000000000000977,2.097718801462988e-09,1.9011033696016942e-09,1.7445380542476449e-09
-0.20000000000000995,2.0945535532750027e-09,1.900855013719519e-09,1.7445399350342813e-09
-0.15000000000001013,2.0927364499187833e-09,1.900828279873475e-09,1.7445419039749776e-09
-0.1000000000000103,2.092270559219837e-09,1.9010230636186605e-09,1.744543960661165e-09
-0.05000000000001048,2.0931562174254735e-09,1.901439163218624e-09,1.7445461046751096e-09
-1.0658141036401503e-14,2.095391024235009e-09,1.9020762799746362e-09,1.7445483355900044e-09
0.049999999999989164,2.0989698443034112e-09,1.902934015578591e-09,1.7445506529623639e-09
0.09999999999998899,2.103884795595926e-09,1.904011863421476e-09,1.744553056309065e-09
0.1499999999999888,2.1101253832389127e-09,1.905309219025989e-09,1.744555545130598e-09
0.19999999999998863,2.1176786155890475e-09,1.906825384180901e-09,1.7445581189188668e-09
0.24999999999998845,2.126529121348185e-09,1.90855956806158e-09,1.7445607771572788e-09
0.2999999999999883,2.1366592854297137e-09,1.910510888509358e-09,1.744563519320842e-09
0.3499999999999881,2.148049400808544e-09,1.912678373464451e-09,1.7445663448762623e-09
0.3999999999999879,2.160677833382387e-09,1.9150609625465863e-09,1.7445692532820414e-09
0.44999999999998774,2.174521196766871e-09,1.9176575087769788e-09,1.7445722439885805e-09
0.49999999999998757,2.189554533938032e-09,1.9204667804347767e-09,1.7445753164382821e-09
0.5499999999999874,2.2057515027143434e-09,1.9234874630406156e-09,1.7445784700656587e-09
0.5999999999999872,2.2230845622279462e-09,1.9267181614596886e-09,1.7445817042974373e-09
0.649999999999987,2.241525157753846e-09,1.9301574021161752e-09,1.7445850185526736e-09
0.6999999999999869,2.261043901536446e-09,1.9338036353108014e-09,1.7445884122428605e-09
0.7499999999999867,2.2816107475558577e-09,1.937655237632974e-09,1.744591884772045e-09
0.7999999999999865,2.3031951584990614e-09,1.9417105144586883e-09,1.744595435536943e-09
0.8499999999999863,2.325766263531488e-09,1.9459677025255244e-09,1.7445990639270568e-09
0.8999999999999861,2.3492930057866e-09,1.950424972575655e-09,1.7446027693247972e-09
0.949999999999986,2.3737442788010225e-09,1.9550804320580922e-09,1.744606551105602e-09
0.9999999999999858,2.399089051407845e-09,1.9599321278812315e-09,1.7446104086380628e-09
1.0499999999999856,2.425296467095685e-09,1.964978046941768e-09,1.7446143412796144e-09
1.0999999999999854,2.452335905530967e-09,1.97021611224728e-09,1.7446183483633876e-09
1.1499999999999853,2.4801771159855382e-09,1.9756441926901724e-09,1.7446224292116702e-09
1.199999999999985,2.508790309606413e-09,1.981260108136892e-09,1.7446265831404632e-09
1.249999999999985,2.5381462267752876e-09,1.9870616322347653e-09,1.7446308094595974e-09
1.2999999999999847,2.568216194286928e-09,1.9930464952200347e-09,1.744635107472854e-09
1.3499999999999845,2.5989721729999435e-09,1.9992123867200215e-09,1.744639476478086e-09
1.3999999999999844,2.6303867966568775e-09,2.005556958542151e-09,1.744643915767339e-09
1.4499999999999842,2.662433402597417e-09,2.0120778274434163e-09,1.744648424626978e-09
1.499999999999984,2.695086055094249e-09,2.0187725778739125e-09,1.7446530023378129e-09
