shift_px,spec0,spec44,spec89,spec134,spec179,spec224,spec269,spec314,spec359,spec404,spec449,spec494
-6.0,1.0,1.0,1.0155317711081902,1.0071471858396865,1.00589911296855,1.0,1.0875421933234584,1.055241271612645,1.0128545052338844,1.0029379737095876,1.0149379817019566,1.0006209190651016
-5.95,1.0000328384492028,1.0001138193717969,1.0153464749315972,1.0069917963032735,1.0058133298076952,1.0000358141133436,1.0871165715143267,1.055354314849515,1.0128153144641878,1.002846300875752,1.0147000039528247,1.0005852383984781
-5.9,1.0000658473978652,1.0002286873560977,1.015161591545009,1.0068377912481787,1.0057280954851413,1.0000721981064953,1.086689341374933,1.0554639010089648,1.0127763680864006,1.0027558624631838,1.0144631027435884,1.0005507462383143
-5.8500000000000005,1.0000990258956888,1.0003446219531695,1.0149771369508447,1.006685190579765,1.0056434151890883,1.000109152075054,1.0862605355764197,1.0555700224388482,1.0127376627759985,1.002666672436071,1.0142273056404647,1.000517432932074
-5.800000000000001,1.0001323729454494,1.000461640050769,1.0147931267758856,1.0065340131394307,1.0055592937785371,1.0001466759637871,1.0858301860624844,1.0556726710546809,1.0126991950956663,1.0025787444384453,1.0139926397159096,1.0004852884973772
-5.750000000000001,1.000165887503003,1.0005797574227513,1.0146095762679384,1.006384276700107,1.0054757357814028,1.0001847695659225,1.0853983240462899,1.0557718383423882,1.0126609614943303,1.0024920917906828,1.0137591315447296,1.0004543026212849
-5.700000000000001,1.0001995684773406,1.0006989887286337,1.0144265002928547,1.0062359979626363,1.0053927453929878,1.0002234325225687,1.0849649800080206,1.055867515361544,1.0126229583063855,1.002406727486282,1.0135268072004633,1.0004244646599885
-5.650000000000001,1.000233414730689,1.0008193475140854,1.0142439133319159,1.0060891925529927,1.0053103264747958,1.0002626643222552,1.0845301836930634,1.0559596927490609,1.0125851817510974,1.0023226641889407,1.0132956922520264,1.0003957636388825
-5.600000000000001,1.0002674250786643,1.0009408462123337,1.0140618294795738,1.005943875020338,1.0052284825536981,1.000302464300593,1.0840939641108218,1.0560483607233149,1.0125476279322017,1.0022399142299403,1.0130658117606297,1.0003681882530135
-5.550000000000002,1.000301598290465,1.0010634961464877,1.0138802624415524,1.0058000588359237,1.0051472168214453,1.0003428316400642,1.0836563495341403,1.0561335090887194,1.0125102928376513,1.0021584896058104,1.012837190276951,1.0003417268679142
-5.500000000000002,1.0003359330891217,1.0011873075327409,1.0136992255333186,1.005657756392795,1.005066532134523,1.00038376536993,1.0832173674993186,1.0562151272406992,1.0124731723395968,1.0020784019763147,1.012609851838586,1.0003163675208038
-5.450000000000002,1.0003704281517847,1.001312289484475,1.0135187316789072,1.0055169790063176,1.0049864310143517,1.0004252643662581,1.0827770448067466,1.0562932041710817,1.0124362621945049,1.0019996626627228,1.0123838199677544,1.000292097922162
-5.400000000000002,1.0004050821100643,1.0014384500172255,1.0133387934101163,1.0053777369154968,1.004906915647829,1.0004673273520777,1.0823354075220994,1.0563677284738837,1.012399558043474,1.001922282646396,1.0121591176692735,1.0002689054576548
-5.350000000000002,1.0004398935504124,1.0015657960545035,1.0131594228660703,1.0052400392850867,1.0048279878882094,1.000509952897648,1.0818924809781234,1.0564386883514651,1.0123630554127385,1.0018462725676738,1.0119357674288023,1.0002467771904324
-5.3000000000000025,1.0004748610145513,1.0016943334344792,1.0129806317931416,1.0051038942084858,1.004749649256323,1.0005531394208529,1.0814482897769875,1.0565060716210752,1.012326749714344,1.0017716427250636,1.0117137912113408,1.0002256998637657
-5.250000000000003,1.000509982999947,1.0018240669174787,1.0128024315452406,1.0049693087113796,1.00467190094213,1.0005968851877092,1.08100285779318,1.0565698657217286,1.0122906362470052,1.0016984030747476,1.0114932104600054,1.0002056599040317
-5.200000000000003,1.0005452579603282,1.0019550001943263,1.0126248330844791,1.0048362887561593,1.004594743806609,1.0006411883130009,1.0805562081769682,1.0566300577214465,1.0122547101971564,1.0016265632303905,1.011274046095054,1.0001866434240443
-5.150000000000003,1.0005806843062455,1.0020871358954766,1.0124478469821885,1.0047048392470745,1.0045181783839738,1.0006860467610235,1.080108363358389,1.0566866343248267,1.012218966640158,1.001556132463253,1.011056318513193,1.0001686362267113
-5.100000000000003,1.0006162604056776,1.0022204756009538,1.0122714834203201,1.0045749640361175,1.0044422048842254,1.0007314583464508,1.0796593450517704,1.0567395818809275,1.0121834005417065,1.0014871197026265,1.0108400475871335,1.0001516238090291
-5.050000000000003,1.0006519845846784,1.0023550198510762,1.0120957521932028,1.0044466659296425,1.0043668231960232,1.0007774207353162,1.0792091742607863,1.0567888863914772,1.0121480067594042,1.0014195335365697,1.0106252526654207,1.0001355913663916
-5.0000000000000036,1.0006878551280656,1.0024907681579436,1.011920662709672,1.0043199466956736,1.0042920328898841,1.0008239314461114,1.0787578712840002,1.0568345335193612,1.012112780044527,1.0013533822129592,1.010411952572526,1.0001205237972195
-4.950000000000004,1.0007238703811903,1.0026277226861195,1.0117462256295382,1.0041948106550689,1.004217834217981,1.0008709882657807,1.0783054588770984,1.056876511211637,1.0120777154129499,1.0012886745450529,1.0102001673195566,1.0001064065244867
-4.900000000000004,1.0007600290511032,1.0027658992318094,1.0115724577687566,1.0040712754173862,1.004144231102924,1.000918590493818,1.0778519716988035,1.0569148175247463,1.0120428092527054,1.001225422626553,1.0099899232281144,1.0000932279513832
-4.850000000000004,1.0007963298991323,1.0029053161552026,1.0113993771981151,1.0039493610948707,1.0040712281433215,1.0009667376955804,1.0773974467929017,1.0569494527410928,1.0120080582148103,1.0011636391196137,1.0097812477837953,1.0000809770152344
-4.800000000000004,1.000832771639225,1.0030459907006257,1.0112270016059624,1.003829086708922,1.0039988296147755,1.001015429286496,1.0769419204206585,1.0569804167499581,1.0119734588428442,1.0011033363474415,1.0095741679195427,1.000069642370663
-4.750000000000004,1.0008693529380104,1.0031879389949416,1.0110553482948346,1.0037104701852833,1.0039270394681437,1.0010646645314627,1.0764854280566694,1.0570077090492305,1.0119390075719263,1.0010445262909113,1.0093687100113111,1.000059212389212
-4.700000000000005,1.0009060724149124,1.003331176046871,1.0108844341784131,1.0035935283500859,1.0038558613281476,1.00111444254437,1.0760280043853452,1.0570313287475803,1.0119047007278736,1.0009872205854893,1.0091648998739915,1.0000496751593375
-4.650000000000005,1.0009429286423037,1.00347571574721,1.0107142757788776,1.0034782769267174,1.0037852984923257,1.0011647622877433,1.0755696832979977,1.057051274567028,1.0118705345265322,1.0009314305184753,1.008962762757626,1.0000410184867659
-4.600000000000005,1.00097992014571,1.003621570869931,1.0105448892246032,1.003364730533506,1.0037153539303265,1.0012156225725102,1.0751104978905348,1.057067544845908,1.0118365050732827,1.0008771670265444,1.0087623233438892,1.0000332298952128
-4.550000000000005,1.0010170454040574,1.0037687530741717,1.010376290248234,1.0032529026822192,1.003646030283548,1.0012670220578912,1.0746504804617514,1.0570801375422283,1.0118026083627456,1.000824440693606,1.0085636057428518,1.0000262966274556
-4.500000000000005,1.0010543028499705,1.003917272907074,1.0102084941851261,1.0031428057773495,1.0035773298651085,1.0013189592514051,1.0741896625121912,1.0570890502373853,1.0117688402786311,1.0007732617489737,1.0083666334900148,1.0000202056467455
-4.4500000000000055,1.001091690870107,1.0040671398074865,1.0100415159721536,1.0030344511161984,1.0035092546601605,1.0013714325090084,1.0737280747436029,1.0570942801402534,1.0117351965937995,1.0007236400658526,1.0081714295436286,1.0000149436385741
-4.400000000000006,1.0011292078055443,1.0042183621105047,1.0098753701468874,1.002927848889734,1.0034418063265362,1.0014244400353385,1.0732657470589562,1.0570958240916233,1.0117016729704755,1.000675585160145,1.0079780162822727,1.0000104970127706
-4.350000000000006,1.0011668519522041,1.004370947052836,1.009710070847149,1.0028230081842082,1.0033749861957282,1.0014779798840887,1.0728027085630212,1.0570936785689726,1.0116682649606503,1.0006291061895567,1.007786415502736,1.0000068519059295
-4.300000000000006,1.0012046215613257,1.0045249007789907,1.0095456318109277,1.0027199369835433,1.003308795274198,1.001532049958498,1.0723389875635059,1.0570878396915777,1.0116349680066505,1.0005842119530401,1.0075966484181478,1.0000039941841656
-4.250000000000006,1.0012425148399766,1.0046802283482636,1.0093820663766722,1.0026186421724463,1.0032432342450128,1.0015866480119553,1.0718746115727242,1.05707830322593,1.0116017774418977,1.000540910890542,1.0074087356564085,1.0000019094461856
-4.200000000000006,1.0012805299516112,1.0048369337425227,1.009219387483958,1.0025191295402678,1.003178303469811,1.0016417716487243,1.0714096073098143,1.0570650645914719,1.0115686884918282,1.0004992110830728,1.0072226972588825,1.000000583026678
-4.150000000000007,1.0013186650166643,1.004995019874767,1.0090576076745257,1.002421403785582,1.0031140029910852,1.0016974183247869,1.0709440007034794,1.0570481188666265,1.0115356962749908,1.0004591202530917,1.0070385526793764,1.0
-4.100000000000007,1.0013569181131925,1.0051544885984527,1.0088967390936863,1.0023254685214693,1.0030503325347908,1.0017535853487947,1.0704778168952531,1.0570274607951102,1.011502795804323,1.0004206457652092,1.0068563207833938,1.000000145184174
-4.050000000000007,1.0013952872775513,1.0053153407175803,1.0087367934921123,1.002231326281513,1.0029872915132698,1.0018102698831375,1.0700110802432763,1.057003084792536,1.0114699819885915,1.0003837946272176,1.0066760198476632,1.000001003145176
-4.000000000000007,1.0014337705051137,1.0054775759975143,1.0085777822279873,1.002138978526469,1.0029248790284873,1.001867468945131,1.0695438143265763,1.0569749849532681,1.0114372496340194,1.000348573491419,1.0064976675599544,1.000002558201506
-3.9500000000000073,1.0014723658687799,1.0056411966343084,1.0084197177475214,1.0020484289987555,1.0028630948301918,1.001925179831117,1.0690760449745562,1.0569431576576964,1.0114045937986462,1.0003149894667445,1.006321282642854,1.0000047953802988
-3.9000000000000075,1.0015110718701346,1.0058062176021592,1.008262618021205,1.0019596937508446,1.0028019421794914,1.0019834013842828,1.068607809319404,1.056907609355023,1.0113720108492075,1.0002830525516297,1.0061468897195094,1.0000077032738748
-3.8500000000000076,1.0015498870816308,1.005972656219057,1.0081065021087556,1.0018727910690302,1.0027414249791116,1.0020421327231865,1.0681391466752501,1.0568683487232258,1.0113394973989216,1.0002527732015016,1.0059745144306642,1.0000112711844789
-3.800000000000008,1.0015888100282275,1.0061405286778637,1.0079513886775955,1.0017877381163212,1.0026815468161503,1.002101372817941,1.0676700955018639,1.056825384063325,1.0113070499530525,1.000224161515125,1.0058041818050307,1.000015488172186
-3.750000000000008,1.001627839187505,1.0063098500447627,1.0077972959994492,1.0017045509277926,1.002622310960491,1.0021611204897272,1.0672006933998137,1.0567787233000334,1.011274664907772,1.000197227231548,1.0056359162548034,1.0000203430546677
-3.700000000000008,1.0016669729898255,1.0064806342585946,1.0076442419473206,1.0016232444067685,1.0025637203635562,1.0022213744104291,1.066730977106239,1.0567283739827908,1.0112423385492,1.0001719797273532,1.0054697415714362,1.0000258244073132
-3.6500000000000083,1.0017062098185365,1.0066528941310628,1.0074922439928395,1.0015438323218104,1.0025057776573973,1.0022821331023948,1.066260982491222,1.0566743432871673,1.0112100670526192,1.0001484280142454,1.0053056809217311,1.0000319205636812
-3.6000000000000085,1.0017455480102215,1.0068266413477984,1.007341319203976,1.0014663273045015,1.0024484851541242,1.0023433949383107,1.0657907445547454,1.0566166380166115,1.0111778464818444,1.0001265807369493,1.0051437568441994,1.0000386196162963
-3.5500000000000087,1.00178498585499,1.0070018864702774,1.0071914842431373,1.0013907408480345,1.0023918448456668,1.0024051581412055,1.0653202974242437,1.056555264604566,1.0111456727888053,1.0001064461714366,1.0049839912457204,1.0000459094177692
-3.500000000000009,1.0018245215968167,1.0071786389385662,1.0070427553656365,1.001317083306558,1.0023358584038673,1.0024674207845663,1.0648496743527152,1.0564902291168876,1.011113541813255,1.0000880322234733,1.0048264053984923,1.0000537775822425
-3.450000000000009,1.001864153433916,1.0073569070749016,1.0068951484185305,1.0012453638953083,1.0022805271809057,1.00253018079258,1.0643789077174135,1.056421537254628,1.0110814492826945,1.0000713464274966,1.0046710199372637,1.0000622114871507
-3.4000000000000092,1.0019038795191657,1.007536698088078,1.0067486788398479,1.0011755906914896,1.0022258522100507,1.0025934359404873,1.063908029019105,1.0563491943571077,1.0110493908124474,1.000056395945809,1.0045178548568652,1.0000711982752988
-3.3500000000000094,1.0019436979605687,1.0077180180786334,1.0066033616581787,1.0011077706359044,1.002171834206733,1.0026571838550569,1.0634370688818637,1.0562732054053083,1.0110173619058964,1.0000431875681026,1.0043669295100324,1.0000807248572379
-3.3000000000000096,1.001983606821753,1.0079008720448293,1.0064592114926574,1.001041909535319,1.0021184735699469,1.002721422015177,1.0629660570534338,1.056193575025566,1.0109853579549204,1.0000317277113027,1.004218262605506,1.0000907779139465
-3.2500000000000098,1.002023604122519,1.0080852638894053,1.0063162425533074,1.0009780120655525,1.0020657703839637,1.002786147752556,1.0624950224061138,1.0561103074935423,1.01095337424048,1.0000220224197438,1.0040718722064483,1.0001013438997997
-3.20000000000001,1.0020636878394216,1.008271196427094,1.0061744686417833,1.0009160817752785,1.0020137244203682,1.0028513582525482,1.062023992938184,1.0560234067384906,1.010921405933379,1.0000140773656543,1.0039277757291243,1.0001124090458282
-3.15000000000001,1.002103855906391,1.0084586713928936,1.0060339031524697,1.0008561210905316,1.0019623351404034,1.0029170505550804,1.0615529957758585,1.0559328763477875,1.0108894480951887,1.0000078978499896,1.0037859899418975,1.0001239593632572
-3.1000000000000103,1.0021441062153966,1.0086476894510719,1.005894559073975,1.0007981313199015,1.0019116016976308,1.0029832215556989,1.061082057175751,1.0558387195717256,1.0108574956793506,1.0000034888035552,1.0036465309645057,1.000135980647316
-3.0500000000000105,1.0021844366171435,1.008838250204907,1.0057564489910045,1.0007421126604126,1.0018615229408963,1.003049868006724,1.0606112025278627,1.0557409393285722,1.0108255435324474,1.000000854788481,1.0035094142676309,1.0001484584813232
-3.0000000000000107,1.0022248449218107,1.0090303522071307,1.0056195850865959,1.000688064204059,1.0018120974175968,1.0031169865185139,1.0601404563590615,1.0556395382098636,1.0107935863956217,1.0,1.0033746546727689,1.0001613782410188
-2.950000000000011,1.0022653290210224,1.0092239962471519,1.0054839804799742,1.0006359870781836,1.0017633242774406,1.0031845739923093,1.0596698452307982,1.0555345209775495,1.0107616192533135,1.0000009289957021,1.0032422678817123,1.000174726159534
-2.900000000000011,1.0023058872493875,1.0094191951541875,1.005349653233338,1.0005858938336105,1.001715205972521,1.0032526289136803,1.0591994063998682,1.0554259020208887,1.010729638372798,1.0000036488777404,1.0031122750620085,1.0001884925075806
-2.850000000000011,1.0023465180164024,1.0096159639100784,1.0052166223429,1.0005377990136886,1.001667745550514,1.0033211500544308,1.0587291790935833,1.0553136978430282,1.0106976402566998,1.0000081671085133,1.002984698251937,1.0002026684046395
-2.8000000000000114,1.0023872196846868,1.0098143163627382,1.0050849063998692,1.0004917160122968,1.001620945751969,1.0033901360401452,1.0582592016047523,1.0551979245631182,1.010665621293683,1.0000144907805086,1.0028595588261149,1.0002172447569004
-2.7500000000000115,1.0024279905701434,1.0100142652249924,1.0049545235871347,1.0004476570699308,1.001574809008892,1.003459585349831,1.0577895112866404,1.055078597915933,1.0106335777571513,1.0000226266137444,1.0027368774912262,1.000232212257056
-2.7000000000000117,1.0024688289421568,1.010215822074275,1.004825491676327,1.0004056332705995,1.0015293374436685,1.003529496315679,1.0573201445485534,1.0549557332518462,1.0106015058041604,1.000032580953529,1.002616674282029,1.0002475613844144
-2.650000000000012,1.0025097330238362,1.0104189973531712,1.0046978280252605,1.0003656545395099,1.0014845328683115,1.0035998671229514,1.0568511368519937,1.054829345537138,1.010569401474461,1.000044359768571,1.0024989685576775,1.0002632824053281
-2.600000000000012,1.0025507009922994,1.0106238003707853,1.0045715495757588,1.0003277296415334,1.0014403967840442,1.0036706958099757,1.0563825227074157,1.0546994493546293,1.0105372606897405,1.0000579686493984,1.0023837789983494,1.000279365373944
-2.5500000000000123,1.0025917309789978,1.0108302393049413,1.004446672851857,1.0002918661804443,1.0013969303812065,1.0037419802682717,1.0559143356715546,1.05456605890464,1.0105050792530386,1.000073412807126,1.002271123602171,1.0002958001332485
-2.5000000000000124,1.0026328210700841,1.0110383212051801,1.0043232139583953,1.0002580705989141,1.0013541345394872,1.0038137182427882,1.055446608345326,1.0544291880062455,1.0104728528482843,1.000090697072548,1.0021610196824458,1.0003125763164211
-2.4500000000000126,1.0026739693068167,1.0112480519965612,1.0042011885799842,1.000226348179253,1.0013120098284756,1.0038859073322548,1.0549793723722916,1.0542888500988474,1.0104405770400784,1.0001098258955579,1.0020534838651978,1.000329683348478
-2.400000000000013,1.0027151736860063,1.011459436484247,1.0040806119803642,1.000196703044896,1.0012705565085347,1.0039585449896549,1.0545126584376874,1.0541450582440322,1.010408247273573,1.0001308033448955,1.0019485320870003,1.0003471104482058
-2.350000000000013,1.0027564321605003,1.0116724783588602,1.0039614990021446,1.0001691381626023,1.001229774531989,1.0040316285228066,1.0540464962680025,1.0539978251277176,1.0103758588745573,1.000153633108235,1.0018461795931366,1.0003648466303732
-2.300000000000013,1.002797742639707,1.0118871802026004,1.0038438640669232,1.000143655345386,1.0011896635446242,1.0041051550950628,1.0535809146311015,1.05384716306258,1.010343407049709,1.0001783184925874,1.0017464409360302,1.0003828807082251
-2.2500000000000133,1.0028391029901547,1.0121035434961094,1.0037277211757984,1.0001202552561304,1.0011502228874993,1.0041791217261178,1.0531159413368842,1.0536930839907466,1.010310886886988,1.0002048624250404,1.0016493299740148,1.000401201296238
-2.2000000000000135,1.0028805110360914,1.0123215686260743,1.0036130839102555,1.000098937411908,1.001111451599063,1.0042535252929292,1.0526516032384865,1.0535355994867603,1.0102782933562173,1.0002332674538172,1.0015548598703914,1.000419796813144
-2.1500000000000137,1.0029219645601182,1.0125412548935506,1.0034999654334495,1.0000797001889774,1.001073348417575,1.0043283625307464,1.0521879262339964,1.0533747207607962,1.0102456213098265,1.000263535749661,1.0014630430927873,1.0004386554852085
-2.100000000000014,1.0029634613038605,1.012762600522996,1.0033883784918602,1.0000625408284443,1.0010359117838263,1.0044036300342463,1.0517249352686997,1.053210458662129,1.0102128654837375,1.0002956691075515,1.001373891412837,1.0004577653497568
-2.050000000000014,1.003004998968673,1.0129856026720028,1.0032783354173378,1.000047455442584,1.0009991398441598,1.0044793242587797,1.051262654337839,1.053042823682848,1.0101800204984368,1.0003296689487253,1.0012874159061456,1.0004771142589524
-2.000000000000014,1.0030465752163806,1.013210257441719,1.003169848129528,1.000034439021809,1.0009630304537784,1.00455544152172,1.050801106489863,1.0528718259618002,1.0101470808602009,1.000365536323036,1.00120362695258,1.0004966898838
-1.9500000000000144,1.0030881878018025,1.0134365629779154,1.003062929272263,1.0000234883770414,1.0009275820798698,1.004631978420794,1.0503403165782732,1.0526974777007447,1.0101140413084,1.0004032725304361,1.0011225356860427,1.0005164808493998
-1.9000000000000146,1.0031298349659712,1.0136645287171542,1.0029575956144474,1.0000146109347363,1.0008927964987027,1.0047089330833578,1.0498803194880444,1.052519800383402,1.0100808978506242,1.000442880977624,1.0010441583427192,1.000536480122987
-1.8500000000000147,1.0031715150364207,1.0138941660605847,1.0028538646441605,1.0000078159048853,1.0008586760891465,1.0047863039113683,1.0494211518528878,1.0523388175040886,1.0100476467176456,1.0004843653173396,1.0009685119119485,1.0005566816065319
-1.800000000000015,1.0032132262949065,1.014125485274562,1.0027517534311832,1.0000031113391297,1.0008252229305614,1.0048640891635476,1.04896284929697,1.0521545521492175,1.0100142840150181,1.0005277288269068,1.000895612683244,1.0005770790031197
-1.750000000000015,1.003254966977593,1.0143584954902432,1.0026512786238844,1.0000005041281783,1.0007924388015723,1.0049422869551679,1.0485054464302686,1.0519670269960761,1.0099808057216408,1.0005729744063547,1.0008254762426176,1.0005976658167333
-1.7000000000000153,1.0032967352752753,1.0145932047040054,1.0025524564465076,1.0,1.0007603251791688,1.0050208952579556,1.0480489768445334,1.0517762643119335,1.0099472076885243,1.0006201045768561,1.0007581174691984,1.0006184353523435
-1.6500000000000155,1.003338529333647,1.0148296197786855,1.0024553026968317,1.0000016035187875,1.0007288832381318,1.0050999119001125,1.0475934731098258,1.0515822859534565,1.009913485637686,1.0006691214795143,1.0006935505321688,1.000639380716297
-1.6000000000000156,1.003380347253602,1.0150677464456166,1.002359832744226,1.0000053180846746,1.0006981138507807,1.0051793345664561,1.0471389667716473,1.051385113366438,1.009879635161238,1.0007200268744891,1.0006317888880198,1.000660494816991
-1.5500000000000158,1.003422187091578,1.0153075893074566,1.0022660615281032,1.000011145934202,1.0006680175870373,1.0052591607986716,1.0466854883486396,1.0511847675858228,1.0098456517206302,1.0007728221404377,1.0005728452781129,1.0006817703658415
-1.500000000000016,1.0034640468599367,1.0155491518417976,1.0021740035567506,1.0000190881415107,1.0006385947148062,1.0053393879956836,1.0462330673308498,1.0509812692360214,1.0098115306460667,1.0008275082743094,1.0005167317265649,1.0007031998785225
-1.4500000000000162,1.003505924527382,1.015792436405537,1.002083672906556,1.0000291446202594,1.0006098452006695,1.0054200134141338,1.0457817321785643,1.050774638531521,1.009777267136079,1.0008840858914587,1.000463459538444,1.0007247756764814
-1.4000000000000163,1.0035478180194144,1.016037444240007,1.0019950832216309,1.000041314126259,1.0005817687108882,1.005501034168978,1.0453315103216971,1.0505648952777678,1.0097428562572621,1.0009425552260953,1.0004130392982755,1.000746489888722
-1.3500000000000165,1.0035897252188226,1.0162841754768408,1.0019082477138082,1.0000555942607914,1.0005543646127117,1.0055824472341925,1.044882428159722,1.0503520588723285,1.0097082929441925,1.00100291613206,1.00036548086887,1.0007683344538487
-1.3000000000000167,1.0036316439662085,1.0165326291445709,1.0018231791630476,1.000071981474632,1.0005276319759906,1.0056642494435823,1.044434511062166,1.0501361483063163,1.0096735719994763,1.0010651680839295,1.000320793390455,1.000790301122363
-1.2500000000000169,1.0036735720605512,1.0167828031759454,1.0017398899182144,1.000090471072733,1.000501569575086,1.005746437491709,1.0439877833696092,1.0499171821660775,1.0096386880939923,1.0011293101784386,1.000278985280133,1.00081238145921
-1.200000000000017,1.0037155072598005,1.0170346944159405,1.0016583918982613,1.0001110572195764,1.0004761758910812,1.0058290079349175,1.0435422683952529,1.0496951786351405,1.0096036357672762,1.001195341136244,1.000240064231645,1.0008345668465692
-1.1500000000000172,1.003757447281508,1.0172882986304745,1.0015786965937872,1.0001337329451794,1.0004514491142795,1.0059119571924662,1.0430979884269822,1.0494701554964054,1.0095684094280641,1.001263259303986,1.0002040372154468,1.0008568484868747
-1.1000000000000174,1.0037993898034896,1.0175436105157896,1.0015008150689921,1.0001584901517326,1.0004273871469949,1.0059952815477722,1.0426549647299677,1.049242130134587,1.0095330033550045,1.0013330626566814,1.000170910479107,1.0008792174060726
-1.0500000000000176,1.00384133246452,1.017800623708504,1.0014247579640123,1.0001853196208772,1.0004039876066286,1.0060789771497431,1.0422132175497727,1.0490111195388925,1.0094974116975228,1.0014047488004354,1.0001406895480014,1.0009016644571007
-1.0000000000000178,1.003883272865061,1.01805933079632,1.0013505354976449,1.000214211021584,1.0003812478290255,1.0061630400142192,1.041772766115964,1.048777140305935,1.0094616284768327,1.001478314975458,1.0001133792263401,1.0009241803235784
-0.9500000000000179,1.0039252086930028,1.0183197262670869,1.0012781584492505,1.0002451556601868,1.0003591657588937,1.006247466412892,1.0413336312988724,1.0485402109340636,1.0094256479682564,1.001553758605619,1.0000889849681176,1.000946756687579
-0.9000000000000181,1.0039671380968145,1.0185818152999921,1.0012076410942123,1.0002781546982,1.000337742608056,1.0063322540339323,1.040895843553524,1.0483003586809045,1.009389465841277,1.0016310789368188,1.0000675169898987,1.0009693897129102
-0.8500000000000183,1.0040090593065496,1.0188456048994865,1.001138998260381,1.0003132109041784,1.0003169801861234,1.0064174008151952,1.0404594349298097,1.0480576126567664,1.0093530780080135,1.0017102753927702,1.0000489861654331,1.0009920765339122
-0.8000000000000185,1.0040509705084075,1.0191111009496028,1.0010722443453988,1.000350325907243,1.0002968800111718,1.0065029045560014,1.0400244364113633,1.047812001526813,1.0093164802393872,1.0017913470266349,1.0000334026537554,1.0010148140882968
-0.7500000000000187,1.0040928698449312,1.0193783082146135,1.0010073933139423,1.0003895001962722,1.0002774433087358,1.0065887629171015,1.0395908779118221,1.047563553509278,1.0092796681635783,1.0018742925199253,1.0000207758964106,1.0010375991169815
-0.7000000000000188,1.00413475541524,1.0196472303404736,1.0009444586953615,1.0004307331198403,1.0002586710111228,1.006674973420754,1.0391587882716715,1.0473122963739956,1.0092426372646426,1.0019591101817453,1.0000111146149875,1.00106042816421
-0.650000000000019,1.0041766252753022,1.019917869857052,1.0008834535817137,1.0004740228868916,1.00024056375704,1.0067615334509192,1.0387281952556662,1.0470582574412266,1.0092053828813004,1.0020457979483621,1.0000044268089734,1.0010832975779491
-0.6000000000000192,1.0042184774382408,1.0201902281811188,1.0008243906261984,1.0005193665681282,1.0002231218915352,1.0068484402535667,1.0382991255508285,1.0468014635807785,1.00916790020588,1.0021343533831182,1.0000007197539345,1.0011062035105556
-0.5500000000000194,1.0042603098746774,1.0204643056200973,1.000767282041978,1.0005667600981174,1.0002063454662484,1.0069356909370926,1.037871604765012,1.0465419412114219,1.009130184283429,1.0022247736766707,1.0,1.001129141919711
-0.5000000000000195,1.0043021205131124,1.0207401013765494,1.000712139601406,1.0006161982780843,1.0001902342399647,1.0070232824728547,1.0374456574260218,1.0462797163005766,1.0090922300109928,1.002317055647558,1.0000022733706817,1.0011521085696173
-0.4500000000000197,1.0043439072403353,1.021017613553394,1.0006589746356418,1.0006676747793937,1.000174787679473,1.0071112116958059,1.037021306981295,1.0460148143642929,1.0090540321370418,1.0024111957431037,1.0000075449619996,1.0011750990324422
-0.4000000000000199,1.0043856679018728,1.021296839159844,1.000607798034662,1.0007211821477107,1.000160004960726,1.0071994753052464,1.036598575798126,1.045747260467492,1.0090155852610727,1.0025071900406344,1.0000158191419255,1.0011981086900137
-0.3500000000000201,1.0044274003024687,1.0215777741180414,1.0005586202476682,1.00077671180781,1.0001458849702893,1.0072880698656768,1.0361774851644325,1.0454770792244812,1.008976883833357,1.002605034249026,1.000027099550151,1.001221132735763
-0.30000000000002025,1.0044691022065975,1.0218604132703868,1.000511451283888,1.0008342540690431,1.0001324263070897,1.0073769918077558,1.0357580552900698,1.045204294799734,1.0089379221548636,1.0027047237105724,1.0000413890981539,1.0012441661768923
-0.25000000000002043,1.004510771339008,1.0221447503875507,1.0004663007137624,1.0008937981314376,1.0001196272844481,1.0074662374293626,1.0353403053086512,1.0449289309089196,1.0088986943773222,1.0028062534031634,1.000058689969601,1.0012672038367794
-0.2000000000000206,1.0045524053853017,1.0224307781771416,1.0004231776705308,1.0009553320924192,1.0001074859323984,1.0075558028967637,1.0349242532799192,1.044651010820197,1.0088591945034469,1.0029096179427905,1.0000790036210523,1.0012902403576052
-0.15000000000002078,1.004594001992538,1.0227184882930356,1.0003820908522023,1.001018842954149,1.0000960000002874,1.0076456842458732,1.034509916192616,1.0443705573557516,1.0088194163873407,1.003014811586346,1.0001023307829804,1.0013132702032
-0.10000000000002096,1.004635558769873,1.0230078713453368,1.000343048523917,1.001084316631455,1.0000851669596513,1.0077358773836154,1.034097309967875,1.0440875928935773,1.0087793537350045,1.0031218282347476,1.0001286714611044,1.0013362876620968
-0.05000000000002114,1.0046770732892265,1.0232989169109705,1.0003060585206947,1.0011517379603585,1.0000749840073688,1.0078263780893888,1.0336864494631188,1.0438021393695052,1.0087390001050622,1.0032306614363578,1.0001580249380317,1.0013592868507994
-2.1316282072803006e-14,1.0047185430859777,1.0235916135448893,1.0002711282505625,1.0012210907071677,1.0000654480690778,1.0079171820166117,1.0332773484764501,1.043514218279461,1.008698348909577,1.003341304390703,1.0001903897752227,1.0013822617172392
0.049999999999978506,1.0047599657749986,1.023885951575943,1.000238265495761,1.00129236019689,1.0000565567148532,1.008008285036872,1.032870022275174,1.0432238528503115,1.0086573938622105,1.0034537504338752,1.0002257651328506,1.0014052072007944
0.09999999999997833,1.0048013393950717,1.0241819314392369,1.0002074808042436,1.0013655411657667,1.0000483108915887,1.008099684265873,1.0324644951569373,1.0429310745315477,1.0086161303162602,1.0035679944818312,1.0002641547298008,1.001428122689983
0.14999999999997815,1.0048426620594981,1.0244795552748027,1.0001787850880277,1.0014406298864518,1.000040712175547,1.0081913770311737,1.0320607928540155,1.0426359164625099,1.008574553915148,1.0036840315793414,1.000305562899506,1.0014510085287627
0.19999999999997797,1.0048839318404126,1.0247788241372153,1.0001521888218603,1.0015176215467938,1.0000337618576958,1.008283360529029,1.0316589400033402,1.0423384112979688,1.0085326601425182,1.003801856417021,1.000349993271717,1.0014738648563262
0.2499999999999778,1.0049251467689748,1.025079737997472,1.000127702040946,1.0015965102510052,1.0000274609429463,1.008375631824567,1.0312589601440236,1.042038591206093,1.0084904443206013,1.0039214633310745,1.0003974487707972,1.0014966916070969
0.2999999999999776,1.004966304835592,1.0253822957456185,1.000105334339107,1.0016772890215315,1.0000218101497027,1.0084681878520776,1.0308608757154674,1.0417364878667226,1.008447901608748,1.00404284630337,1.0004479316143136,1.0015194885109895
0.34999999999997744,1.0050074039901795,1.0256864951941105,1.000085094867316,1.0017599498016032,1.000016809909716,1.0085610254154167,1.0304647080560176,1.0414321324699254,1.0084050270021072,1.004165998961852,1.0005014433119506,1.0015422550939304
0.39999999999997726,1.005048442142451,1.025992333081898,1.0000669923326455,1.0018444834584581,1.0000124603682414,1.008654141188513,1.0300704774021867,1.0411255557148478,1.008361815330501,1.0042909145812748,1.0005579846647379,1.0015649906786286
0.4499999999999771,1.0050894171622462,1.0262998050792203,1.0000510349976126,1.0019308797872266,1.0000087613844917,1.008747531715987,1.029678202888424,1.0408167878088468,1.0083182612574075,1.0044175860842548,1.0006175557645818,1.0015876943855968
0.4999999999999769,1.0051303268798832,1.0266089057930945,1.0000372306799157,1.002019127515457,1.0000057125323876,1.0088411934138761,1.0292879025474224,1.0405058584668911,1.0082743592791537,1.0045460060426523,1.0006801559941307,1.0016103651344106
0.5499999999999767,1.0051711690865524,1.0269196287734932,1.000025586752577,1.0021092143082786,1.0000033131015995,1.0089351225704617,1.0288995933109737,1.040192796911253,1.0082301037242254,1.004676166679266,1.0007457840269307,1.0016330016452053
0.5999999999999766,1.0052119415347318,1.027231966520193,1.0000161101444758,1.0022011267741853,1.0000015620988785,1.0090293153471999,1.0285132910113468,1.0398776318714504,1.008185488752763,1.0048080598698417,1.0008144378278991,1.0016556024404006
0.6499999999999764,1.005252641938641,1.0275459104902753,1.0000088073412756,1.0022948504714269,1.0000004582496678,1.0091237677797562,1.0281290103831988,1.0395603915844713,1.0081405083561992,1.004941677145392,1.0008861146541108,1.0016781658466516
0.6999999999999762,1.005293267974716,1.0278614511062787,1.000003684386747,1.0023903699150007,1.0,1.0092184757791334,1.0277467650659975,1.0392411037952478,1.0080951563570557,1.0050770096948254,1.0009608110558876,1.0017006899970144
0.749999999999976,1.005333817282123,1.028178577764983,1.0000007468844847,1.0024876685842252,1.0000001855186662,1.0093134351329043,1.0273665676069677,1.0389197957573955,1.0080494264088897,1.0052140483678753,1.0010385228781928,1.0017231728333293
0.7999999999999758,1.0053742874632925,1.0284972788468094,1.0,1.0025867289308792,1.0000010126996615,1.0094086415065342,1.0269884294645348,1.038596494234206,1.0080033119964034,1.0053527836783314,1.0011192452623465,1.0017456121088035
0.8499999999999757,1.0054146760844862,1.0288175417258307,1.0000014484632185,1.0026875323879136,1.0000024791648972,1.0095040904448003,1.0266123610122755,1.0382712254998867,1.0079568064357012,1.0054932058075716,1.001202972648024,1.001768005390803
0.8999999999999755,1.00545498067639,1.0291393527803712,1.0000050965713505,1.0027900593786978,1.000004582267178,1.0095997773733014,1.0262383715433645,1.0379440153410562,1.0079099028746872,1.0056353046083706,1.001289698775575,1.001790350063832
0.9499999999999753,1.0054951987347318,1.0294626974041903,1.0000109481921464,1.0028942893268091,1.0000073190934413,1.0096956976000602,1.025866469275509,1.0376148890584733,1.0078625942936392,1.0057790696090185,1.0013794166886398,1.001812643332712
0.9999999999999751,1.0055353277209287,1.029787560018227,1.0000190067675427,1.0030002006663419,1.0000106864682528,1.0097918463172073,1.0254966613563712,1.037283871469021,1.0078148735059074,1.0059244900177007,1.001472118737053,1.0018348822259295
1.049999999999975,1.0055753651688535,1.0301139267516684,1.00002927598281,1.0031077733255493,1.000014681860571,1.0098882188983207,1.025128956318075,1.0369509889227408,1.0077667336940006,1.0060715551568364,1.0015677978618827,1.0018570646976683
1.0999999999999748,1.0056153090019235,1.0304417934304615,1.0000417617596822,1.0032169961437267,1.0000193060879115,1.009984811783849,1.0247633714182014,1.0366162753361208,1.007718170012099,1.0062202557507613,1.0016664514506166,1.0018791929106474
1.1499999999999746,1.0056551572119377,1.0307711575255847,1.000056470250666,1.0033278594374861,1.0000245605935865,1.01008162159015,1.0243999252771188,1.0362797661241285,1.0076691779728244,1.0063705826285787,1.001768077504275,1.001901269914148
1.1999999999999744,1.0056949077526682,1.0311020154795965,1.00007340717054,1.0034403525276059,1.0000304465409469,1.0101786448135655,1.0240386354253834,1.0359414961799802,1.0076197529092983,1.0065225262934416,1.0018726733564431,1.0019232985416668
1.2499999999999742,1.0057345585400237,1.031434362709716,1.0000925777947098,1.0035544637420577,1.0000369648129008,1.0102758778308454,1.0236795183026575,1.0356014998731768,1.0075698899734584,1.0066760769231342,1.0019802356725838,1.0019452814111844
1.299999999999974,1.005774107452243,1.031768193611607,1.0001139869579703,1.0036701804196728,1.0000441160117293,1.0103733168996847,1.0233225892571676,1.035259811047818,1.0075195841345512,1.0068312243709592,1.0020907604496556,1.0019672209256825
1.3499999999999739,1.005813552330122,1.0321035015638396,1.000137639053671,1.0037874889144256,1.0000519004591961,1.010470958159365,1.0229678625456946,1.0349164630212049,1.0074688301777797,1.0069879581669525,1.0022042430160323,1.0019891192738912
1.3999999999999737,1.005852890977268,1.032440278933022,1.0001635380332747,1.0039063746003252,1.0000603181969494,1.010568797631497,1.0226153513341032,1.0345714885827282,1.0074176227030873,1.0071462675194063,1.0023206780317193,1.0020109784312785
1.4499999999999735,1.0058921211603868,1.0327785170795927,1.000191687406319,1.004026821876908,1.0000693689872087,1.0106668312208669,1.0222650676983827,1.0342249199930262,1.0073659561241324,1.0073061413167042,1.0024400594888745,1.0020328001612595
1.4999999999999734,1.0059312406095955,1.0331182063642526,1.0002220902407766,1.0041488141753012,1.0000790523137364,1.0107650547163824,1.0219170226262133,1.033876788983423,1.0073138246673838,1.0074675681294516,1.002562380712612,1.002054586016633
1.5499999999999732,1.0059702470187672,1.0334593361550342,1.0002547491637988,1.0042723339648685,1.0000893673830886,1.0108634637921152,1.021571226019041,1.033527126755631,1.0072612223713922,1.0076305362129252,1.0026876343621367,1.002076337341231
1.599999999999973,1.0060091380459022,1.0338018948349847,1.0002896663628649,1.0043973627604077,1.0001003131261408,1.01096205400844,1.0212276866946552,1.033175963981725,1.0072081430862125,1.0077950335098007,1.002815812432131,1.0020980552717806
1.6499999999999728,1.0060479113135259,1.0341458698104529,1.000326843587313,1.0045238811298904,1.0001118881998858,1.011060820813268,1.0208864123902688,1.0328233308043828,1.007154580472976,1.007961047653184,1.0029469062544623,1.002119740739973
1.6999999999999726,1.0060865644091155,1.0344912475199748,1.0003662821502628,1.0046518687027453,1.0001240909895008,1.0111597595433732,1.0205474097660898,1.032469256837374,1.0071005280036138,1.0081285659699362,1.0030809065001827,1.0021413944747313
1.7499999999999725,1.0061250948855487,1.0348380134437298,1.0004079829309211,1.0047813041786497,1.000136919610676,1.0112588654258052,1.020210684409379,1.032113771166327,1.0070459789607262,1.0082975754842662,1.0032178031817987,1.0021630170046651
1.7999999999999723,1.0061635002615852,1.0351861521135737,1.000451946377271,1.0049121653368374,1.0001503719122031,1.0113581335793969,1.0198762408389932,1.0317569023497335,1.0069909264376218,1.008468062921621,1.0033575856558588,1.002184608660731
1.8499999999999721,1.0062017780223649,1.0355356471236146,1.0004981725091397,1.0050444290459057,1.000164445478822,1.0114575590163497,1.0195440825103954,1.031398678420216,1.0069353633384865,1.0086400147128387,1.0035002426258068,1.0022061695790605
1.899999999999972,1.0062399256199357,1.0358864811413333,1.0005466609216485,1.0051780712740963,1.0001791376343172,1.0115571366439091,1.0192142118211454,1.0310391268860424,1.0068792823787012,1.0088134169985774,1.003645762145133,1.0022276997039772
1.9499999999999718,1.0062779404738063,1.0362386359192368,1.0005974107890296,1.0053130671000619,1.0001944454448597,1.0116568612661212,1.0188866301168442,1.0306782747328884,1.0068226760853243,1.0089882556340115,1.0037941316208023,1.0022491987911806
1.9999999999999716,1.0063158199715143,1.03659209230701,1.0006504208688196,1.0054493907240882,1.0002103657225954,1.011756727585664,1.0185613376975453,1.030316148425848,1.006765536797706,1.0091645161937792,1.0039453378169727,1.0022706664110987
2.0499999999999723,1.0063535615572343,1.0369468328145681,1.000705690052611,1.0055870178636066,1.0002268959446714,1.0118567304598298,1.0182383361952305,1.0299527757991622,1.0067078573434425,1.0093421843927692,1.0040993680690262,1.0022921030098728
2.0999999999999712,1.0063911629949798,1.0373028492471568,1.0007632190019333,1.0057259329053467,1.0002440369925614,1.0119568656616063,1.0179176356850963,1.029588191710694,1.0066496330615142,1.009521247330563,1.0042562139250022,1.0023135130676977
2.14999999999997,1.00642862210246,1.0376601350119308,1.0008230084984144,1.0058661217420948,1.0002617903903912,1.0120571291133977,1.0175992475638451,1.0292224323617531,1.0065908597706024,1.0097016922346198,1.004415867530186,1.0023349018976475
2.199999999999971,1.0064659366628308,1.0380186825642528,1.0008850588946805,1.0060075693903174,1.0002801573869289,1.012157516632845,1.0172831821771844,1.0288555334052571,1.0065315330913995,1.0098835060440086,1.0045783204189473,1.002356274584343
2.2499999999999716,1.0065031044248065,1.0383784834117555,1.0009493701134016,1.0061502599946068,1.0002991389553983,1.012258023933513,1.016969448819999,1.0284875299440313,1.0064716484449534,1.0100666754107073,1.0047435635148734,1.0023776359845507
2.2999999999999705,1.006540123102803,1.0387395281190523,1.0010159416467361,1.0062941768326839,1.0003187357935748,1.0123586466256722,1.0166580557370184,1.0281184565293664,1.0064112010511619,1.0102511867011985,1.0049115871312024,1.0023989907280053
2.3499999999999694,1.0065769903771047,1.0391018063130706,1.0010847725561802,1.0064393023209521,1.000338948324166,1.012459380217183,1.016349010123988,1.0277483471598674,1.0063501859274078,1.0104370259983686,1.0050823809715144,1.0024203432184466
2.39999999999997,1.0066137038940643,1.0394653066889887,1.0011558614728007,1.006585618020581,1.0003597766954668,1.012560220114472,1.0160423181293379,1.027377235280575,1.0062885978873795,1.0106241791036918,1.005255934130718,1.0024416976348731
2.449999999999971,1.0066502612663228,1.039830017016783,1.0012292065978676,1.006733104644118,1.0003812207822915,1.012661161623605,1.0157379848563353,1.0270051537823508,1.0062264315400131,1.010812631539715,1.0054322350963112,1.002463057933
2.49999999999997,1.0066866600730606,1.0401959241483463,1.0013048057038736,1.0068817420626046,1.0004032801871745,1.0127621999514465,1.0154360143657195,1.0266321350015397,1.0061636812886021,1.0110023685528136,1.0056112717499104,1.0024844278469185
2.5499999999999687,1.0067228978602714,1.0405630140251942,1.0013826561359391,1.0070315093131919,1.0004259542418368,1.0128633302069145,1.0151364096788145,1.0262582107198979,1.0061003413300569,1.0111933751162432,1.0057930313690748,1.0025058108909561
2.5999999999999694,1.0067589721410624,1.0409312716867243,1.0014627548136077,1.007182384607247,1.0004492420089153,1.0129645474023203,1.0148391727811084,1.0258834121647733,1.006036405654311,1.0113856359334519,1.0059775006293818,1.0025272103617218
2.64999999999997,1.0067948803959772,1.0413006812790166,1.001545098233007,1.0073343453389254,1.0004731422839492,1.0130658464547893,1.0145443046263032,1.0255077700095636,1.0059718680438807,1.011579135441669,1.006164665606787,1.0025486293403427
2.699999999999969,1.0068306200733441,1.0416712260641823,1.0016296824694084,1.0074873680942127,1.0004976535976227,1.0131672221877737,1.0142518051408156,1.0251313143744205,1.005906722073576,1.011773857815764,1.0063545117802553,1.0025700706948821
2.749999999999968,1.0068661885896462,1.0420428884302189,1.001716503180148,1.0076414286604143,1.0005227742182548,1.0132686693326376,1.013961673228738,1.0247540748272173,1.005840961110352,1.0119697869723574,1.0065470240346457,1.0025915370829286
2.7999999999999687,1.0069015833299149,1.0424156499013884,1.0018055556079197,1.007796502036086,1.000548502154536,1.0133701825303267,1.0136739067772458,1.0243760803847675,1.0057745783133194,1.0121669065741874,1.0067421866638937,1.0026130309543617
2.8499999999999694,1.0069368016481455,1.0427894911490836,1.0018968345844381,1.0079525624413936,1.0005748351585082,1.0134717563331108,1.0133885026624379,1.0239973595142995,1.0057075666338893,1.0123652000347394,1.006939983374426,1.002634554554282
2.8999999999999684,1.0069718408677333,1.043164392003177,1.001990334534466,1.0081095833288862,1.0006017707287784,1.0135733852064035,1.0131054567556268,1.0236179401351821,1.0056399188160763,1.012564650523101,1.0071403972888613,1.0026561099261029
2.9499999999999673,1.0070066982819317,1.043540331463851,1.0020860494802006,1.008267537394685,1.0006293061139686,1.0136750635306513,1.0128247639300532,1.0232378496208951,1.0055716273969402,1.0127652409690686,1.0073434109499662,1.0026776989147992
2.999999999999968,1.0070413711543302,1.0439172877138707,1.0021839730460191,1.0084263965900582,1.0006574383163935,1.013776785603298,1.012546418068024,1.0228571148012515,1.0055026847071677,1.012966954068485,1.0075490063248673,1.0026993231703072
3.0499999999999687,1.00707585680516,1.0442952406025197,1.0022840989548543,1.008586134425903,1.0006861649708125,1.0138785458597772,1.0122704143548242,1.0224757636854833,1.0054330836851786,1.0131697726939604,1.0077571660390565,1.0027209851016858
3.0999999999999677,1.0071101528681168,1.044674179044137,1.002386422498703,1.0087467328511153,1.0007154869614017,1.0139803395297224,1.0119967561414274,1.0220938306189178,1.0053628203159124,1.0133736811071135,1.0079678770769305,1.0027426907153993
3.1499999999999666,1.0071442570312568,1.0450540935642378,1.002490939052063,1.008908175363832,1.0007454057789085,1.0140821619766873,1.0117254480826299,1.0217113511081564,1.0052918911866622,1.0135786637312034,1.0081811271087444,1.0027644467356633
3.1999999999999673,1.007178166950951,1.04543497382589,1.002597643578143,1.0090704447211678,1.0007759226429527,1.0141840084793745,1.0114564938506416,1.021328360097105,1.0052202926715859,1.013784704745541,1.0083969032634976,1.002786259650404
3.249999999999968,1.0072118802519208,1.0458168086344064,1.0027065306285967,1.0092335229443987,1.0008070385021413,1.0142858742325536,1.011189896136148,1.0209448919656279,1.0051480209300925,1.0139917880873306,1.0086151921295365,1.0028081357121903
3.299999999999967,1.0072453945273077,1.0461995859426318,1.0028175943436601,1.0093973913246344,1.0008387540344559,1.0143877543480662,1.010925656649843,1.0205609805284666,1.005075071905409,1.0141998974538295,1.0088359797554247,1.0028300809393618
3.349999999999966,1.0072787073387584,1.046583292856777,1.00293082845267,1.0095620304289523,1.0008710696479064,1.0144896438559217,1.0106637761244144,1.0201766590344261,1.0050014413232757,1.0144090163047512,1.0090592516510533,1.0028521011173546
3.3999999999999666,1.0073118162165404,1.0469679156428129,1.0030462262749638,1.0097274201069983,1.0009039854814492,1.014591537705479,1.0104042543169847,1.0197919601658285,1.0049271246907976,1.0146191278649543,1.0092849927890182,1.0028742018002157
3.4499999999999673,1.0073447186596791,1.0473534397333932,1.0031637807211726,1.0098935394980277,1.0009375014061637,1.0146934307667068,1.0101470900120013,1.0194069160382375,1.0048521172954559,1.0148302151273956,1.0095131876062533,1.0028963883123045
3.4999999999999662,1.0073774121361156,1.0477398497353083,1.0032834842948748,1.0100603670383796,1.0009716170266856,1.0147953178315299,1.0098922810245683,1.0190215582004285,1.0047764142042552,1.0150422608563279,1.009743820005902,1.0029186657501739
3.549999999999965,1.0074098940828913,1.0481271294374528,1.0034053290946374,1.010227880469387,1.0010063316828905,1.014897193615254,1.0096398242042122,1.0186359176346396,1.0047000102630266,1.0152552475907792,1.0099768733594607,1.0029410389846318
3.599999999999966,1.0074421619063498,1.0485152618192881,1.0035293068164195,1.0103960568456847,1.0010416444518282,1.014999052758065,1.0093897154390767,1.0182500247570614,1.004622900095869,1.0154691576482584,1.0102123305091548,1.0029635126629661
3.6499999999999666,1.007474212982364,1.0489042290597979,1.0036554087563534,1.0105648725439358,1.0010775541498937,1.015100889826606,1.0091419496605558,1.0178639094185964,1.0045450781047587,1.0156839731287077,1.0104501737705684,1.0029860912113437
3.6999999999999655,1.0075060446565802,1.0492940125469146,1.0037836258138697,1.0107343032719358,1.0011140593352463,1.0152026993156211,1.0088965208483291,1.017477600905868,1.004466538469278,1.0158996759187133,1.010690384935528,1.003008778837368
3.7499999999999645,1.0075376542446854,1.0496845928874137,1.0039139484952078,1.010904324078112,1.0011511583104553,1.015304475649677,1.008653422035829,1.0170911279424846,1.0043872751465146,1.0161162476959162,1.010932945275214,1.003031579532794
3.799999999999965,1.0075690390326932,1.050075949917261,1.004046366917252,1.011074909361384,1.0011888491253829,1.015406213184947,1.0084126453161095,1.0167045186905523,1.0043072818710974,1.016333669933684,1.0111778355435368,1.0030544970763988
3.849999999999966,1.0076001962772472,1.050468062712394,1.0041808708117432,1.011246032881398,1.0012271295802901,1.0155079062110628,1.0081741818481207,1.016317800752442,1.0042265521553686,1.01655192390598,1.0114250359807444,1.0030775350369956
3.899999999999965,1.0076311232059465,1.0508609095999388,1.0043174495298215,1.0114176677691025,1.0012659972291666,1.0156095489530277,1.0079380218633898,1.0159310011728035,1.0041450792897173,1.0167709906924625,1.0116745263172688,1.0031006967765985
3.9499999999999638,1.0076618170176859,1.0512544681698337,1.0044560920469146,1.0115897865376773,1.0013054493832776,1.0157111355731936,1.0077041546730907,1.0155441464408312,1.0040628563430503,1.0169908511837844,1.0119262857778233,1.003123985453722
3.9999999999999645,1.0076922748830146,1.0516487152868654,1.0045967869679662,1.0117623610937905,1.0013454831149262,1.0158126601732937,1.0074725686755115,1.0151572624927716,1.0039798761634018,1.017211486087108,1.012180293085721,1.0031474040268187
4.049999999999965,1.0077224940303267,1.0520436294864797,1.0047395229921297,1.0119353649776959,1.0013860961069638,1.0159141169895227,1.007243253619499,1.0147703763102196,1.003896132338716,1.017432876347509,1.0124365276110876,1.0031709561535904
4.099999999999964,1.007752472002912,1.0524391981106538,1.0048842902862523,1.0121087800492712,1.0014272891809917,1.0160155009706298,1.0070162073777205,1.014383520704157,1.0038116220772535,1.0176550043903902,1.0126949728134487,1.0031946488645596
4.149999999999963,1.007782206400358,1.0528354101193627,1.0050310790935642,1.0122825897912258,1.0014690637410517,1.0161168071953257,1.0067914291818456,1.0139967295196812,1.0037263433263215,1.0178778528599415,1.012955612825814,1.0032184898479573
4.199999999999964,1.0078116947924909,1.053232253705287,1.0051798792724262,1.0124567770828896,1.0015114209253015,1.0162180306796058,1.0065689173679733,1.013610036038044,1.003640293810595,1.0181014042029626,1.01321843131348,1.0032424865508014
4.2499999999999645,1.0078409347193202,1.0536297162987225,1.0053306802967206,1.0126313242053797,1.0015543616064135,1.016319166377822,1.0063486693781158,1.0132234729756362,1.00355347103063,1.0183256406710939,1.0134834114747098,1.003266646180083
4.299999999999963,1.0078699236910071,1.0540277845730182,1.0054834712566123,1.0128062128471744,1.0015978863922301,1.0164202091838388,1.0061306817621105,1.0128370724832445,1.0034658722615293,1.0185505443232745,1.0137505360416748,1.0032909757041337
4.349999999999962,1.0078986591878516,1.0544264444505023,1.00563824085969,1.0129814241100836,1.001641995626671,1.0165211539322647,1.0059149501799445,1.0124508661455522,1.0033774945517226,1.0187760970284805,1.0140197872816068,1.0033154818541614
4.399999999999963,1.0079271386603028,1.0548256811089054,1.0057949774324728,1.0131569385156045,1.0016866893908887,1.0166219953997537,1.0057014694044892,1.0120648849809113,1.0032883347219332,1.019002280468676,1.014291146998196,1.003340171125966
4.449999999999964,1.007955359528988,1.055225478988263,1.0059536689222832,1.0133327360116542,1.001731967504669,1.0167227283063827,1.005490233324651,1.0116791594413612,1.0031983893642504,1.019229076142025,1.014564596533212,1.0033650497818085
4.499999999999963,1.0079833191847618,1.0556258217982755,1.0061143028994795,1.0135087959796643,1.00177782952807,1.0168233473170964,1.0052812349489135,1.0112937194129064,1.0031076548413886,1.0194564653663236,1.0148401167683512,1.0033901238524443
4.549999999999962,1.0080110149887758,1.05602669252614,1.0062768665600448,1.0136850972420413,1.0018242747632973,1.016923847043224,1.005074466409283,1.010908594216044,1.003016127286063,1.0196844292826612,1.0151176881273287,1.0034153991393218
4.599999999999962,1.008038444272567,1.0564280734448104,1.0064413467285354,1.0138616180699656,1.0018713022568124,1.0170242220440526,1.0048699189656258,1.0105238126065443,1.0029238026005245,1.0199129488593088,1.015397290578181,1.003440881216915
4.649999999999963,1.0080656043381633,1.0568299461216952,1.00660772986137,1.0140383361915333,1.001918910801669,1.017124466828471,1.0046675830103937,1.0101394027764787,1.002830676456239,1.020142004895815,1.0156789036357947,1.003466575435223
4.699999999999962,1.0080924924582075,1.0572322914277783,1.006776002050462,1.0142152288002273,1.0019670989400704,1.0172245758566725,1.0044674480737323,1.0097553923555096,1.0027367442937087,1.0203715780273124,1.015962506364678,1.0034924869224
4.749999999999961,1.0081191058761008,1.0576350895471434,1.0069461490272016,1.014392272563707,1.00201586496615,1.0173245435419094,1.004269502828968,1.0093718084124068,1.002642001322437,1.0206016487290395,1.0162480773819256,1.0035186205875282
4.799999999999962,1.0081454418061577,1.058038319986905,1.0071181561667586,1.0145694436329205,1.0020652069289642,1.017424364252317,1.0040737350984767,1.0089886774568344,1.0025464425210489,1.0208321973210446,1.016535594860443,1.0035449811235355
4.849999999999962,1.0081714974337854,1.0584419615875242,1.0072920084927235,1.014746717651508,1.0021151226356995,1.0175240323127785,1.0038801318599104,1.0086060254413676,1.002450062637546,1.021063203973086,1.0168250365323612,1.0035715730102281
4.899999999999961,1.0081972699156718,1.0588459925334937,1.0074676906820692,1.0149240697655157,1.0021656096550833,1.0176235420068482,1.0036886792528061,1.0082238777637667,1.0023528561897024,1.0212946487097392,1.0171163796926892,1.003598400517469
4.94999999999996,1.0082227563799935,1.0592503903644026,1.0076451870704355,1.0151014746333957,1.002216665321,1.0177228875787203,1.0034993625855502,1.0078422592694933,1.0022548174656274,1.0215265114156482,1.0174096012031841,1.00362546770847
4.999999999999961,1.008247953926636,1.0596551319863412,1.0078244816577244,1.0152789064362828,1.0022682867363044,1.0178220632352502,1.0033121663426967,1.0074611942544665,1.0021559405244422,1.0217587718409888,1.0177046774964356,1.0036527784432039
5.049999999999962,1.0082728597223958,1.060060196009951,1.0080055586003387,1.015456341052256,1.0023204715665859,1.0179210633328852,1.0031270763730329,1.0070807078862385,1.002056220295393,1.0219914100639849,1.0180015857329285,1.0036803372033678
5.099999999999961,1.0082974712855215,1.0604655697142837,1.0081884036653892,1.0156337625461078,1.0023732204002702,1.018019882931294,1.002944086439563,1.006700830457946,1.0019556558748213,1.0222244078551699,1.0183003072699341,1.0037081515430035
5.1499999999999595,1.0083217861998237,1.0608712420291444,1.0083730027560651,1.0158111566648227,1.0024265343584435,1.0181185172349987,1.002763191684721,1.006321593128551,1.0018542472333283,1.0224577472892518,1.0186008242165374,1.003736229596537
5.19999999999996,1.0083458020194012,1.0612772012067322,1.0085593414234297,1.0159885086753049,1.0024804143023678,1.0182169614088585,1.00258438645162,1.0059430265029525,1.0017519941164457,1.022691410287454,1.0189031182828618,1.0037645792543604
5.249999999999961,1.0083695162684767,1.061683434826363,1.0087474048673455,1.0161658033688212,1.002534860834126,1.0183152105792053,1.0024076642854682,1.0055651606312157,1.001648896043258,1.022925378619883,1.0192071707804717,1.003793208164168
5.29999999999996,1.008392926441254,1.0620899297996684,1.0089371779377634,1.0163430250657821,1.0025898742975072,1.0184132598350482,1.0022330179353678,1.0051880250080616,1.0015449523051998,1.0231596339081064,1.0195129626230222,1.003822123732467
5.349999999999959,1.0084160300017901,1.0624966723762193,1.0091286451363672,1.0165201576208587,1.0026454547791286,1.0185111042293407,1.002060439356499,1.0048116485725946,1.001440161964976,1.0233941576279644,1.0198204743270853,1.0038513331262238
5.3999999999999595,1.0084388243838898,1.0629036481495993,1.0093217906185605,1.016697184428422,1.0027016021097879,1.018608738780309,1.0018899197126683,1.0044360597082853,1.0013345238556168,1.0236289311125957,1.0201296860132139,1.003880843274677
5.44999999999996,1.0084613069910142,1.0633108420639032,1.009516598195809,1.0168740884283027,1.002758315866046,1.0187061584728396,1.001721449379243,1.0040612862432046,1.001228036579703,1.0238639355556665,1.0204405774072087,1.0039106608712833
5.499999999999959,1.0084834751962082,1.0637182384206376,1.0097130513383197,1.0170508521118538,1.0028155953720317,1.0188033582599276,1.0015550179464354,1.0036873554504904,1.0011206985087282,1.02409915201481,1.0207531278415858,1.0039407923758128
5.549999999999958,1.0085053263420454,1.0641258208860418,1.009911133178055,1.0172274575283282,1.0028734397014678,1.0189003330641755,1.0013906142229632,1.003314294049078,1.0010125077825816,1.0243345614152648,1.0210673162572725,1.0039712440165816
5.599999999999959,1.0085268577405873,1.064533572498796,1.0101108265120786,1.0174038862915322,1.002931847679912,1.018997077779349,1.0012282262400585,1.0029421282046616,1.000903462309207,1.0245701445537045,1.0213831212054998,1.004002021792819
5.6499999999999595,1.0085480666733613,1.0649414756781042,1.0103121138062319,1.0175801195867837,1.0029908178872118,1.01909358727198,1.001067841255844,1.002570883530904,1.0007935597643915,1.0248058821022474,1.0217005208499,1.0040331314771649
5.699999999999958,1.008568950391351,1.0653495122321637,1.0105149771991229,1.0177561381781404,1.003050348660166,1.0191898563830233,1.0009094457600527,1.0022005850909013,1.0006827975916948,1.025041754612665,1.0220194929688247,1.0040645786182991
5.749999999999957,1.0085895061150025,1.0657576633669836,1.0107193985064422,1.0179319224159045,1.003110438095389,1.0192858799295519,1.0007530254790942,1.0018312573988688,1.0005711730025362,1.025277742520745,1.0223400149578525,1.0040963685436886
5.799999999999958,1.0086097310342483,1.0661659096955733,1.0109253592255791,1.0181074522444045,1.0031710840523778,1.0193816527065058,1.00059856538148,1.0014629244220972,1.0004586829764142,1.0255138261508443,1.0226620638325243,1.0041285063624643
5.849999999999959,1.0086296223085405,1.0665742312474578,1.0111328405405542,1.0182827072100276,1.0032322841567727,1.0194771694884734,1.000446049683572,1.0010956095831287,1.0003453242612812,1.0257499857205856,1.0229856162312698,1.0041609969684075
5.899999999999958,1.0086491770669006,1.0669826074785356,1.0113418233272375,1.0184576664695164,1.0032940358038094,1.0195724250315215,1.0002954618556912,1.0007293357621891,1.0002310933740592,1.025986201345734,1.0233106484185426,1.0041938450430596
5.949999999999957,1.0086683924079847,1.06739101728126,1.0115522881588763,1.0186323087985203,1.00335633616196,1.019667414075058,1.0001467846285446,1.0003641252998627,1.0001159866013012,1.026222453045204,1.023637136288166,1.004227055058935
5.999999999999957,1.008687265400156,1.0677994389951275,1.0117642153119022,1.018806612600385,1.0034191821767569,1.0197621313437282,1.0,1.0,1.0,1.0264587207462283,1.023965055366876,1.0042606312828495
