shift_px,profiled_rss
-6.0,1.6910764499684215e-13
-5.95,1.6522238233659666e-13
-5.9,1.6137277230434625e-13
-5.8500000000000005,1.5755923990939388e-13
-5.800000000000001,1.5378220776021835e-13
-5.750000000000001,1.5004209611581704e-13
-5.700000000000001,1.4633932241165758e-13
-5.650000000000001,1.426743009012693e-13
-5.600000000000001,1.3904744226024897e-13
-5.550000000000002,1.3545915308721016e-13
-5.500000000000002,1.3190983767049394e-13
-5.450000000000002,1.2839989740604478e-13
-5.400000000000002,1.249297310554399e-13
-5.350000000000002,1.2149973480889257e-13
-5.3000000000000025,1.1811030155201086e-13
-5.250000000000003,1.1476182121620688e-13
-5.200000000000003,1.1145468021819335e-13
-5.150000000000003,1.081892608315463e-13
-5.100000000000003,1.0496594191690473e-13
-5.050000000000003,1.0178509854284379e-13
-5.0000000000000036,9.864710189093573e-14
-4.950000000000004,9.555231906434434e-14
-4.900000000000004,9.250111310348419e-14
-4.850000000000004,8.949384302013795e-14
-4.800000000000004,8.653086388979392e-14
-4.750000000000004,8.361252690425515e-14
-4.700000000000005,8.073917902323645e-14
-4.650000000000005,7.79111626889802e-14
-4.600000000000005,7.512881547490095e-14
-4.550000000000005,7.239246962063993e-14
-4.500000000000005,6.970245332910213e-14
-4.4500000000000055,6.705909042919266e-14
-4.400000000000006,6.446270037533437e-14
-4.350000000000006,6.191359839231477e-14
-4.300000000000006,5.941209496273348e-14
-4.250000000000006,5.695849610587033e-14
-4.200000000000006,5.455310295885648e-14
-4.150000000000007,5.219621123566687e-14
-4.100000000000007,4.988811175967303e-14
-4.050000000000007,4.762909021139326e-14
-4.000000000000007,4.54194270334016e-14
-3.9500000000000073,4.3259397291760015e-14
-3.9000000000000075,4.114927065002853e-14
-3.8500000000000076,3.908931138160882e-14
-3.800000000000008,3.707977838957696e-14
-3.750000000000008,3.512092523909627e-14
-3.700000000000008,3.3212999931882354e-14
-3.6500000000000083,3.1356244710723235e-14
-3.6000000000000085,2.9550895796345675e-14
-3.5500000000000087,2.779718304648753e-14
-3.500000000000009,2.6095330754936578e-14
-3.450000000000009,2.4445557506811354e-14
-3.4000000000000092,2.2848076033682945e-14
-3.3500000000000094,2.1303093346939057e-14
-3.3000000000000096,1.9810810463865118e-14
-3.2500000000000098,1.8371422587169002e-14
-3.20000000000001,1.698511883760065e-14
-3.15000000000001,1.56520818903514e-14
-3.1000000000000103,1.4372488277429386e-14
-3.0500000000000105,1.3146508251737023e-14
-3.0000000000000107,1.1974305712193309e-14
-2.950000000000011,1.0856038122371683e-14
-2.900000000000011,9.791856476312544e-15
-2.850000000000011,8.7819052936075e-15
-2.8000000000000114,7.826322601087263e-15
-2.7500000000000115,6.925239933492991e-15
-2.7000000000000117,6.078782219046656e-15
-2.650000000000012,5.287067682087826e-15
-2.600000000000012,4.550207716295689e-15
-2.5500000000000123,3.868306752871249e-15
-2.5000000000000124,3.2414625820289072e-15
-2.4500000000000126,2.66976631612958e-15
-2.400000000000013,2.1533022746661948e-15
-2.350000000000013,1.692148037320548e-15
-2.300000000000013,1.2863743649307128e-15
-2.2500000000000133,9.360452344182772e-16
-2.2000000000000135,6.412177271058283e-16
-2.1500000000000137,4.019419274838955e-16
-2.100000000000014,2.182609852949363e-16
-2.050000000000014,9.021107065827375e-17
-2.000000000000014,1.7821342602089976e-17
-1.9500000000000144,1.113927425126345e-18
-1.9000000000000146,4.010390630363323e-17
-1.8500000000000147,1.3479930159017178e-16
-1.800000000000015,2.8520105693093486e-16
-1.750000000000015,4.913030027412007e-16
-1.7000000000000153,7.530918331155636e-16
-1.6500000000000155,1.0705471024236033e-15
-1.6000000000000156,1.4436412802803869e-15
-1.5500000000000158,1.872339897590739e-15
-1.500000000000016,2.356601456023817e-15
-1.4500000000000162,2.89637738460106e-15
-1.4000000000000163,3.491612162198335e-15
-1.3500000000000165,4.142243257674795e-15
-1.3000000000000167,4.848201144341927e-15
-1.2500000000000169,5.609409128356993e-15
-1.200000000000017,6.425783386668514e-15
-1.1500000000000172,7.297233196327019e-15
-1.1000000000000174,8.223660767216827e-15
-1.0500000000000176,9.204961247673794e-15
-1.0000000000000178,1.024102275610791e-14
-0.9500000000000179,1.133172641767006e-14
-0.9000000000000181,1.2476946394530835e-14
-0.8500000000000183,1.3676549871375651e-14
-0.8000000000000185,1.4930397065885124e-14
-0.7500000000000187,1.6238341159429367e-14
-0.7000000000000188,1.760022833811219e-14
-0.650000000000019,1.9015897864375162e-14
-0.6000000000000192,2.0485182347900407e-14
-0.5500000000000194,2.2007908212292558e-14
-0.5000000000000195,2.3583895291989772e-14
-0.4500000000000197,2.5212956644470662e-14
-0.4000000000000199,2.6894899110053778e-14
-0.3500000000000201,2.8629523130708595e-14
-0.30000000000002025,3.0416622726523186e-14
-0.25000000000002043,3.225598504925225e-14
-0.2000000000000206,3.414739054918631e-14
-0.15000000000002078,3.609061357623427e-14
-0.10000000000002096,3.808542201095466e-14
-0.05000000000002114,4.013157726687912e-14
-2.1316282072803006e-14,4.2228834395409456e-14
0.049999999999978506,4.437694217372168e-14
0.09999999999997833,4.6575643186015627e-14
0.14999999999997815,4.8824673811696174e-14
0.19999999999997797,5.112376428802933e-14
0.2499999999999778,5.3472638606346465e-14
0.2999999999999776,5.5871014584130636e-14
0.34999999999997744,5.831860397891175e-14
0.39999999999997726,6.081511299135247e-14
0.4499999999999771,6.336024306431108e-14
0.4999999999999769,6.595369028635423e-14
0.5499999999999767,6.859514491045996e-14
0.5999999999999766,7.128429249700583e-14
0.6499999999999764,7.402081359561734e-14
0.6999999999999762,7.680438357878323e-14
0.749999999999976,7.963467186981956e-14
0.7999999999999758,8.251134220275489e-14
0.8499999999999757,8.543405360486617e-14
0.8999999999999755,8.840245986600471e-14
0.9499999999999753,9.14162094772222e-14
0.9999999999999751,9.447494580734363e-14
1.049999999999975,9.757830723038344e-14
1.0999999999999748,1.0072592725471834e-13
1.1499999999999746,1.0391743451216914e-13
1.1999999999999744,1.071524528831488e-13
1.2499999999999742,1.1043060135757765e-13
1.299999999999974,1.1375149410331288e-13
1.3499999999999739,1.1711474058182912e-13
1.3999999999999737,1.2051994627968729e-13
1.4499999999999735,1.239667138219396e-13
1.4999999999999734,1.2745464230823488e-13
1.5499999999999732,1.309833263963948e-13
1.599999999999973,1.345523580850698e-13
1.6499999999999728,1.3816132620105564e-13
1.6999999999999726,1.418098160668741e-13
1.7499999999999725,1.4549740839838622e-13
1.7999999999999723,1.4922367961032305e-13
1.8499999999999721,1.5298820316013883e-13
1.899999999999972,1.5679054890450971e-13
1.9499999999999718,1.606302829171483e-13
1.9999999999999716,1.6450696772568061e-13
2.0499999999999723,1.684201624653113e-13
2.0999999999999712,1.7236942304662315e-13
2.14999999999997,1.763543021407488e-13
2.199999999999971,1.803743493679382e-13
2.2499999999999716,1.8442911112328065e-13
2.2999999999999705,1.8851813061076662e-13
2.3499999999999694,1.9264094792147828e-13
2.39999999999997,1.9679710097161405e-13
2.449999999999971,2.009861268881465e-13
2.49999999999997,2.0520756139970062e-13
2.5499999999999687,2.0946093737250375e-13
2.5999999999999694,2.1374578719841645e-13
2.64999999999997,2.1806164201919441e-13
2.699999999999969,2.224080312763833e-13
2.749999999999968,2.267844813244184e-13
2.7999999999999687,2.311905157296967e-13
2.8499999999999694,2.3562565693145005e-13
2.8999999999999684,2.4008942553972e-13
2.9499999999999673,2.4458133998857956e-13
2.999999999999968,2.491009168159674e-13
3.0499999999999687,2.5364767083233107e-13
3.0999999999999677,2.582211153171153e-13
3.1499999999999666,2.6282076199525915e-13
3.1999999999999673,2.6744612128411114e-13
3.249999999999968,2.720967020870769e-13
3.299999999999967,2.7677201177146895e-13
3.349999999999966,2.8147155617922673e-13
3.3999999999999666,2.8619484073559207e-13
3.4499999999999673,2.909413720479106e-13
3.4999999999999662,2.957106574605673e-13
3.549999999999965,3.0050220298082187e-13
3.599999999999966,3.053155161390245e-13
3.6499999999999666,3.10150104832948e-13
3.6999999999999655,3.1500547691005177e-13
3.7499999999999645,3.1988113861049896e-13
3.799999999999965,3.247765948095074e-13
3.849999999999966,3.296913509335408e-13
3.899999999999965,3.3462491225487065e-13
3.9499999999999638,3.395767833564114e-13
3.9999999999999645,3.4454646843489055e-13
4.049999999999965,3.495334714766945e-13
4.099999999999964,3.545372964760182e-13
4.149999999999963,3.5955744739988263e-13
4.199999999999964,3.6459342848462583e-13
4.2499999999999645,3.6964474400458295e-13
4.299999999999963,3.7471089818275966e-13
4.349999999999962,3.7979139511813264e-13
4.399999999999963,3.848857400189973e-13
4.449999999999964,3.899934409451589e-13
4.499999999999963,3.9511400861416545e-13
4.549999999999962,4.0024695371689377e-13
4.599999999999962,4.05391790096049e-13
4.649999999999963,4.1054803326099883e-13
4.699999999999962,4.1571520004578915e-13
4.749999999999961,4.208928069852903e-13
4.799999999999962,4.26080370457389e-13
4.849999999999962,4.312774087811192e-13
4.899999999999961,4.364834415578236e-13
4.94999999999996,4.4169798894581606e-13
4.999999999999961,4.4692057196691177e-13
5.049999999999962,4.5215071268443674e-13
5.099999999999961,4.573879344391399e-13
5.1499999999999595,4.626317618017093e-13
5.19999999999996,4.678817209071863e-13
5.249999999999961,4.731373392084244e-13
5.29999999999996,4.783981453187031e-13
5.349999999999959,4.836636688540901e-13
5.3999999999999595,4.889334417387805e-13
5.44999999999996,4.94207000015126e-13
5.499999999999959,4.994838839587354e-13
5.549999999999958,5.047636348508853e-13
5.599999999999959,5.100457982770257e-13
5.6499999999999595,5.153299223899739e-13
5.699999999999958,5.206155576858606e-13
5.749999999999957,5.259022554333251e-13
5.799999999999958,5.311895676827224e-13
5.849999999999959,5.364770494664159e-13
5.899999999999958,5.417642582264434e-13
5.949999999999957,5.470507529177732e-13
5.999999999999957,5.523360942994436e-13
