true_shift,seed,aug_ok,aug_et_ok,qd_ok,aug_shift,qd_shift,aug_rel,qd_rel,aug_sig,qd_sig
-7.0,0,True,True,True,-6.97059288334665,-6.987926749370056,-0.0046308544076476554,0.008000000000000007,0.0049747793157228085,0.0059269
-7.0,1,False,True,False,-6.8991653817243375,-6.910558114864098,0.0008921397077747972,0.014100000000000001,0.005206626049014262,0.0060449
-7.0,2,False,True,False,-6.949866619520029,-6.959849422331603,0.0104460767239003,0.02299999999999991,0.004944163291459703,0.0058955
-7.0,3,True,True,False,-6.935517134340261,-6.944458887510525,0.005579019546892328,0.017099999999999893,0.004973389661332531,0.0060374
-7.0,4,True,True,False,-7.06353060184957,-7.075070453289399,0.0036864341911488907,0.01649999999999996,0.005184193195621099,0.0060989
-6.0,0,True,True,True,-5.973739048657695,-5.980054698789762,-0.004929961298797192,0.0041999999999999815,0.004792954593750013,0.0055938
-6.0,1,True,False,False,-6.055255764795786,-6.0603350560997065,0.008389257602730682,0.017099999999999893,0.005260909382323516,0.0058533
-6.0,2,True,True,False,-6.014096341718363,-6.019362956643595,0.007250731645741748,0.016799999999999926,0.004848563148655271,0.0056956
-6.0,3,True,True,False,-6.0186946534311385,-6.023730540849576,0.001299796861581104,0.011700000000000044,0.005217522716529926,0.0057559
-6.0,4,True,True,False,-5.981979358746794,-5.985254203796882,0.0019034792958274593,0.01200000000000001,0.005087216830269519,0.0059216
-5.0,0,True,True,True,-5.045850221243601,-5.047263500512292,-0.0009555378856187513,0.005800000000000027,0.004739586367769592,0.0053628
-5.0,1,False,False,False,-5.137622845339806,-5.142518432242745,-0.0025206111908354645,0.0040999999999999925,0.005270643579924797,0.0058023
-5.0,2,True,True,True,-4.945333717780042,-4.954712311385542,0.0015826764396194015,0.009200000000000097,0.005129916387939347,0.005579
-5.0,3,False,False,False,-4.8676599489305294,-4.874015993675028,-0.004578110854948414,0.0021999999999999797,0.004681663686109922,0.005228
-5.0,4,True,True,True,-4.968593280734913,-4.981541757222286,-6.155008185104727e-05,0.008000000000000007,0.005231881590080826,0.0055923
-4.0,0,True,True,True,-4.024182593057599,-4.034815885525732,-0.0025003797856696375,0.0036000000000000476,0.0053407683706051525,0.0055988
-4.0,1,True,True,True,-4.062680825322152,-4.06830069777159,-0.0012009742681136082,0.0032000000000000917,0.004965859826982245,0.0052135
-4.0,2,True,True,False,-3.9428936386967295,-3.949959963809521,0.006664897957315841,0.012799999999999923,0.005026361901984362,0.0053298
-4.0,3,True,True,True,-3.9913664776129414,-4.002162994081013,-0.007008146283594585,-0.0019900000000000473,0.00518337565113285,0.0053608
-4.0,4,True,True,False,-3.9063612541401933,-3.910027765354833,0.006889315923928274,0.011900000000000022,0.004942758121617211,0.0052238
-3.0,0,False,False,True,-2.972681058139699,-2.976820606676794,-0.012663518548647557,-0.009449999999999958,0.004663281996209818,0.0048098
-3.0,1,True,True,True,-2.975351567100327,-2.9776525274779333,-0.007571737251136024,-0.003689999999999971,0.005184738312746114,0.0053955
-3.0,2,True,True,True,-3.0113862383017604,-3.0150889635292026,0.006186100627147528,0.009600000000000053,0.005067319245419534,0.0052371
-3.0,3,True,True,True,-2.995457516104305,-2.9947069039012897,-0.001985801122483255,0.0007999999999999119,0.005093274524089631,0.0052531
-3.0,4,True,True,True,-2.9597967710874737,-2.9641338144594194,-0.00960512657895829,-0.006099999999999994,0.00531819771840593,0.0054484
-2.0,0,True,True,True,-1.9852332139066313,-1.984255898837464,0.005339513754179848,0.006199999999999983,0.005027055607823723,0.0050806
-2.0,1,True,True,True,-2.025708324201066,-2.0275989725768224,0.0026177190894789426,0.0039000000000000146,0.005121011860608088,0.0051945
-2.0,2,True,True,False,-1.933713200785019,-1.9378971121939748,0.00901542922416887,0.01089999999999991,0.004996361288357464,0.0050504
-2.0,3,True,True,True,-1.9955061523885822,-1.9992512712780004,0.0035482054379656347,0.0046999999999999265,0.005100505574317527,0.0051601
-2.0,4,False,True,False,-1.8899926579652648,-1.8944708463745021,0.0028152635688161176,0.0042999999999999705,0.005145882088873346,0.005216
-1.0,0,True,False,True,-1.0226979526770847,-1.0270894210866122,0.0038977207675723324,0.0043999999999999595,0.005404211382960539,0.0054291
-1.0,1,True,True,True,-0.9997997683604486,-0.9983673554272768,-0.004883999614289092,-0.004789999999999961,0.005144476132858464,0.0051748
-1.0,2,True,True,True,-0.9976814061952121,-0.9987209217677611,-0.0046462523319803495,-0.004550000000000054,0.005322287956283822,0.0053517
-1.0,3,True,True,True,-0.9496604317228721,-0.9533188440455824,0.0012115458649391009,0.0020999999999999908,0.004976243684794362,0.0049848
-1.0,4,True,True,True,-1.072108814273219,-1.0746752909117816,-0.0008724495297197654,-0.00021999999999999797,0.005028868017844136,0.0050598
0.0,0,True,True,True,0.021965781644591852,0.02333745827396095,-0.0011110048819386042,-0.0014399999999999968,0.004879845214095656,0.0049025
0.0,1,True,True,True,-0.021738364860247092,-0.018930357829925366,0.0047323752163968,0.0043999999999999595,0.0053821284232604925,0.0053952
0.0,2,True,True,True,-0.02626734484254056,-0.02780279317407628,-0.0035163259321893126,-0.003349999999999964,0.005356419571720812,0.0053847
0.0,3,True,True,True,-0.014326751326812683,-0.012614623087875887,-0.009205105561776117,-0.009419999999999984,0.005466010122542847,0.0054868
0.0,4,True,False,True,-0.022326199956689757,-0.022226844004439944,-0.008173202201055885,-0.00831000000000004,0.005170293235476173,0.0051975
1.0,0,True,True,True,0.9644742533136987,0.9641754105004505,0.0025367638077125054,0.0025999999999999357,0.0051713662383683625,0.0051905
1.0,1,True,True,True,1.0075349281665806,1.009951852583142,0.002802927187163684,0.0022999999999999687,0.005176478016799002,0.0051813
1.0,2,True,True,True,1.000867758683465,1.000051995049584,0.0026656162537896932,0.0023999999999999577,0.0052950047680316685,0.0053189
1.0,3,True,False,True,1.0953371157772447,1.0972411426426858,-0.004606458767800636,-0.0050200000000000244,0.005051011269977166,0.0050664
1.0,4,True,True,True,0.9965738433320405,0.9900897434559406,-0.0035137180511972677,-0.0029599999999999627,0.0050549130781638845,0.0050628
2.0,0,True,True,True,1.9965161398577504,1.9973378534353796,0.006035611638672833,0.006000000000000005,0.005433827433006834,0.0054472
2.0,1,True,True,True,2.0299332627351667,2.0302195231004116,-0.0066929844075712674,-0.006950000000000012,0.005309795797426045,0.0053365
2.0,2,True,True,True,1.9776504489856392,1.9709035699791777,-0.003210743991499121,-0.003049999999999997,0.0050766225930766705,0.0051019
2.0,3,True,True,True,2.0508573080285193,2.04737788962391,-0.004549907942859144,-0.0046800000000000175,0.005329214353798075,0.0053576
2.0,4,True,False,True,1.9741768676523572,1.9715067125600036,0.006856951587751681,0.006799999999999917,0.005230542015456834,0.0052564
3.0,0,True,True,True,2.995440108903628,2.9911712404964472,0.004054749607540709,0.0040999999999999925,0.005127705343571787,0.0051502
3.0,1,True,True,True,3.0167557985540987,3.0192485675348992,-0.00023861027628435671,-0.0006899999999999684,0.005228374789356461,0.0052406
3.0,2,True,True,True,3.0345892002194317,3.0315193993517044,-0.0020223958341155646,-0.0020200000000000218,0.005163844967711269,0.0051864
3.0,3,True,True,True,3.031435296346108,3.0263198943445837,-0.009789178942944066,-0.009680000000000022,0.0049514004020644676,0.0049526
3.0,4,True,True,True,3.0703316987916085,3.0712436176061075,-0.0022896578600209994,-0.0024699999999999722,0.005174208012239793,0.0051827
4.0,0,True,True,True,3.9868411983961227,3.9873963998607906,-0.0037611293730734907,-0.004190000000000027,0.0051589146081035065,0.005184
4.0,1,True,True,True,4.0384535294323785,4.031488202321175,0.006527020139056594,0.006000000000000005,0.004977962442353406,0.0050405
4.0,2,True,True,True,3.960068557067888,3.9551594688166416,0.00030704510610601865,-0.00012000000000000899,0.005134668568745014,0.0051729
4.0,3,True,False,True,4.073468670406689,4.057901687757348,0.003374405593688401,0.0032000000000000917,0.005377865334538175,0.0054478
4.0,4,True,True,True,3.9769555499812146,3.9726298056405676,0.005852049663560122,0.00550000000000006,0.005007321450443014,0.0050327
5.0,0,True,True,True,5.07795659389413,5.077004669153022,-0.003429175515221261,-0.003920000000000035,0.005199482796651913,0.0052275
5.0,1,False,False,False,5.142149926039977,5.125880016219958,0.0057040342460517035,0.005300000000000082,0.005436532106265357,0.0054924
5.0,2,False,False,False,4.946355153093954,4.947017043975003,0.01166600748429536,0.011400000000000077,0.005150050298523121,0.0051656
5.0,3,True,True,True,5.028097478942718,5.023969718080391,0.004828389837290503,0.0041999999999999815,0.005192284731649444,0.0052172
5.0,4,True,True,True,5.0343128199887595,5.027921341885802,0.002037078666957459,0.0014000000000000679,0.005059961668500812,0.005118
6.0,0,True,True,True,6.007861675699184,6.00626020402565,-0.0010592195310361596,-0.0014399999999999968,0.005359713810974141,0.00536
6.0,1,True,True,True,6.081655512344781,6.0817570167290445,-0.007738039127682339,-0.008889999999999953,0.005165853746497833,0.0051458
6.0,2,True,True,True,6.094525517962275,6.084876719733317,0.0026151760795807277,0.0020000000000000018,0.005313272583893599,0.0053897
6.0,3,False,False,False,6.131038583242485,6.129592462794555,-0.004072983293589405,-0.004709999999999992,0.005139529011605714,0.0051453
6.0,4,True,True,True,5.970970424601888,5.965288104569539,0.0030370644275916625,0.0022999999999999687,0.005366496427376422,0.0054006
7.0,0,True,True,True,6.935179887153962,6.933227956695144,-3.446239734949952e-05,-0.0006000000000000449,0.005320750312131856,0.0053475
7.0,1,True,True,True,6.900315460057358,6.906190530658117,-0.006278941655228132,-0.006970000000000032,0.005088805647778862,0.0050766
7.0,2,True,True,True,6.96165008074358,6.953194055922489,0.00173423302551301,0.0009999999999998899,0.005121712418548585,0.005183
7.0,3,True,True,True,6.93618252620739,6.935515738898277,0.0022760296734967156,0.0017000000000000348,0.005162467221589858,0.0051636
7.0,4,True,True,True,7.010192136409012,6.999781620786291,-0.002166998057284597,-0.0031200000000000117,0.005081078407458895,0.0051393
