dataset,group,term,n,med_abs_over_sigma,rms_over_sigma,p95_abs_over_sigma,frac_gt_sigma,frac_gt_2sigma,med_abs_pct_NO2,med_abs_ppb,sigma_med_ppb
Yeosu 300C (ch ANs),all (LOO bracket ~2 h),i0,8847,0.8209050358114887,1.6801556863621219,3.5591424821024313,0.4316717531366565,0.15643721035379224,1.4539831800120888,0.0294814,0.0356859598088153
Yeosu 300C (ch ANs),all (LOO bracket ~2 h),rt,8847,0.652387968869546,2.3246999570774407,4.518649214643982,0.34893184130213634,0.17565276364869448,1.164793345993457,0.0236177,0.0356859598088153
Yeosu 300C (ch ANs),all (LOO bracket ~2 h),tri,8847,1.2099105390509572,3.3225197145362846,6.867421231273953,0.5748841415168984,0.3053012320560642,2.136218084926483,0.0433146,0.0356859598088153
Yeosu 180C (ch PNs),all (LOO bracket ~2 h),i0,8847,0.6517439557367836,0.9892036683892623,1.9025717519994394,0.2961455860743755,0.03684864925963603,1.7196688120946169,0.028114,0.0432204731519259
Yeosu 180C (ch PNs),all (LOO bracket ~2 h),rt,8847,0.19909671932032413,0.8888502283118105,1.6662502338872716,0.10862439244941788,0.03809200859048265,0.5216283873704544,0.00852784,0.0432204731519259
Yeosu 180C (ch PNs),all (LOO bracket ~2 h),tri,8847,0.7445006401396783,1.395335079525754,2.572533409687651,0.3758336159149994,0.10681586978636826,1.9824146818517636,0.0324095,0.0432204731519259
Seosan 2020 ch1,all,i0,3939,2.3583359095995235,3.170552060785284,4.6141813812731005,0.6712363544046712,0.5780654988575781,2.0600975264797263,0.1913156251860837,0.07860736891049167
Seosan 2020 ch1,all,rt,3939,0.44878973133196715,6.721838102427211,14.805395014821906,0.25133282559025133,0.15486164001015487,0.4642188694311091,0.04311073727667214,0.07860736891049167
Seosan 2020 ch1,all,tri,3939,2.2662857826805123,7.898374770682295,16.893459481796775,0.7072861132267073,0.5625793348565625,2.2161429779080377,0.20580713964776365,0.07860736891049167
Seosan 2020 ch1,short_7.5-7.8h,i0,553,2.246126412182432,3.5916701526596277,5.0471940244823275,0.8083182640144665,0.5569620253164557,4.977624736347525,0.12471690701637961,0.05246858073369798
Seosan 2020 ch1,short_7.5-7.8h,rt,553,0.171942910571805,6.41297463455808,10.673887088491766,0.22423146473779385,0.22423146473779385,0.3831024142760527,0.009598824883306989,0.05246858073369798
Seosan 2020 ch1,short_7.5-7.8h,tri,553,2.0410108265589733,3.640282271493873,5.291179248959311,0.7956600361663653,0.5135623869801085,4.420016387802709,0.11074574763001532,0.05246858073369798
Seosan 2020 ch1,long_18-21h,i0,3386,2.371435629291892,2.9501641081620256,4.569238465395474,0.6488481984642647,0.5815121086828116,1.9062974132793047,0.21642757971150228,0.08738411410661787
Seosan 2020 ch1,long_18-21h,rt,3386,0.5195694049889803,6.333443573806155,15.223657216117982,0.25575900767867693,0.14353219137625517,0.4431438898947247,0.05031143560587914,0.08738411410661787
Seosan 2020 ch1,long_18-21h,tri,3386,2.3225148730445557,7.612259577092282,17.442913311123796,0.6928529238038984,0.570584760779681,2.028944333249947,0.23035204703932277,0.08738411410661787
Seosan 2020 ch1,long_excl_knot5,i0,2900,2.352432717012006,2.876305757898534,4.5012588963186495,0.6206896551724138,0.5720689655172414,2.099142003682428,0.2126339359336451,0.0841915816548306
Seosan 2020 ch1,long_excl_knot5,rt,2900,0.4108850403270661,0.952735558719303,1.3260269688977333,0.1310344827586207,0.0,0.37886675227056865,0.03837755072709026,0.0841915816548306
Seosan 2020 ch1,long_excl_knot5,tri,2900,1.9966630753204075,2.7777821914412755,4.845259492507516,0.6413793103448275,0.4986206896551724,1.9739687904920658,0.199954435000675,0.0841915816548306
Seosan 2020 ch2,all,i0,3939,1.9064505073022933,21.92531897907196,54.59626207262062,0.6752982990606753,0.4544300583904544,1.2513921076949592,0.11674407763392791,0.07717000897702488
Seosan 2020 ch2,all,rt,3939,0.7633293875752463,2.9751437307216824,6.673664716919263,0.3604975882203605,0.1617161716171617,0.7758146296375683,0.07237680563510729,0.07717000897702488
Seosan 2020 ch2,all,tri,3939,1.1675879531267679,18.422313245089043,45.93603022470664,0.5379537953795379,0.2729119065752729,1.0478552076196512,0.09775584243758373,0.07717000897702488
Seosan 2020 ch2,short_7.5-7.8h,i0,553,0.6357139079197593,11.78631691636089,19.752060063148143,0.22423146473779385,0.22423146473779385,1.1502236514552173,0.034664666456473814,0.055028713579985206
Seosan 2020 ch2,short_7.5-7.8h,rt,553,0.1511037475314292,2.01788192049292,3.3838927744145075,0.22423146473779385,0.1844484629294756,0.23557435286705647,0.007099581335773042,0.055028713579985206
Seosan 2020 ch2,short_7.5-7.8h,tri,553,0.5116746949553211,10.046330230926243,16.878538661976126,0.3037974683544304,0.22423146473779385,0.979598701476465,0.029522486522438385,0.055028713579985206
Seosan 2020 ch2,long_18-21h,i0,3386,1.9879116107946428,21.502423860161286,56.54689034076396,0.7489663319551093,0.4920259893679858,1.172708657838154,0.12944814867069998,0.08399048955938838
Seosan 2020 ch2,long_18-21h,rt,3386,0.8572002418043831,2.899513810478751,6.868209330924361,0.38275251033668045,0.15800354400472533,0.7589481045669673,0.08377564744379118,0.08399048955938838
Seosan 2020 ch2,long_18-21h,tri,3386,1.4029538691787877,18.061443948985858,47.57501595096281,0.5761961015948022,0.280862374483166,0.9448546134801074,0.104296731895408,0.08399048955938838
Seosan 2020 ch2,long_excl_knot5,i0,2900,1.8417440999874954,2.263150812772858,3.3411274402539424,0.7068965517241379,0.4068965517241379,1.0825035190059908,0.1107707766145749,0.08382971560940256
Seosan 2020 ch2,long_excl_knot5,rt,2900,0.7389287964380059,1.3750724573653046,1.8827761958596312,0.2793103448275862,0.01689655172413793,0.6530876686876885,0.06682937005541234,0.08382971560940256
Seosan 2020 ch2,long_excl_knot5,tri,2900,1.0219243182807167,1.5082245358527968,2.3768144687765074,0.5051724137931034,0.16034482758620688,0.900602312813888,0.09215713007832227,0.08382971560940256
