knot,doy,ch,n,loo_bracket_h,gaps_h,i0_med,rt_med,tri_med,tri_sd
0,327.64,1,74,,"(np.float64(nan), np.float64(2.7))",,,,
0,327.64,2,74,,"(np.float64(nan), np.float64(2.7))",,,,
1,327.752,1,533,18.3,"(np.float64(2.7), np.float64(15.6))",0.001,0.007,0.009,0.024
1,327.752,2,533,18.3,"(np.float64(2.7), np.float64(15.6))",-0.107,0.003,-0.097,0.028
2,328.404,1,558,19.1,"(np.float64(15.6), np.float64(3.5))",-0.217,-0.001,-0.219,0.052
2,328.404,2,558,19.1,"(np.float64(15.6), np.float64(3.5))",0.075,0.019,0.096,0.068
3,328.55,1,218,7.8,"(np.float64(3.5), np.float64(4.3))",0.041,-0.001,0.039,0.029
3,328.55,2,218,7.8,"(np.float64(3.5), np.float64(4.3))",-0.002,-0.004,-0.008,0.026
4,328.728,1,604,20.7,"(np.float64(4.3), np.float64(16.4))",0.018,0.048,0.068,0.031
4,328.728,2,604,20.7,"(np.float64(4.3), np.float64(16.4))",-0.218,0.158,-0.065,0.026
5,329.412,1,486,19.6,"(np.float64(16.4), np.float64(3.2))",-0.234,-1.229,-1.361,0.724
5,329.412,2,486,19.6,"(np.float64(16.4), np.float64(3.2))",4.017,-0.514,3.383,1.651
6,329.543,1,124,7.6,"(np.float64(3.2), np.float64(4.4))",-0.32,0.68,0.353,0.116
6,329.543,2,124,7.6,"(np.float64(3.2), np.float64(4.4))",-1.311,0.225,-1.113,0.342
7,329.728,1,607,20.7,"(np.float64(4.4), np.float64(16.3))",0.26,0.085,0.339,0.082
7,329.728,2,607,20.7,"(np.float64(4.4), np.float64(16.3))",-0.264,0.105,-0.166,0.08
8,330.407,1,598,20.6,"(np.float64(16.3), np.float64(4.3))",-0.392,0.115,-0.284,0.074
8,330.407,2,598,20.6,"(np.float64(16.3), np.float64(4.3))",0.025,-0.121,-0.091,0.025
9,330.587,1,211,7.5,"(np.float64(4.3), np.float64(3.1))",0.146,-0.013,0.129,0.022
9,330.587,2,211,7.5,"(np.float64(4.3), np.float64(3.1))",-0.035,0.007,-0.025,0.006
10,330.718,1,88,,"(np.float64(3.1), np.float64(nan))",,,,
10,330.718,2,88,,"(np.float64(3.1), np.float64(nan))",,,,
