t,ambient,zeroair
2026-05-17 08:00:00,45797.5,45811.0
2026-05-17 09:00:00,46965.0,45811.0
2026-05-17 10:00:00,49297.0,47857.5
2026-05-17 11:00:00,48202.0,50418.0
2026-05-17 12:00:00,48971.0,50168.5
2026-05-17 13:00:00,50751.0,51271.5
2026-05-17 14:00:00,51122.5,51339.5
2026-05-17 15:00:00,50872.5,52874.5
2026-05-17 16:00:00,50427.0,51956.5
2026-05-17 17:00:00,50813.0,51891.0
2026-05-17 18:00:00,51074.0,57478.0
2026-05-17 19:00:00,51054.0,51218.5
2026-05-17 20:00:00,50210.0,52073.5
2026-05-17 21:00:00,45890.0,65535.0
2026-05-17 22:00:00,47810.0,46033.0
2026-05-17 23:00:00,44157.0,49146.0
2026-05-18 00:00:00,42309.0,65003.0
2026-05-18 01:00:00,44141.0,46599.5
2026-05-18 02:00:00,47022.0,44600.5
2026-05-18 03:00:00,45899.5,48006.0
2026-05-18 04:00:00,42945.0,45938.5
2026-05-18 05:00:00,43215.5,44347.0
2026-05-18 06:00:00,42157.0,43511.5
2026-05-18 07:00:00,41163.5,43306.0
2026-05-18 08:00:00,40512.0,42279.5
2026-05-18 09:00:00,40934.0,43352.5
2026-05-18 10:00:00,45959.5,47031.0
2026-05-18 11:00:00,48082.5,48601.5
2026-05-18 12:00:00,47747.0,48970.0
2026-05-18 13:00:00,45459.0,50291.5
2026-05-18 14:00:00,45716.0,46956.0
2026-05-18 15:00:00,45717.0,46906.0
2026-05-18 16:00:00,45565.0,52365.5
2026-05-18 17:00:00,45369.0,45947.0
2026-05-18 18:00:00,45534.5,45860.0
2026-05-18 19:00:00,45472.0,60619.0
2026-05-18 20:00:00,44940.0,46117.0
2026-05-18 21:00:00,42863.0,45318.5
2026-05-18 22:00:00,42142.5,60900.0
2026-05-18 23:00:00,40415.0,42758.0
2026-05-19 00:00:00,41597.0,41427.0
2026-05-19 01:00:00,42018.0,60720.0
2026-05-19 02:00:00,45602.0,44015.0
2026-05-19 03:00:00,42957.0,44840.5
2026-05-19 04:00:00,40234.0,53688.0
2026-05-19 05:00:00,37208.5,40755.5
2026-05-19 06:00:00,36883.5,36899.5
2026-05-19 07:00:00,36635.0,47980.5
2026-05-19 08:00:00,37824.5,36657.0
2026-05-19 09:00:00,41415.0,39769.5
2026-05-19 10:00:00,41929.0,55119.0
2026-05-19 11:00:00,38781.0,42033.5
2026-05-19 12:00:00,31852.0,36374.0
2026-05-19 13:00:00,21979.0,61030.5
2026-05-19 14:00:00,8090.0,533.0
2026-05-19 15:00:00,4108.5,11824.5
2026-05-19 16:00:00,8830.0,57227.0
2026-05-19 17:00:00,15130.0,7716.0
2026-05-19 18:00:00,17446.0,14927.0
2026-05-19 19:00:00,36711.0,53886.0
2026-05-19 20:00:00,40019.0,38733.5
2026-05-19 21:00:00,39385.0,40236.5
2026-05-19 22:00:00,38545.0,51546.0
2026-05-19 23:00:00,38121.5,38604.5
2026-05-20 00:00:00,38626.0,38099.0
2026-05-20 01:00:00,38515.0,51991.0
2026-05-20 02:00:00,39373.0,38307.5
2026-05-20 03:00:00,39250.0,39607.5
2026-05-20 04:00:00,39523.0,52981.5
2026-05-20 05:00:00,39371.0,39380.5
2026-05-20 06:00:00,37866.0,39067.0
2026-05-20 07:00:00,37623.0,41717.0
2026-05-20 08:00:00,37830.5,41254.5
2026-05-20 09:00:00,37600.0,41680.0
2026-05-20 10:00:00,37206.0,42877.5
2026-05-20 11:00:00,38038.0,40466.5
2026-05-20 12:00:00,37770.0,39450.5
2026-05-20 13:00:00,37910.0,40809.5
2026-05-20 14:00:00,38291.0,39447.5
2026-05-20 15:00:00,38904.5,39116.5
2026-05-20 16:00:00,39716.5,47499.0
2026-05-20 17:00:00,39714.0,40150.0
2026-05-20 18:00:00,39653.0,40280.0
2026-05-20 19:00:00,39447.0,50445.0
2026-05-20 20:00:00,39385.0,39303.0
2026-05-20 21:00:00,39453.0,39748.0
2026-05-20 22:00:00,38342.0,51020.0
2026-05-20 23:00:00,38731.5,37757.0
2026-05-21 00:00:00,39046.0,42004.5
2026-05-21 01:00:00,32246.0,39013.0
2026-05-21 02:00:00,11527.5,1443.5
2026-05-21 03:00:00,16669.0,48271.0
2026-05-21 04:00:00,24091.0,45474.0
2026-05-21 05:00:00,35043.0,45878.0
2026-05-21 06:00:00,32638.0,47399.5
2026-05-21 07:00:00,26837.0,45170.5
2026-05-21 08:00:00,28118.0,44154.0
2026-05-21 09:00:00,32382.0,46093.5
2026-05-21 10:00:00,36371.0,44549.0
2026-05-21 11:00:00,36830.0,44472.5
2026-05-21 12:00:00,36969.0,46513.0
2026-05-21 13:00:00,34443.0,43093.5
2026-05-21 14:00:00,31717.5,41539.0
2026-05-21 15:00:00,27067.0,46484.0
2026-05-21 16:00:00,28413.0,36872.0
2026-05-21 17:00:00,28582.0,30801.0
2026-05-21 18:00:00,29533.0,46126.0
2026-05-21 19:00:00,37962.5,37992.5
2026-05-21 20:00:00,38406.0,39210.5
2026-05-21 21:00:00,38399.5,49521.0
2026-05-21 22:00:00,39837.5,38974.5
2026-05-21 23:00:00,41551.0,41776.5
2026-05-22 00:00:00,42487.0,46720.5
2026-05-22 01:00:00,41791.0,46113.0
2026-05-22 02:00:00,39624.5,46319.0
2026-05-22 03:00:00,39864.0,47498.5
2026-05-22 04:00:00,35894.0,45013.0
2026-05-22 05:00:00,35837.0,45527.0
2026-05-22 06:00:00,40979.0,48013.0
2026-05-22 07:00:00,42799.0,46452.0
2026-05-22 08:00:00,43798.0,45274.5
2026-05-22 09:00:00,38758.0,48256.0
2026-05-22 10:00:00,33964.5,43571.5
2026-05-22 11:00:00,36444.0,37734.0
2026-05-22 12:00:00,41429.0,47053.0
2026-05-22 13:00:00,41535.0,43553.0
2026-05-22 14:00:00,39755.5,42778.0
2026-05-22 15:00:00,39268.0,41778.0
2026-05-22 16:00:00,38592.0,39170.0
2026-05-22 17:00:00,38626.0,38821.0
2026-05-22 18:00:00,38548.0,48874.0
2026-05-22 19:00:00,38291.0,38841.5
2026-05-22 20:00:00,37987.0,38503.0
2026-05-22 21:00:00,37849.0,48623.0
2026-05-22 22:00:00,37859.0,38256.0
2026-05-22 23:00:00,37653.0,37918.0
2026-05-23 00:00:00,40367.0,40986.0
2026-05-23 01:00:00,38564.0,40677.5
2026-05-23 02:00:00,40132.0,41477.5
2026-05-23 03:00:00,40330.0,41487.0
2026-05-23 04:00:00,39164.0,41730.0
2026-05-23 05:00:00,39830.0,42698.0
2026-05-23 06:00:00,40259.0,46820.5
2026-05-23 07:00:00,32541.0,43731.5
2026-05-23 08:00:00,27541.0,48629.0
2026-05-23 09:00:00,16964.0,47193.0
2026-05-23 10:00:00,18621.5,46240.0
2026-05-23 11:00:00,703.0,49329.5
2026-05-23 12:00:00,377.0,394.5
2026-05-23 13:00:00,359.0,356.0
2026-05-23 14:00:00,4280.5,409.5
2026-05-23 15:00:00,9543.0,13684.5
2026-05-23 16:00:00,12985.0,14527.0
2026-05-23 17:00:00,13145.0,17436.5
2026-05-23 18:00:00,13160.0,14963.5
2026-05-23 19:00:00,13267.0,14914.5
2026-05-23 20:00:00,13572.0,18051.0
2026-05-23 21:00:00,13920.0,14566.5
2026-05-23 22:00:00,14209.0,14906.0
2026-05-23 23:00:00,14379.0,18643.0
2026-05-24 00:00:00,12360.0,15336.0
2026-05-24 01:00:00,41902.0,46111.5
2026-05-24 02:00:00,43236.0,46111.5
2026-05-24 03:00:00,45578.0,47761.5
2026-05-24 04:00:00,29383.0,47439.5
2026-05-24 05:00:00,380.0,48019.0
2026-05-24 06:00:00,332.0,350.0
2026-05-24 07:00:00,1458.0,335.0
2026-05-24 08:00:00,,
2026-05-24 09:00:00,41620.0,45133.5
2026-05-24 10:00:00,36253.0,45133.5
2026-05-24 11:00:00,38922.0,40824.0
2026-05-24 12:00:00,39508.0,40708.5
2026-05-24 13:00:00,39568.0,40795.0
2026-05-24 14:00:00,39435.0,40870.0
2026-05-24 15:00:00,39736.0,40894.5
2026-05-24 16:00:00,39939.0,41032.5
2026-05-24 17:00:00,39842.0,40930.0
2026-05-24 18:00:00,39648.0,41175.0
2026-05-24 19:00:00,39456.0,40904.0
2026-05-24 20:00:00,38275.0,41383.0
2026-05-24 21:00:00,37704.5,40812.5
2026-05-24 22:00:00,38068.0,40606.5
2026-05-24 23:00:00,38325.0,41251.0
2026-05-25 00:00:00,36155.0,39812.5
2026-05-25 01:00:00,37111.0,40515.0
2026-05-25 02:00:00,41816.0,52914.0
2026-05-25 03:00:00,40740.0,40833.5
2026-05-25 04:00:00,41494.0,41725.0
2026-05-25 05:00:00,41189.0,43266.0
2026-05-25 06:00:00,34610.0,48390.5
2026-05-25 07:00:00,28603.0,50576.5
2026-05-25 08:00:00,13006.0,50576.5
2026-05-25 09:00:00,35076.5,38241.5
2026-05-25 10:00:00,33047.0,38241.5
2026-05-25 11:00:00,38438.0,42538.0
2026-05-25 12:00:00,37054.0,42538.0
2026-05-25 13:00:00,34882.0,40476.5
2026-05-25 14:00:00,,
2026-05-25 15:00:00,,
2026-05-25 16:00:00,,
2026-05-25 17:00:00,,
2026-05-25 18:00:00,,
2026-05-25 19:00:00,,
2026-05-25 20:00:00,,
2026-05-25 21:00:00,,
2026-05-25 22:00:00,,
2026-05-25 23:00:00,,
2026-05-26 00:00:00,38643.0,41697.5
2026-05-26 01:00:00,37213.0,42680.5
2026-05-26 02:00:00,35488.0,40100.5
2026-05-26 03:00:00,36252.0,37941.0
2026-05-26 04:00:00,37122.0,38024.5
2026-05-26 05:00:00,35866.0,39029.0
2026-05-26 06:00:00,37333.0,39300.0
2026-05-26 07:00:00,37285.0,39460.0
2026-05-26 08:00:00,38118.0,40901.5
2026-05-26 09:00:00,37266.0,41457.5
2026-05-26 10:00:00,39056.0,42418.0
2026-05-26 11:00:00,40825.0,41956.5
2026-05-26 12:00:00,40726.0,41850.5
2026-05-26 13:00:00,41324.0,41864.5
2026-05-26 14:00:00,41756.0,42529.0
2026-05-26 15:00:00,41902.5,42614.0
2026-05-26 16:00:00,42125.0,42875.5
2026-05-26 17:00:00,42475.0,42648.5
2026-05-26 18:00:00,42334.5,44624.0
2026-05-26 19:00:00,42105.0,43686.0
2026-05-26 20:00:00,41711.0,47679.0
2026-05-26 21:00:00,41136.0,51232.5
2026-05-26 22:00:00,40549.0,51851.5
2026-05-26 23:00:00,40694.0,52556.0
2026-05-27 00:00:00,41754.0,52521.0
2026-05-27 01:00:00,44605.0,43698.0
2026-05-27 02:00:00,46854.0,46927.0
2026-05-27 03:00:00,47381.0,49529.5
2026-05-27 04:00:00,47059.0,49381.5
2026-05-27 05:00:00,46725.0,48990.5
2026-05-27 06:00:00,44782.0,48750.5
2026-05-27 07:00:00,43870.0,48916.5
2026-05-27 08:00:00,42430.5,48292.0
2026-05-27 09:00:00,37658.5,48241.0
2026-05-27 10:00:00,10494.0,48751.5
2026-05-27 11:00:00,3514.0,838.5
2026-05-27 12:00:00,2177.0,1181.5
2026-05-27 13:00:00,1600.5,455.5
2026-05-27 14:00:00,1501.0,708.0
2026-05-27 15:00:00,1724.0,1118.0
2026-05-27 16:00:00,1609.0,484.5
2026-05-27 17:00:00,1429.0,1352.0
2026-05-27 18:00:00,1647.0,1175.0
2026-05-27 19:00:00,1875.0,472.5
2026-05-27 20:00:00,1782.0,1767.0
2026-05-27 21:00:00,1846.0,1659.0
2026-05-27 22:00:00,1453.0,33537.5
2026-05-27 23:00:00,1185.0,1393.5
2026-05-28 00:00:00,7807.0,47140.5
2026-05-28 01:00:00,37627.0,43602.0
2026-05-28 02:00:00,39645.0,43160.5
2026-05-28 03:00:00,36994.0,39818.0
2026-05-28 04:00:00,33936.0,36118.5
2026-05-28 05:00:00,33697.0,35736.0
2026-05-28 06:00:00,34202.0,36520.5
2026-05-28 07:00:00,34488.0,35837.0
2026-05-28 08:00:00,34746.0,36138.5
2026-05-28 09:00:00,35038.0,37416.0
2026-05-28 10:00:00,34320.0,35071.0
2026-05-28 11:00:00,35139.0,35442.5
2026-05-28 12:00:00,36761.5,40041.0
2026-05-28 13:00:00,39276.0,39946.0
2026-05-28 14:00:00,40379.0,40736.5
2026-05-28 15:00:00,40579.0,50605.0
2026-05-28 16:00:00,40647.0,40793.0
2026-05-28 17:00:00,40847.0,41137.0
2026-05-28 18:00:00,41250.0,51917.0
2026-05-28 19:00:00,41183.0,41173.5
2026-05-28 20:00:00,41026.0,41217.0
2026-05-28 21:00:00,40339.0,51523.0
2026-05-28 22:00:00,39467.0,39579.0
2026-05-28 23:00:00,38903.0,39013.0
2026-05-29 00:00:00,36542.0,39124.5
2026-05-29 01:00:00,35533.0,36640.5
2026-05-29 02:00:00,35125.0,36214.0
2026-05-29 03:00:00,34842.0,36426.0
2026-05-29 04:00:00,35274.0,35873.0
2026-05-29 05:00:00,35146.0,35629.0
2026-05-29 06:00:00,35133.0,36324.5
2026-05-29 07:00:00,34961.0,35681.0
2026-05-29 08:00:00,35003.0,35435.5
2026-05-29 09:00:00,36029.0,37838.0
2026-05-29 10:00:00,35878.0,37838.0
2026-05-29 11:00:00,,
2026-05-29 12:00:00,,
2026-05-29 13:00:00,,
2026-05-29 14:00:00,,
2026-05-29 15:00:00,,
2026-05-29 16:00:00,,
2026-05-29 17:00:00,,
2026-05-29 18:00:00,,
2026-05-29 19:00:00,35711.0,36857.0
2026-05-29 20:00:00,35045.0,35816.0
2026-05-29 21:00:00,36884.0,37054.5
2026-05-29 22:00:00,40603.0,41077.5
2026-05-29 23:00:00,41750.0,42149.0
2026-05-30 00:00:00,43912.0,45318.5
2026-05-30 01:00:00,43699.0,44157.0
2026-05-30 02:00:00,43828.0,44286.0
2026-05-30 03:00:00,43471.0,46820.0
2026-05-30 04:00:00,43103.0,43963.5
2026-05-30 05:00:00,42902.0,43715.5
2026-05-30 06:00:00,41827.5,47956.0
2026-05-30 07:00:00,42236.0,43905.0
2026-05-30 08:00:00,40977.0,42237.0
2026-05-30 09:00:00,40802.0,44059.5
2026-05-30 10:00:00,40300.5,42908.5
2026-05-30 11:00:00,36262.0,38844.0
2026-05-30 12:00:00,35065.0,36433.5
2026-05-30 13:00:00,35315.0,35486.0
2026-05-30 14:00:00,35567.0,35697.0
2026-05-30 15:00:00,35931.0,36376.5
2026-05-30 16:00:00,35949.0,36457.0
2026-05-30 17:00:00,35646.5,36283.5
2026-05-30 18:00:00,35288.5,43295.5
2026-05-30 19:00:00,34989.0,35671.0
2026-05-30 20:00:00,34852.0,35377.5
2026-05-30 21:00:00,34463.0,44745.5
2026-05-30 22:00:00,35333.0,35034.5
2026-05-30 23:00:00,36381.0,36070.0
2026-05-31 00:00:00,36959.0,48024.0
2026-05-31 01:00:00,36939.0,37334.5
2026-05-31 02:00:00,37654.5,36962.0
2026-05-31 03:00:00,38064.0,49264.0
2026-05-31 04:00:00,38198.0,38192.0
2026-05-31 05:00:00,37978.0,38459.5
2026-05-31 06:00:00,37178.0,49624.5
2026-05-31 07:00:00,35271.5,37075.0
2026-05-31 08:00:00,34470.0,34742.5
2026-05-31 09:00:00,34865.0,44918.5
2026-05-31 10:00:00,34718.0,37786.0
2026-05-31 11:00:00,34856.0,37339.5
2026-05-31 12:00:00,32893.0,37561.0
2026-05-31 13:00:00,37033.0,38344.0
2026-05-31 14:00:00,38636.0,39006.0
2026-05-31 15:00:00,37497.0,39217.0
2026-05-31 16:00:00,36933.0,37868.0
2026-05-31 17:00:00,36463.0,37441.5
2026-05-31 18:00:00,36676.5,37123.0
2026-05-31 19:00:00,39450.0,38254.0
2026-05-31 20:00:00,40365.0,40471.0
2026-05-31 21:00:00,41374.0,41967.5
2026-05-31 22:00:00,40576.5,46390.0
2026-05-31 23:00:00,40204.0,43252.0
2026-06-01 00:00:00,42473.0,43022.0
2026-06-01 01:00:00,42853.0,47523.5
2026-06-01 02:00:00,43363.0,43571.0
2026-06-01 03:00:00,43309.0,44305.0
2026-06-01 04:00:00,42374.0,47595.0
2026-06-01 05:00:00,42987.0,44189.5
2026-06-01 06:00:00,40781.0,44271.0
2026-06-01 07:00:00,40056.0,47610.5
2026-06-01 08:00:00,39590.0,43289.5
2026-06-01 09:00:00,36960.0,42228.0
2026-06-01 10:00:00,39052.0,48481.0
2026-06-01 11:00:00,31352.0,38453.5
2026-06-01 12:00:00,30586.0,34523.0
2026-06-01 13:00:00,29621.0,56230.0
2026-06-01 14:00:00,40352.5,26976.0
2026-06-01 15:00:00,38121.0,40154.5
2026-06-01 16:00:00,36804.0,48734.0
2026-06-01 17:00:00,36746.0,37078.5
2026-06-01 18:00:00,39819.0,37238.0
2026-06-01 19:00:00,39812.0,53296.0
2026-06-01 20:00:00,39707.0,40082.5
2026-06-01 21:00:00,39550.0,39743.0
2026-06-01 22:00:00,37981.0,51970.5
2026-06-01 23:00:00,38418.0,38178.0
2026-06-02 00:00:00,38333.0,37974.5
2026-06-02 01:00:00,39615.0,53364.0
2026-06-02 02:00:00,39690.0,40342.5
2026-06-02 03:00:00,41056.0,39866.5
2026-06-02 04:00:00,42052.0,55261.0
2026-06-02 05:00:00,41385.0,41706.0
2026-06-02 06:00:00,25454.0,40934.0
2026-06-02 07:00:00,19752.0,60405.0
2026-06-02 08:00:00,16943.0,18981.0
2026-06-02 09:00:00,14911.0,48202.0
2026-06-02 10:00:00,13433.5,45012.5
2026-06-02 11:00:00,10100.0,43225.5
2026-06-02 12:00:00,8094.0,47207.5
2026-06-02 13:00:00,7022.0,46677.5
2026-06-02 14:00:00,11161.0,39466.5
2026-06-02 15:00:00,23555.0,42505.0
2026-06-02 16:00:00,27770.5,42505.0
2026-06-02 17:00:00,37290.5,47051.0
2026-06-02 18:00:00,42409.0,45777.5
2026-06-02 19:00:00,37539.0,45702.5
2026-06-02 20:00:00,37339.0,43366.0
2026-06-02 21:00:00,35850.0,45063.0
2026-06-02 22:00:00,26162.0,45694.0
2026-06-02 23:00:00,28723.0,47290.0
2026-06-03 00:00:00,31495.5,43081.0
2026-06-03 01:00:00,33266.5,42795.0
2026-06-03 02:00:00,34102.0,47590.5
2026-06-03 03:00:00,36614.0,44798.0
2026-06-03 04:00:00,38857.0,44097.5
2026-06-03 05:00:00,42200.0,47686.0
2026-06-03 06:00:00,29439.5,45261.5
2026-06-03 07:00:00,26540.0,34705.5
2026-06-03 08:00:00,19614.0,46643.5
2026-06-03 09:00:00,22399.5,28441.5
2026-06-03 10:00:00,22985.0,24682.0
2026-06-03 11:00:00,42569.0,47420.0
2026-06-03 12:00:00,42592.0,44405.0
2026-06-03 13:00:00,39296.5,41261.0
2026-06-03 14:00:00,37422.0,46709.0
2026-06-03 15:00:00,37146.0,37404.0
2026-06-03 16:00:00,36977.0,37560.5
2026-06-03 17:00:00,37537.0,43664.5
2026-06-03 18:00:00,41034.0,38375.5
2026-06-03 19:00:00,42720.0,42202.5
2026-06-03 20:00:00,39595.0,57151.0
2026-06-03 21:00:00,38027.0,37301.0
2026-06-03 22:00:00,36690.5,37379.0
2026-06-03 23:00:00,37857.0,59736.0
2026-06-04 00:00:00,39611.0,39139.0
2026-06-04 01:00:00,39070.0,39566.5
2026-06-04 02:00:00,39751.0,59757.5
2026-06-04 03:00:00,39650.0,40703.5
2026-06-04 04:00:00,40913.5,40359.0
2026-06-04 05:00:00,40692.5,60072.5
2026-06-04 06:00:00,43263.0,41873.0
2026-06-04 07:00:00,39437.0,40765.5
2026-06-04 08:00:00,37938.0,59999.0
2026-06-04 09:00:00,38952.0,36192.5
2026-06-04 10:00:00,41503.0,40201.0
2026-06-04 11:00:00,40314.0,59500.0
2026-06-04 12:00:00,38235.0,38972.0
2026-06-04 13:00:00,36530.0,37915.5
2026-06-04 14:00:00,35702.5,48990.0
2026-06-04 15:00:00,36563.0,36724.5
2026-06-04 16:00:00,32637.5,35958.0
2026-06-04 17:00:00,37416.0,48631.5
2026-06-04 18:00:00,38965.0,38552.5
2026-06-04 19:00:00,38380.0,39043.5
2026-06-04 20:00:00,37583.0,49221.5
2026-06-04 21:00:00,37588.0,37641.0
2026-06-04 22:00:00,38051.0,37578.0
2026-06-04 23:00:00,38681.5,49503.5
2026-06-05 00:00:00,39168.0,38870.0
2026-06-05 01:00:00,39356.0,39054.5
2026-06-05 02:00:00,39333.0,50813.0
2026-06-05 03:00:00,39208.0,38601.5
2026-06-05 04:00:00,38909.0,39253.0
2026-06-05 05:00:00,39726.0,50554.0
2026-06-05 06:00:00,40479.5,40554.0
2026-06-05 07:00:00,39765.0,40964.5
2026-06-05 08:00:00,38584.5,50333.0
2026-06-05 09:00:00,38640.0,38532.5
2026-06-05 10:00:00,38435.0,38636.0
2026-06-05 11:00:00,38528.0,48985.5
2026-06-05 12:00:00,38718.5,38696.0
2026-06-05 13:00:00,38660.0,38798.0
2026-06-05 14:00:00,38644.0,49179.0
2026-06-05 15:00:00,38882.0,38724.0
2026-06-05 16:00:00,38882.0,38867.0
2026-06-05 17:00:00,38815.0,49693.0
2026-06-05 18:00:00,38317.0,38750.0
2026-06-05 19:00:00,39112.0,38398.0
2026-06-05 20:00:00,39014.0,50674.5
2026-06-05 21:00:00,38690.5,38949.5
2026-06-05 22:00:00,39328.0,39215.0
2026-06-05 23:00:00,39619.0,50626.0
2026-06-06 00:00:00,39465.0,39616.0
2026-06-06 01:00:00,39254.0,39557.5
2026-06-06 02:00:00,39469.0,51204.0
2026-06-06 03:00:00,39703.0,39893.5
2026-06-06 04:00:00,39229.0,39761.0
2026-06-06 05:00:00,39464.0,51754.5
2026-06-06 06:00:00,38805.0,39153.0
2026-06-06 07:00:00,38750.0,37252.0
2026-06-06 08:00:00,37197.0,51908.0
2026-06-06 09:00:00,35366.0,35820.5
2026-06-06 10:00:00,38309.0,37161.0
2026-06-06 11:00:00,38046.0,39382.0
2026-06-06 12:00:00,36334.0,39222.5
2026-06-06 13:00:00,37573.0,39273.0
2026-06-06 14:00:00,37565.0,39589.0
2026-06-06 15:00:00,37795.0,39505.0
2026-06-06 16:00:00,38202.0,39614.0
2026-06-06 17:00:00,37444.0,40063.0
2026-06-06 18:00:00,36648.0,39523.0
2026-06-06 19:00:00,37919.0,40586.0
2026-06-06 20:00:00,37879.0,41671.0
2026-06-06 21:00:00,39571.0,41930.5
2026-06-06 22:00:00,42851.0,42986.0
2026-06-06 23:00:00,45565.0,45538.0
2026-06-07 00:00:00,47208.0,47622.5
2026-06-07 01:00:00,47807.0,48552.0
2026-06-07 02:00:00,48095.0,49097.0
2026-06-07 03:00:00,48123.5,48635.0
2026-06-07 04:00:00,48006.0,48643.0
2026-06-07 05:00:00,47928.0,49184.0
2026-06-07 06:00:00,47681.0,48526.0
2026-06-07 07:00:00,47284.0,48305.0
2026-06-07 08:00:00,45842.0,48511.5
2026-06-07 09:00:00,44481.0,46350.0
2026-06-07 10:00:00,43561.5,45261.0
2026-06-07 11:00:00,42402.0,44769.5
2026-06-07 12:00:00,38507.0,41519.5
2026-06-07 13:00:00,38156.0,38292.0
2026-06-07 14:00:00,37233.0,39262.5
2026-06-07 15:00:00,37577.0,38869.0
2026-06-07 16:00:00,37761.0,38437.0
2026-06-07 17:00:00,37614.5,45936.0
2026-06-07 18:00:00,37244.0,38559.5
2026-06-07 19:00:00,38020.0,38246.5
2026-06-07 20:00:00,37935.0,49085.5
2026-06-07 21:00:00,38118.0,38156.0
2026-06-07 22:00:00,38188.0,38370.0
2026-06-07 23:00:00,38441.0,49471.0
2026-06-08 00:00:00,38476.0,38737.5
2026-06-08 01:00:00,38764.0,38726.0
2026-06-08 02:00:00,38824.0,49655.0
2026-06-08 03:00:00,38878.0,39026.0
2026-06-08 04:00:00,38976.5,39028.0
2026-06-08 05:00:00,38831.0,49923.0
2026-06-08 06:00:00,37895.0,38903.5
2026-06-08 07:00:00,37692.5,37968.5
2026-06-08 08:00:00,38051.0,50188.0
2026-06-08 09:00:00,38745.5,38340.0
2026-06-08 10:00:00,39036.0,39061.5
2026-06-08 11:00:00,39061.0,40518.5
2026-06-08 12:00:00,38823.0,39705.0
2026-06-08 13:00:00,38844.0,39625.0
2026-06-08 14:00:00,39159.0,40210.0
2026-06-08 15:00:00,39249.0,39928.0
2026-06-08 16:00:00,39202.5,39677.5
2026-06-08 17:00:00,38555.0,40141.5
2026-06-08 18:00:00,38267.0,39459.5
2026-06-08 19:00:00,38373.0,39303.0
2026-06-08 20:00:00,38452.0,39920.0
2026-06-08 21:00:00,38938.0,39716.0
2026-06-08 22:00:00,39157.0,39725.0
2026-06-08 23:00:00,39121.0,40290.0
2026-06-09 00:00:00,39322.0,39680.0
2026-06-09 01:00:00,39406.0,39638.0
2026-06-09 02:00:00,39290.0,41075.5
2026-06-09 03:00:00,39067.5,39729.0
2026-06-09 04:00:00,38240.0,39550.0
2026-06-09 05:00:00,37745.0,47412.0
2026-06-09 06:00:00,36286.0,37832.0
2026-06-09 07:00:00,35575.0,37664.0
2026-06-09 08:00:00,37624.0,49467.0
2026-06-09 09:00:00,38941.0,38726.5
2026-06-09 10:00:00,38198.0,40210.0
2026-06-09 11:00:00,38040.0,40666.0
2026-06-09 12:00:00,37609.0,40304.5
2026-06-09 13:00:00,38415.0,40436.0
2026-06-09 14:00:00,39159.0,39399.5
2026-06-09 15:00:00,39729.0,40402.0
2026-06-09 16:00:00,39357.0,40412.0
2026-06-09 17:00:00,39415.0,39977.0
2026-06-09 18:00:00,39029.0,39942.5
2026-06-09 19:00:00,39070.0,42122.0
2026-06-09 20:00:00,39521.0,39747.5
2026-06-09 21:00:00,40114.0,40207.0
2026-06-09 22:00:00,39355.0,50802.0
2026-06-09 23:00:00,39489.0,39436.5
2026-06-10 00:00:00,39730.5,39722.0
2026-06-10 01:00:00,,
2026-06-10 02:00:00,,
2026-06-10 03:00:00,,
2026-06-10 04:00:00,,
2026-06-10 05:00:00,,
2026-06-10 06:00:00,,
2026-06-10 07:00:00,,
2026-06-10 08:00:00,,
2026-06-10 09:00:00,38922.0,39735.5
2026-06-10 10:00:00,39250.0,39920.0
2026-06-10 11:00:00,39284.0,39738.5
2026-06-10 12:00:00,39361.0,39918.5
2026-06-10 13:00:00,39153.0,39559.5
2026-06-10 14:00:00,39437.0,39706.0
2026-06-10 15:00:00,39395.0,40612.5
2026-06-10 16:00:00,39423.0,39954.5
2026-06-10 17:00:00,39517.0,40234.0
2026-06-10 18:00:00,38867.0,40176.0
2026-06-10 19:00:00,38305.0,39367.5
2026-06-10 20:00:00,38511.0,39340.5
2026-06-10 21:00:00,39934.5,49985.5
2026-06-10 22:00:00,41210.0,41562.0
2026-06-10 23:00:00,41111.0,41549.0
2026-06-11 00:00:00,41203.0,53629.0
2026-06-11 01:00:00,41803.0,42104.5
2026-06-11 02:00:00,42262.0,42694.5
2026-06-11 03:00:00,41931.0,54324.5
2026-06-11 04:00:00,41827.0,41909.0
2026-06-11 05:00:00,41503.0,41256.0
2026-06-11 06:00:00,41061.5,54993.0
2026-06-11 07:00:00,38885.0,38901.0
2026-06-11 08:00:00,38878.0,38901.0
2026-06-11 09:00:00,39782.0,40417.0
2026-06-11 10:00:00,39741.0,40465.0
2026-06-11 11:00:00,39442.0,40049.5
2026-06-11 12:00:00,39389.0,39787.5
2026-06-11 13:00:00,39246.5,39703.0
2026-06-11 14:00:00,39375.0,39570.0
2026-06-11 15:00:00,39331.0,40136.0
2026-06-11 16:00:00,39402.0,39927.5
2026-06-11 17:00:00,39278.0,39890.0
2026-06-11 18:00:00,39098.0,40046.5
2026-06-11 19:00:00,39069.0,40011.5
2026-06-11 20:00:00,38797.5,39852.0
2026-06-11 21:00:00,39135.0,40167.0
2026-06-11 22:00:00,39660.0,40073.5
2026-06-11 23:00:00,39588.0,39928.5
2026-06-12 00:00:00,39641.0,49994.0
2026-06-12 01:00:00,39733.0,39989.0
2026-06-12 02:00:00,39810.0,39938.5
2026-06-12 03:00:00,39741.0,50630.0
2026-06-12 04:00:00,,
2026-06-12 05:00:00,,
2026-06-12 06:00:00,,
2026-06-12 07:00:00,,
2026-06-12 08:00:00,39542.0,40570.0
2026-06-12 09:00:00,39888.0,40570.0
2026-06-12 10:00:00,39956.5,40589.0
2026-06-12 11:00:00,39938.0,40451.5
2026-06-12 12:00:00,39895.0,40519.0
2026-06-12 13:00:00,39473.0,40188.5
2026-06-12 14:00:00,39256.0,39762.0
2026-06-12 15:00:00,39547.0,39669.0
2026-06-12 16:00:00,39915.0,40134.5
2026-06-12 17:00:00,39912.5,40376.0
2026-06-12 18:00:00,40176.0,40996.0
2026-06-12 19:00:00,40175.0,41010.5
2026-06-12 20:00:00,40596.5,40622.5
2026-06-12 21:00:00,42680.0,44115.5
2026-06-12 22:00:00,42805.0,43383.0
2026-06-12 23:00:00,42563.0,43255.5
2026-06-13 00:00:00,42363.5,54495.0
2026-06-13 01:00:00,42669.0,42832.5
2026-06-13 02:00:00,42569.0,43015.0
2026-06-13 03:00:00,42841.0,54727.5
2026-06-13 04:00:00,42530.5,43118.0
2026-06-13 05:00:00,41987.0,42833.0
2026-06-13 06:00:00,40523.0,55248.5
2026-06-13 07:00:00,39036.0,40154.0
2026-06-13 08:00:00,41578.0,39882.0
2026-06-13 09:00:00,39767.0,53277.5
2026-06-13 10:00:00,39086.0,39908.0
2026-06-13 11:00:00,39458.0,39531.0
2026-06-13 12:00:00,40116.0,40194.0
2026-06-13 13:00:00,39288.0,40233.5
2026-06-13 14:00:00,40178.0,39602.0
2026-06-13 15:00:00,39513.0,40786.0
2026-06-13 16:00:00,39503.0,40072.0
2026-06-13 17:00:00,40019.0,40649.5
2026-06-13 18:00:00,41436.0,40342.0
2026-06-13 19:00:00,41871.0,43553.5
2026-06-13 20:00:00,43618.0,42010.0
2026-06-13 21:00:00,44032.5,44645.0
2026-06-13 22:00:00,45139.5,49479.0
2026-06-13 23:00:00,46560.0,45969.5
2026-06-14 00:00:00,46861.0,47716.0
2026-06-14 01:00:00,46858.0,62162.5
2026-06-14 02:00:00,46845.0,47224.0
2026-06-14 03:00:00,47304.0,47203.5
2026-06-14 04:00:00,47312.0,62128.0
2026-06-14 05:00:00,46602.0,47673.0
2026-06-14 06:00:00,46004.5,46819.5
2026-06-14 07:00:00,46116.0,61780.0
2026-06-14 08:00:00,43750.0,46820.5
2026-06-14 09:00:00,39950.0,42510.5
2026-06-14 10:00:00,37036.0,61453.0
2026-06-14 11:00:00,40727.0,38539.0
2026-06-14 12:00:00,44843.0,43359.0
2026-06-14 13:00:00,47459.0,63100.0
2026-06-14 14:00:00,44281.5,47449.5
2026-06-14 15:00:00,46560.0,41043.5
2026-06-14 16:00:00,46025.5,61701.0
2026-06-14 17:00:00,44814.0,46072.0
2026-06-14 18:00:00,45364.0,48365.0
2026-06-14 19:00:00,47015.0,49530.0
2026-06-14 20:00:00,47338.0,50044.0
2026-06-14 21:00:00,47257.0,50657.0
2026-06-14 22:00:00,47471.5,49632.0
2026-06-14 23:00:00,47855.0,49455.0
2026-06-15 00:00:00,48181.0,50554.5
2026-06-15 01:00:00,48298.0,49426.5
2026-06-15 02:00:00,47826.5,48908.0
2026-06-15 03:00:00,47541.5,56454.0
2026-06-15 04:00:00,46331.0,48031.0
2026-06-15 05:00:00,46098.5,46654.0
2026-06-15 06:00:00,44923.0,63214.5
2026-06-15 07:00:00,44962.0,44533.0
2026-06-15 08:00:00,46652.0,46929.0
2026-06-15 09:00:00,46863.5,46929.0
