tk,gap,kdev
2026-05-17 08:00:00,0.9959611111108421,0.18063686870493578
2026-05-17 09:00:00,1.0000611111112974,0.720521847245609
2026-05-17 10:00:00,1.0000611111112974,0.720521847245609
2026-05-17 11:00:00,1.00006111111078,0.720521847245609
2026-05-17 12:00:00,1.0000750000003933,0.17734614210062394
2026-05-17 13:00:00,1.0001305555552245,0.17734614210062394
2026-05-17 14:00:00,1.0001305555552245,0.17734614210062394
2026-05-17 15:00:00,1.0000833333330228,0.036466035053975165
2026-05-17 16:00:00,1.0000833333330228,0.036466035053975165
2026-05-17 17:00:00,1.000074999999876,0.037026151587247425
2026-05-17 18:00:00,1.000074999999876,0.13492950898068745
2026-05-17 19:00:00,1.0000666666667288,0.13492950898068745
2026-05-17 20:00:00,1.0000666666667288,0.13492950898068745
2026-05-17 21:00:00,1.0000666666667288,0.05153710830556091
2026-05-17 22:00:00,1.0000861111107386,0.05153710830556091
2026-05-17 23:00:00,1.0000861111107386,0.05153710830556091
2026-05-18 00:00:00,1.0000666666667288,0.16776861871447157
2026-05-18 01:00:00,1.0000583333335817,0.21402133129631684
2026-05-18 02:00:00,1.1093861111108627,0.21402133129631684
2026-05-18 03:00:00,1.1093861111108627,0.21402133129631684
2026-05-18 04:00:00,1.0000361111113387,0.1473764049199131
2026-05-18 05:00:00,1.0000472222222014,0.1473764049199131
2026-05-18 06:00:00,1.000052777777633,0.1473764049199131
2026-05-18 07:00:00,1.0000555555553485,0.056564708492542026
2026-05-18 08:00:00,1.000063888889013,0.056564708492542026
2026-05-18 09:00:00,1.000063888889013,0.25844463630159065
2026-05-18 10:00:00,1.0001055555557832,0.32757497312838435
2026-05-18 11:00:00,1.0001055555557832,0.32757497312838435
2026-05-18 12:00:00,1.0000472222222014,0.32757497312838435
2026-05-18 13:00:00,1.0000472222222014,0.06284117953462087
2026-05-18 14:00:00,1.0000472222222014,0.06284117953462087
2026-05-18 15:00:00,1.0000583333330644,0.05224236341222677
2026-05-18 16:00:00,1.0000805555558245,0.08592181018083955
2026-05-18 17:00:00,1.0000805555558245,0.08592181018083955
2026-05-18 18:00:00,1.0000555555553485,0.08592181018083955
2026-05-18 19:00:00,1.000055555555866,0.014957984950801473
2026-05-18 20:00:00,1.000055555555866,0.010987789085225685
2026-05-18 21:00:00,1.0000500000004346,0.03728531992319195
2026-05-18 22:00:00,1.00006111111078,0.03728531992319195
2026-05-18 23:00:00,1.000063888889013,0.03728531992319195
2026-05-19 00:00:00,1.0000694444444445,0.012770084888053868
2026-05-19 01:00:00,1.0000777777775915,0.16865202230675957
2026-05-19 02:00:00,1.0000777777775915,0.16865202230675957
2026-05-19 03:00:00,1.00007222222216,0.16865202230675957
2026-05-19 04:00:00,1.00007222222216,0.3605988174954795
2026-05-19 05:00:00,1.0000666666667288,0.3605988174954795
2026-05-19 06:00:00,1.0000666666667288,0.3605988174954795
2026-05-19 07:00:00,1.000097222222636,0.8936924033709599
2026-05-19 08:00:00,1.000097222222636,0.8936924033709599
2026-05-19 09:00:00,1.0000472222222014,0.8936924033709599
2026-05-19 10:00:00,1.0000500000004346,0.8990770441003908
2026-05-19 11:00:00,1.0000500000004346,0.8990770441003908
2026-05-19 12:00:00,1.0000499999999173,0.8990770441003908
2026-05-19 13:00:00,1.0000444444444858,0.4456546607646559
2026-05-19 14:00:00,1.0000499999999173,0.7966036240868972
2026-05-19 15:00:00,1.0000499999999173,0.7966036240868972
2026-05-19 16:00:00,1.0000499999999173,0.7966036240868972
2026-05-19 17:00:00,2.0000916666666875,0.26479732125926747
2026-05-19 18:00:00,2.0000916666666875,0.26479732125926747
2026-05-19 19:00:00,2.0000916666666875,0.26479732125926747
2026-05-19 20:00:00,1.0000444444444858,0.786164445261335
2026-05-19 21:00:00,1.0000555555553485,0.786164445261335
2026-05-19 22:00:00,1.0000555555553485,0.786164445261335
2026-05-19 23:00:00,2.000108333333499,0.4199599518074906
2026-05-20 00:00:00,2.000108333333499,0.4199599518074906
2026-05-20 01:00:00,2.000108333333499,0.6318768836235316
2026-05-20 02:00:00,2.000180555555659,0.6318768836235316
2026-05-20 03:00:00,2.000180555555659,0.6318768836235316
2026-05-20 04:00:00,2.000180555555659,0.6318768836235316
2026-05-20 05:00:00,1.1029805555551624,0.4936574910098339
2026-05-20 06:00:00,1.1029805555551624,0.4002219129895246
2026-05-20 07:00:00,1.0000527777781503,0.09330888119026892
2026-05-20 08:00:00,1.0000583333330644,0.09330888119026892
2026-05-20 09:00:00,1.0000583333330644,0.12049461580043141
2026-05-20 10:00:00,1.0000499999999173,0.17801855261192312
2026-05-20 11:00:00,1.0000611111112974,0.17801855261192312
2026-05-20 12:00:00,1.0000611111112974,0.17801855261192312
2026-05-20 13:00:00,1.0003138888891165,0.020465728622014345
2026-05-20 14:00:00,1.0003138888891165,0.020465728622014345
2026-05-20 15:00:00,1.0000999999998343,0.019285333521823933
2026-05-20 16:00:00,1.0001333333334574,0.010244722875179524
2026-05-20 17:00:00,1.0001333333334574,0.0047255273447230906
2026-05-20 18:00:00,1.0000472222222014,0.018226079861868527
2026-05-20 19:00:00,1.0000499999999173,0.05978759172456449
2026-05-20 20:00:00,1.0000499999999173,0.05978759172456449
2026-05-20 21:00:00,1.0000388888890546,0.05978759172456449
2026-05-20 22:00:00,1.0000611111112974,0.023619608888285404
2026-05-20 23:00:00,1.0000611111112974,0.029826348417051785
2026-05-21 00:00:00,0.9968333333332299,0.1225690146061168
2026-05-21 01:00:00,1.000052777777633,0.8156555707985771
2026-05-21 02:00:00,1.000052777777633,0.8156555707985771
2026-05-21 03:00:00,1.0000472222222014,0.8156555707985771
2026-05-21 04:00:00,1.000052777777633,0.15363665238538438
2026-05-21 05:00:00,1.0000611111112974,0.15363665238538438
2026-05-21 06:00:00,1.0000611111112974,0.14189199740412284
2026-05-21 07:00:00,1.0001222222220774,0.14804567106911404
2026-05-21 08:00:00,1.0001222222220774,0.14804567106911404
2026-05-21 09:00:00,1.000055555555866,0.14804567106911404
2026-05-21 10:00:00,1.000055555555866,0.029900266855971358
2026-05-21 11:00:00,1.0000583333330644,0.003736019454054329
2026-05-21 12:00:00,1.0000583333335817,0.04399975558922831
2026-05-21 13:00:00,1.0000583333335817,0.06197583034540577
2026-05-21 14:00:00,1.0000499999999173,0.06197583034540577
2026-05-21 15:00:00,1.000052777777633,0.06197583034540577
2026-05-21 16:00:00,1.000052777777633,0.05026673085264799
2026-05-21 17:00:00,1.000055555555866,0.05677222935745285
2026-05-21 18:00:00,1.0000583333330644,0.05677222935745285
2026-05-21 19:00:00,1.0000583333330644,0.05677222935745285
2026-05-21 20:00:00,1.000052777777633,0.026249157673136736
2026-05-21 21:00:00,1.0000583333335817,0.03514671448924844
2026-05-21 22:00:00,1.0000583333335817,0.03514671448924844
2026-05-21 23:00:00,1.0000583333330644,0.03514671448924844
2026-05-22 00:00:00,0.996852777777757,0.020444560671501133
2026-05-22 01:00:00,1.0001416666666045,0.046941150858692327
2026-05-22 02:00:00,1.0001416666666045,0.046941150858692327
2026-05-22 03:00:00,1.000074999999876,0.046941150858692327
2026-05-22 04:00:00,1.0000805555558245,0.031007309137067063
2026-05-22 05:00:00,1.0000805555558245,0.031007309137067063
2026-05-22 06:00:00,1.0000833333330228,0.028048016889817284
2026-05-22 07:00:00,1.0000833333330228,0.016806205370223593
2026-05-22 08:00:00,1.0000777777775915,0.04766763575828348
2026-05-22 09:00:00,1.000086111111256,0.17442085129610818
2026-05-22 10:00:00,1.000086111111256,0.23445064569538587
2026-05-22 11:00:00,1.000077777778109,0.23445064569538587
2026-05-22 12:00:00,1.0000888888889716,0.23445064569538587
2026-05-22 13:00:00,1.0000888888889716,0.13643670862336887
2026-05-22 14:00:00,1.0001111111112146,0.13643670862336887
2026-05-22 15:00:00,1.0001111111112146,0.10544018447574222
2026-05-22 16:00:00,1.0000777777775915,0.1774883899147498
2026-05-22 17:00:00,1.0000777777775915,0.1774883899147498
2026-05-22 18:00:00,1.0000750000003933,0.1774883899147498
2026-05-22 19:00:00,1.0000777777775915,0.0334710351891927
2026-05-22 20:00:00,1.0000805555553072,0.0334710351891927
2026-05-22 21:00:00,1.0001250000003103,0.0334710351891927
2026-05-22 22:00:00,1.0001250000003103,0.02238026295210349
2026-05-22 23:00:00,1.0025749999998759,0.05212192953400785
2026-05-23 00:00:00,1.0025749999998759,0.05212192953400785
2026-05-23 01:00:00,1.0000444444439684,0.1434284882935286
2026-05-23 02:00:00,1.0000472222222014,0.1434284882935286
2026-05-23 03:00:00,1.0000666666667288,0.1434284882935286
2026-05-23 04:00:00,1.0000666666667288,0.21723736112444936
2026-05-23 05:00:00,1.000052777777633,0.21723736112444936
2026-05-23 06:00:00,1.000052777777633,0.21723736112444936
2026-05-23 07:00:00,1.0000444444444858,0.05018782019122381
2026-05-23 08:00:00,0.9968388888891786,0.05018782019122381
2026-05-23 09:00:00,1.0000555555553485,0.12114045790473382
2026-05-23 10:00:00,1.0000472222222014,0.12114045790473382
2026-05-23 11:00:00,9.000558333333272,3.030958384431247
2026-05-23 12:00:00,9.000558333333272,3.030958384431247
2026-05-23 13:00:00,9.000558333333272,3.030958384431247
2026-05-23 14:00:00,9.000558333333272,3.030958384431247
2026-05-23 15:00:00,9.000558333333272,3.030958384431247
2026-05-23 16:00:00,9.000558333333272,3.030958384431247
2026-05-23 17:00:00,9.000558333333272,3.030958384431247
2026-05-23 18:00:00,9.000558333333272,3.030958384431247
2026-05-23 19:00:00,9.000558333333272,3.030958384431247
2026-05-23 20:00:00,1.0000499999999173,3.3223797831904873
2026-05-23 21:00:00,2.000100000000352,3.3223797831904873
2026-05-23 22:00:00,2.000100000000352,3.3223797831904873
2026-05-23 23:00:00,1.0000444444444858,2.6006169757041686
2026-05-24 00:00:00,1.9122611111107592,2.238911145977257
2026-05-24 01:00:00,1.9122611111107592,2.238911145977257
2026-05-24 02:00:00,1.0000833333330228,0.1679339227960508
2026-05-24 03:00:00,1.0000833333330228,0.1679339227960508
2026-05-24 04:00:00,4.737375000000207,0.1679339227960508
2026-05-24 05:00:00,4.737375000000207,0.05977432957923923
2026-05-24 06:00:00,4.737375000000207,0.05977432957923923
2026-05-24 07:00:00,4.737375000000207,0.05977432957923923
2026-05-24 08:00:00,,
2026-05-24 09:00:00,4.737375000000207,0.5361659818346012
2026-05-24 10:00:00,0.9969194444444859,0.5361659818346012
2026-05-24 11:00:00,0.9968416666668943,0.5361659818346012
2026-05-24 12:00:00,1.000074999999876,0.0339581290643316
2026-05-24 13:00:00,1.000074999999876,0.0339581290643316
2026-05-24 14:00:00,1.000074999999876,0.023976038632374408
2026-05-24 15:00:00,1.00007222222216,0.00983726085128267
2026-05-24 16:00:00,1.000150000000269,0.00983726085128267
2026-05-24 17:00:00,1.000150000000269,0.03469053040835557
2026-05-24 18:00:00,1.0000777777775915,0.03469053040835557
2026-05-24 19:00:00,1.000086111111256,0.03469053040835557
2026-05-24 20:00:00,1.000086111111256,0.0339103255228721
2026-05-24 21:00:00,1.000063888889013,0.040473363143237906
2026-05-24 22:00:00,1.0000888888889716,0.040473363143237906
2026-05-24 23:00:00,1.0000888888889716,0.040473363143237906
2026-05-25 00:00:00,1.0000805555558245,0.18322170707756413
2026-05-25 01:00:00,1.0000833333335404,0.18322170707756413
2026-05-25 02:00:00,1.0000916666666875,0.2763516915589185
2026-05-25 03:00:00,1.0000916666666875,0.2763516915589185
2026-05-25 04:00:00,0.9968722222222843,0.2763516915589185
2026-05-25 05:00:00,1.000077777778109,2.220494408970251
2026-05-25 06:00:00,2.7981972222221603,2.220494408970251
2026-05-25 07:00:00,2.7981972222221603,2.220494408970251
2026-05-25 08:00:00,2.7981972222221603,2.220494408970251
2026-05-25 09:00:00,2.7981972222221603,2.220494408970251
2026-05-25 10:00:00,1.7030750000000827,0.11891473843429701
2026-05-25 11:00:00,1.7030750000000827,0.11891473843429701
2026-05-25 12:00:00,11.611122222222491,0.017061568506515634
2026-05-25 13:00:00,11.611122222222491,0.010868755622229553
2026-05-25 14:00:00,,
2026-05-25 15:00:00,,
2026-05-25 16:00:00,,
2026-05-25 17:00:00,,
2026-05-25 18:00:00,,
2026-05-25 19:00:00,,
2026-05-25 20:00:00,,
2026-05-25 21:00:00,,
2026-05-25 22:00:00,,
2026-05-25 23:00:00,,
2026-05-26 00:00:00,11.611122222222491,0.010868755622229553
2026-05-26 01:00:00,1.0000583333335817,0.016443770113212297
2026-05-26 02:00:00,1.0000583333335817,0.016443770113212297
2026-05-26 03:00:00,1.0000444444444858,0.016443770113212297
2026-05-26 04:00:00,1.000052777777633,0.008784842934356885
2026-05-26 05:00:00,1.000052777777633,0.008784842934356885
2026-05-26 06:00:00,1.0000583333335817,0.010704347982220863
2026-05-26 07:00:00,1.0000583333335817,0.010704347982220863
2026-05-26 08:00:00,1.0000277777776743,0.013474903768429414
2026-05-26 09:00:00,1.0000305555559075,0.013474903768429414
2026-05-26 10:00:00,1.000038888888537,0.0019070107036645023
2026-05-26 11:00:00,1.0000916666666875,0.0019070107036645023
2026-05-26 12:00:00,1.0000916666666875,0.0005599286538262582
2026-05-26 13:00:00,1.000055555555866,0.0005531455034772925
2026-05-26 14:00:00,1.0000583333330644,0.0021567146898791023
2026-05-26 15:00:00,1.0000583333330644,0.0021567146898791023
2026-05-26 16:00:00,1.0000499999999173,0.0021567146898791023
2026-05-26 17:00:00,1.0000500000004346,0.015254390145436725
2026-05-26 18:00:00,1.0000777777775915,0.015254390145436725
2026-05-26 19:00:00,1.0000777777775915,0.015254390145436725
2026-05-26 20:00:00,1.000052777777633,0.012322777334195179
2026-05-26 21:00:00,1.0001027777780676,0.019865024460632874
2026-05-26 22:00:00,1.0001027777780676,0.019865024460632874
2026-05-26 23:00:00,1.0000583333330644,0.019865024460632874
2026-05-27 00:00:00,0.9968722222222843,0.5681372852371487
2026-05-27 01:00:00,1.00007222222216,1.4952087352740095
2026-05-27 02:00:00,1.00007222222216,1.4952087352740095
2026-05-27 03:00:00,1.0000805555558245,1.4952087352740095
2026-05-27 04:00:00,1.000138888888889,0.06739906816135599
2026-05-27 05:00:00,1.000138888888889,0.06739906816135599
2026-05-27 06:00:00,1.000033333333623,0.06739906816135599
2026-05-27 07:00:00,1.0000833333330228,0.034614858574566476
2026-05-27 08:00:00,1.0000833333330228,0.01659535678825086
2026-05-27 09:00:00,6.000344444444506,0.02080720957268467
2026-05-27 10:00:00,6.000344444444506,0.02080720957268467
2026-05-27 11:00:00,6.000344444444506,0.02080720957268467
2026-05-27 12:00:00,6.000344444444506,0.02080720957268467
2026-05-27 13:00:00,6.000344444444506,0.02080720957268467
2026-05-27 14:00:00,6.000344444444506,0.02080720957268467
2026-05-27 15:00:00,6.000344444444506,0.14100698898863762
2026-05-27 16:00:00,6.000341666666791,0.14100698898863762
2026-05-27 17:00:00,6.000341666666791,0.14100698898863762
2026-05-27 18:00:00,6.000341666666791,0.14100698898863762
2026-05-27 19:00:00,6.000341666666791,0.14100698898863762
2026-05-27 20:00:00,6.000341666666791,0.14100698898863762
2026-05-27 21:00:00,6.000341666666791,0.6617693114604997
2026-05-27 22:00:00,2.5922833333335196,0.6617693114604997
2026-05-27 23:00:00,2.5922833333335196,0.6617693114604997
2026-05-28 00:00:00,2.5922833333335196,0.6617693114604997
2026-05-28 01:00:00,1.000094444444403,0.2564286194820208
2026-05-28 02:00:00,1.000094444444403,0.2564286194820208
2026-05-28 03:00:00,1.0000694444444445,0.2907581424541448
2026-05-28 04:00:00,1.0000694444444445,0.3368899531639076
2026-05-28 05:00:00,1.0000777777775915,0.3368899531639076
2026-05-28 06:00:00,1.0000777777775915,0.3368899531639076
2026-05-28 07:00:00,1.0000805555553072,0.12725611777588242
2026-05-28 08:00:00,1.000158333333416,0.12725611777588242
2026-05-28 09:00:00,1.000158333333416,0.12725611777588242
2026-05-28 10:00:00,1.0000805555558245,0.11863332496437251
2026-05-28 11:00:00,1.0000999999998343,0.11863332496437251
2026-05-28 12:00:00,1.0000999999998343,0.6866015136497026
2026-05-28 13:00:00,1.0000833333330228,1.0863992643474387
2026-05-28 14:00:00,1.0000833333330228,1.0863992643474387
2026-05-28 15:00:00,1.000086111111256,1.0863992643474387
2026-05-28 16:00:00,1.0000888888889716,0.016764256234149233
2026-05-28 17:00:00,1.0000888888889716,0.0052173562358825976
2026-05-28 18:00:00,1.000086111111256,0.04399353969529174
2026-05-28 19:00:00,1.000086111111256,0.04399353969529174
2026-05-28 20:00:00,1.0000694444444445,0.04399353969529174
2026-05-28 21:00:00,1.0000694444444445,0.11118425104372531
2026-05-28 22:00:00,1.0000833333330228,0.16932120941047102
2026-05-28 23:00:00,1.0000833333330228,0.16932120941047102
2026-05-29 00:00:00,0.99634166666617,0.2580494320573238
2026-05-29 01:00:00,1.0000611111112974,0.2996897160744021
2026-05-29 02:00:00,1.000074999999876,0.2996897160744021
2026-05-29 03:00:00,1.0000805555558245,0.2996897160744021
2026-05-29 04:00:00,1.0000805555558245,0.02973768629039819
2026-05-29 05:00:00,1.000074999999876,0.023556252815839285
2026-05-29 06:00:00,1.000077777778109,0.03820166922442314
2026-05-29 07:00:00,1.0000999999998343,0.03820166922442314
2026-05-29 08:00:00,1.0000999999998343,0.03820166922442314
2026-05-29 09:00:00,1.0003416666667908,0.05164792492867165
2026-05-29 10:00:00,1.0003416666667908,0.05164792492867165
2026-05-29 11:00:00,,
2026-05-29 12:00:00,,
2026-05-29 13:00:00,,
2026-05-29 14:00:00,,
2026-05-29 15:00:00,,
2026-05-29 16:00:00,,
2026-05-29 17:00:00,,
2026-05-29 18:00:00,,
2026-05-29 19:00:00,1.0000694444444445,0.13850919770039316
2026-05-29 20:00:00,1.0000694444444445,0.13850919770039316
2026-05-29 21:00:00,1.0000666666667288,1.7065494062321447
2026-05-29 22:00:00,2.0002277777778605,1.7065494062321447
2026-05-29 23:00:00,2.0002277777778605,1.7065494062321447
2026-05-30 00:00:00,2.0002277777778605,1.7065494062321447
2026-05-30 01:00:00,1.0000888888889716,0.0467327534209383
2026-05-30 02:00:00,1.0000888888889716,0.0467327534209383
2026-05-30 03:00:00,1.0000805555553072,0.0467327534209383
2026-05-30 04:00:00,1.0000833333335404,0.023599248790615923
2026-05-30 05:00:00,1.0000861111107386,0.023599248790615923
2026-05-30 06:00:00,1.0000861111107386,0.031981800430309626
2026-05-30 07:00:00,1.000077777778109,0.031981800430309626
2026-05-30 08:00:00,1.0000777777775915,0.07074443604375402
2026-05-30 09:00:00,1.000094444444403,0.41357994470711956
2026-05-30 10:00:00,1.000094444444403,0.41357994470711956
2026-05-30 11:00:00,1.0000916666666875,0.41357994470711956
2026-05-30 12:00:00,1.0000972222221187,0.10241175617811993
2026-05-30 13:00:00,1.0001027777780676,0.10241175617811993
2026-05-30 14:00:00,1.0001027777780676,0.10269757228552767
2026-05-30 15:00:00,1.0000916666666875,0.14663076935067054
2026-05-30 16:00:00,1.0000916666666875,0.14663076935067054
2026-05-30 17:00:00,1.000158333333416,0.14663076935067054
2026-05-30 18:00:00,1.000158333333416,0.01543939297050756
2026-05-30 19:00:00,1.000100000000352,0.016809230819858856
2026-05-30 20:00:00,1.000094444444403,0.016809230819858856
2026-05-30 21:00:00,1.0000888888889716,0.2517663272516528
2026-05-30 22:00:00,1.0000888888889716,0.2517663272516528
2026-05-30 23:00:00,1.0000916666666875,0.2517663272516528
2026-05-31 00:00:00,1.0000916666666875,0.045249429893602144
2026-05-31 01:00:00,1.0000972222221187,0.11192434718059341
2026-05-31 02:00:00,1.0000972222221187,0.11192434718059341
2026-05-31 03:00:00,1.0000972222221187,0.11192434718059341
2026-05-31 04:00:00,1.0000888888889716,0.11855247068123809
2026-05-31 05:00:00,1.000094444444403,0.11855247068123809
2026-05-31 06:00:00,1.0001416666666045,0.34652232791317583
2026-05-31 07:00:00,1.0001416666666045,0.34652232791317583
2026-05-31 08:00:00,1.0000999999998343,0.34652232791317583
2026-05-31 09:00:00,0.996866666666853,0.11873302411302011
2026-05-31 10:00:00,1.0000916666666875,0.01813977864195715
2026-05-31 11:00:00,1.0000916666666875,0.01813977864195715
2026-05-31 12:00:00,1.0001083333334988,0.21886166916013328
2026-05-31 13:00:00,1.0001083333334988,0.2542894522362069
2026-05-31 14:00:00,1.0000972222221187,0.2542894522362069
2026-05-31 15:00:00,1.000100000000352,0.2542894522362069
2026-05-31 16:00:00,1.000100000000352,0.0535255675101709
2026-05-31 17:00:00,1.0000861111107386,0.0535255675101709
2026-05-31 18:00:00,1.0000777777775915,0.4876458368035028
2026-05-31 19:00:00,1.0000777777775915,1.6743953409510537
2026-05-31 20:00:00,1.0000833333335404,1.6743953409510537
2026-05-31 21:00:00,1.0000833333335404,1.6743953409510537
2026-05-31 22:00:00,1.0000833333335404,0.06724791204947267
2026-05-31 23:00:00,1.0000833333335404,0.06724791204947267
2026-06-01 00:00:00,1.0000888888889716,0.06724791204947267
2026-06-01 01:00:00,1.0000888888889716,0.01151901123133503
2026-06-01 02:00:00,1.000074999999876,0.018995426034711826
2026-06-01 03:00:00,1.000074999999876,0.018995426034711826
2026-06-01 04:00:00,1.0000805555558245,0.018995426034711826
2026-06-01 05:00:00,1.0000833333330228,0.0248583032066525
2026-06-01 06:00:00,1.0001111111112146,0.0248583032066525
2026-06-01 07:00:00,1.0001111111112146,0.09136247551654475
2026-06-01 08:00:00,1.0000805555553072,0.09136247551654475
2026-06-01 09:00:00,1.000077777778109,0.09136247551654475
2026-06-01 10:00:00,1.000074999999876,0.17993645865936259
2026-06-01 11:00:00,1.000138888888889,0.17993645865936259
2026-06-01 12:00:00,1.000138888888889,0.17993645865936259
2026-06-01 13:00:00,1.0000805555553072,0.2762911701031818
2026-06-01 14:00:00,1.000158333333416,0.2762911701031818
2026-06-01 15:00:00,1.000158333333416,0.2762911701031818
2026-06-01 16:00:00,1.0000833333335404,0.16779078197971586
2026-06-01 17:00:00,1.000074999999876,0.16779078197971586
2026-06-01 18:00:00,1.000074999999876,0.1368377618545471
2026-06-01 19:00:00,1.00007222222216,0.14745630019168887
2026-06-01 20:00:00,1.0001027777780676,0.14745630019168887
2026-06-01 21:00:00,1.0001027777780676,0.14745630019168887
2026-06-01 22:00:00,1.000094444444403,0.11949680108452954
2026-06-01 23:00:00,1.000086111111256,0.10664249115200364
2026-06-02 00:00:00,1.000086111111256,0.12000422092921492
2026-06-02 01:00:00,1.000086111111256,0.12000422092921492
2026-06-02 02:00:00,1.0000888888884543,1.427962874213442
2026-06-02 03:00:00,1.0000888888884543,1.427962874213442
2026-06-02 04:00:00,1.0001222222220774,1.427962874213442
2026-06-02 05:00:00,2.000169444444279,0.6824147223458776
2026-06-02 06:00:00,2.000169444444279,0.5960820232177362
2026-06-02 07:00:00,2.000169444444279,0.5960820232177362
2026-06-02 08:00:00,1.4302944444445893,0.5668919363993832
2026-06-02 09:00:00,1.4302944444445893,0.5668919363993832
2026-06-02 10:00:00,1.000094444444403,0.09024071695969282
2026-06-02 11:00:00,1.000094444444403,0.09024071695969282
2026-06-02 12:00:00,1.196461111111049,0.09024071695969282
2026-06-02 13:00:00,1.196461111111049,0.06866204852020874
2026-06-02 14:00:00,1.0000555555553485,0.053250040056268766
2026-06-02 15:00:00,1.0511444444447342,0.18260705138352706
2026-06-02 16:00:00,1.0511444444447342,0.29122085603388503
2026-06-02 17:00:00,1.000097222222636,0.10082412526005013
2026-06-02 18:00:00,1.000097222222636,0.10082412526005013
2026-06-02 19:00:00,1.0000861111107386,0.4499057583249526
2026-06-02 20:00:00,1.0000916666666875,0.8591220879630326
2026-06-02 21:00:00,1.0000916666666875,0.8591220879630326
2026-06-02 22:00:00,1.0000833333335404,0.8591220879630326
2026-06-02 23:00:00,1.0000916666666875,0.045424307526704455
2026-06-03 00:00:00,1.0000916666666875,0.03876323791655434
2026-06-03 01:00:00,1.000086111111256,0.03876323791655434
2026-06-03 02:00:00,1.000086111111256,0.03876323791655434
2026-06-03 03:00:00,1.0001083333334988,0.01701811098895356
2026-06-03 04:00:00,1.000147222222036,0.01701811098895356
2026-06-03 05:00:00,1.000147222222036,0.0692859335917494
2026-06-03 06:00:00,1.0000888888889716,0.0692859335917494
2026-06-03 07:00:00,1.000094444444403,0.0692859335917494
2026-06-03 08:00:00,1.000094444444403,0.0423581543893351
2026-06-03 09:00:00,1.0000916666661699,0.0423581543893351
2026-06-03 10:00:00,1.0000916666661699,0.035228662784566156
2026-06-03 11:00:00,1.0000833333335404,0.37700383336100196
2026-06-03 12:00:00,1.0000833333335404,0.37700383336100196
2026-06-03 13:00:00,1.0000833333330228,0.37700383336100196
2026-06-03 14:00:00,1.0000805555558245,0.21068978252498993
2026-06-03 15:00:00,1.0000916666666875,0.21068978252498993
2026-06-03 16:00:00,1.000094444444403,0.1924053853759191
2026-06-03 17:00:00,1.000094444444403,1.5275323306446595
2026-06-03 18:00:00,1.0000805555558245,1.5275323306446595
2026-06-03 19:00:00,1.000094444444403,1.5275323306446595
2026-06-03 20:00:00,1.000094444444403,0.20817633205913544
2026-06-03 21:00:00,1.0000805555553072,0.20817633205913544
2026-06-03 22:00:00,1.0001027777775502,0.20817633205913544
2026-06-03 23:00:00,1.0001027777775502,0.03185725689521646
2026-06-04 00:00:00,1.0001444444443202,0.01557721421437508
2026-06-04 01:00:00,1.0001444444443202,0.01557721421437508
2026-06-04 02:00:00,1.000077777778109,0.01557721421437508
2026-06-04 03:00:00,1.0000833333330228,0.0028178405490035807
2026-06-04 04:00:00,1.000086111111256,0.019419983953116282
2026-06-04 05:00:00,1.000086111111256,0.019419983953116282
2026-06-04 06:00:00,1.0000861111107386,0.019419983953116282
2026-06-04 07:00:00,1.000086111111256,0.02692982256496612
2026-06-04 08:00:00,1.000094444444403,0.09536069800815439
2026-06-04 09:00:00,1.000094444444403,0.09536069800815439
2026-06-04 10:00:00,1.0000888888889716,0.29821546056746395
2026-06-04 11:00:00,1.0000833333335404,0.4934751126271222
2026-06-04 12:00:00,1.0000833333335404,0.4934751126271222
2026-06-04 13:00:00,1.0000833333335404,0.4934751126271222
2026-06-04 14:00:00,1.0001499999997516,0.10170421891380643
2026-06-04 15:00:00,1.0001499999997516,0.10170421891380643
2026-06-04 16:00:00,1.0000888888884543,0.13288417137313058
2026-06-04 17:00:00,1.0000888888884543,0.20555067957206474
2026-06-04 18:00:00,1.000086111111256,0.20555067957206474
2026-06-04 19:00:00,1.000077777778109,0.20555067957206474
2026-06-04 20:00:00,1.0000888888884543,0.16923825822187277
2026-06-04 21:00:00,1.0000888888884543,0.16923825822187277
2026-06-04 22:00:00,1.0000833333335404,0.16923825822187277
2026-06-04 23:00:00,1.0000833333335404,0.13989255390289235
2026-06-05 00:00:00,1.0000833333335404,0.358851005509949
2026-06-05 01:00:00,1.0000805555558245,0.358851005509949
2026-06-05 02:00:00,1.0000805555558245,0.358851005509949
2026-06-05 03:00:00,1.0001416666666045,0.32643713683707043
2026-06-05 04:00:00,1.0001416666666045,0.32643713683707043
2026-06-05 05:00:00,1.0000888888889716,0.47590360734584913
2026-06-05 06:00:00,1.0000888888889716,1.7269421601953159
2026-06-05 07:00:00,1.000086111111256,1.7269421601953159
2026-06-05 08:00:00,1.0000999999998343,1.7269421601953159
2026-06-05 09:00:00,2.000169444444279,0.03979121969823063
2026-06-05 10:00:00,2.000169444444279,0.03979121969823063
2026-06-05 11:00:00,2.000169444444279,0.03979121969823063
2026-06-05 12:00:00,2.000175000000228,0.03979121969823063
2026-06-05 13:00:00,2.000175000000228,0.03141433238169078
2026-06-05 14:00:00,2.000175000000228,0.03141433238169078
2026-06-05 15:00:00,2.0001666666665634,0.017366118945604025
2026-06-05 16:00:00,2.0001666666665634,0.017366118945604025
2026-06-05 17:00:00,2.0001666666665634,0.017366118945604025
2026-06-05 18:00:00,2.0002305555555764,0.036035220320730366
2026-06-05 19:00:00,2.0002305555555764,0.036035220320730366
2026-06-05 20:00:00,2.0002305555555764,0.07512246228976616
2026-06-05 21:00:00,2.0001666666665634,0.1571025558398491
2026-06-05 22:00:00,2.0001666666665634,0.1571025558398491
2026-06-05 23:00:00,2.0001666666665634,0.16172474686278648
2026-06-06 00:00:00,2.0001666666665634,0.23838084522171843
2026-06-06 01:00:00,2.0001666666665634,0.23838084522171843
2026-06-06 02:00:00,2.0001666666665634,0.23838084522171843
2026-06-06 03:00:00,2.0001583333334163,0.23838084522171843
2026-06-06 04:00:00,2.0001583333334163,0.23234016246705158
2026-06-06 05:00:00,2.0001583333334163,0.23234016246705158
2026-06-06 06:00:00,2.000202777777902,0.1496080565651099
2026-06-06 07:00:00,2.000202777777902,0.1496080565651099
2026-06-06 08:00:00,2.000202777777902,0.1496080565651099
2026-06-06 09:00:00,1.092775000000062,0.1496080565651099
2026-06-06 10:00:00,1.092775000000062,0.09676981981171218
2026-06-06 11:00:00,1.0000527777781503,0.09676981981171218
2026-06-06 12:00:00,1.0000527777781503,0.09676981981171218
2026-06-06 13:00:00,1.000063888889013,0.09240090577655713
2026-06-06 14:00:00,1.000063888889013,0.060609092527300956
2026-06-06 15:00:00,1.0000472222222014,0.03749137463943397
2026-06-06 16:00:00,1.0000583333330644,0.045736689524936924
2026-06-06 17:00:00,1.0000583333330644,0.11215853476618376
2026-06-06 18:00:00,1.00006111111078,0.11215853476618376
2026-06-06 19:00:00,1.0000666666667288,0.11215853476618376
2026-06-06 20:00:00,1.0000666666667288,0.27816853622608795
2026-06-06 21:00:00,1.000063888889013,0.27816853622608795
2026-06-06 22:00:00,1.00006111111078,0.37814185504326914
2026-06-06 23:00:00,1.0000583333330644,0.6039544781074457
2026-06-07 00:00:00,1.000100000000352,0.6039544781074457
2026-06-07 01:00:00,1.000100000000352,0.6039544781074457
2026-06-07 02:00:00,1.000074999999876,0.009586562615026217
2026-06-07 03:00:00,1.000074999999876,0.014468122222512925
2026-06-07 04:00:00,1.0000583333330644,0.014468122222512925
2026-06-07 05:00:00,1.0000583333330644,0.020953063087846835
2026-06-07 06:00:00,1.0000500000004346,0.020953063087846835
2026-06-07 07:00:00,1.0000555555553485,0.13412302036317014
2026-06-07 08:00:00,1.0000694444444445,0.19203804207408026
2026-06-07 09:00:00,1.0000694444444445,0.19203804207408026
2026-06-07 10:00:00,1.0000583333335817,0.2605735066037297
2026-06-07 11:00:00,1.0000583333330644,0.43629357803602886
2026-06-07 12:00:00,1.00007222222216,0.43629357803602886
2026-06-07 13:00:00,1.00007222222216,0.43629357803602886
2026-06-07 14:00:00,1.0000583333330644,0.06516262881442514
2026-06-07 15:00:00,1.0000916666666875,0.06516262881442514
2026-06-07 16:00:00,1.0000916666666875,0.03407178152317891
2026-06-07 17:00:00,1.0001305555557418,0.03407178152317891
2026-06-07 18:00:00,1.0001305555557418,0.03407178152317891
2026-06-07 19:00:00,1.0000805555553072,0.02896379683666972
2026-06-07 20:00:00,1.0000666666667288,0.03233209527368586
2026-06-07 21:00:00,1.00007222222216,0.03233209527368586
2026-06-07 22:00:00,1.0000777777775915,0.03233209527368586
2026-06-07 23:00:00,1.0000777777775915,0.01169942576067462
2026-06-08 00:00:00,1.0000555555553485,0.01169942576067462
2026-06-08 01:00:00,1.0000555555553485,0.01169942576067462
2026-06-08 02:00:00,1.0000916666666875,0.019862603923718858
2026-06-08 03:00:00,1.0000916666666875,0.04510896281309906
2026-06-08 04:00:00,1.00006111111078,0.04510896281309906
2026-06-08 05:00:00,1.0000583333335817,0.04510896281309906
2026-06-08 06:00:00,1.0000583333335817,0.05931648561435232
2026-06-08 07:00:00,1.0000583333330644,0.05931648561435232
2026-06-08 08:00:00,1.0000888888889716,0.05931648561435232
2026-06-08 09:00:00,1.069619444444672,0.031115705954341433
2026-06-08 10:00:00,1.069619444444672,0.031115705954341433
2026-06-08 11:00:00,1.069619444444672,0.038138592143713734
2026-06-08 12:00:00,1.000055555555866,0.04405140306883504
2026-06-08 13:00:00,1.000055555555866,0.04405140306883504
2026-06-08 14:00:00,1.0000416666667702,0.04405140306883504
2026-06-08 15:00:00,1.0000527777781503,0.0346379460796038
2026-06-08 16:00:00,1.0000527777781503,0.019201273076987158
2026-06-08 17:00:00,1.000077777778109,0.019201273076987158
2026-06-08 18:00:00,1.000077777778109,0.018321713951396923
2026-06-08 19:00:00,1.000055555555866,0.014438918282741575
2026-06-08 20:00:00,1.0000638888884956,0.04015911146853157
2026-06-08 21:00:00,1.0000638888884956,0.04240242613738743
2026-06-08 22:00:00,1.0000666666662112,0.04240242613738743
2026-06-08 23:00:00,1.0000666666667288,0.04240242613738743
2026-06-09 00:00:00,1.0000666666667288,0.007370679148050119
2026-06-09 01:00:00,1.0000527777781503,0.0042019904156958
2026-06-09 02:00:00,1.000052777777633,0.01516648446107649
2026-06-09 03:00:00,1.000052777777633,0.01516648446107649
2026-06-09 04:00:00,1.000063888889013,0.01516648446107649
2026-06-09 05:00:00,1.000063888889013,0.019435446258925793
2026-06-09 06:00:00,1.0000694444444445,0.04553024554617746
2026-06-09 07:00:00,1.0000694444444445,0.04553024554617746
2026-06-09 08:00:00,1.0000444444444858,0.04553024554617746
2026-06-09 09:00:00,1.0000361111113387,0.09746461088162839
2026-06-09 10:00:00,1.0000888888889716,0.09746461088162839
2026-06-09 11:00:00,1.2940388888886405,1.7728873459118404
2026-06-09 12:00:00,1.2940388888886405,1.7728873459118404
2026-06-09 13:00:00,1.000052777777633,1.8525976319298887
2026-06-09 14:00:00,1.0000972222221187,1.8525976319298887
2026-06-09 15:00:00,1.0000972222221187,1.8525976319298887
2026-06-09 16:00:00,1.000097222222636,0.014870937714881016
2026-06-09 17:00:00,1.000097222222636,0.014870937714881016
2026-06-09 18:00:00,1.0000555555553485,0.01976104638870213
2026-06-09 19:00:00,1.0000361111113387,0.11249731401789598
2026-06-09 20:00:00,1.0000416666667702,0.11249731401789598
2026-06-09 21:00:00,1.0000416666667702,0.11328656977080342
2026-06-09 22:00:00,1.0000888888889716,0.11328656977080342
2026-06-09 23:00:00,1.0000888888889716,0.11328656977080342
2026-06-10 00:00:00,8.526663888888951,0.07898141773819733
2026-06-10 01:00:00,,
2026-06-10 02:00:00,,
2026-06-10 03:00:00,,
2026-06-10 04:00:00,,
2026-06-10 05:00:00,,
2026-06-10 06:00:00,,
2026-06-10 07:00:00,,
2026-06-10 08:00:00,,
2026-06-10 09:00:00,8.526663888888951,0.042679519992781745
2026-06-10 10:00:00,1.000086111111256,0.026149111800618074
2026-06-10 11:00:00,1.000086111111256,0.026149111800618074
2026-06-10 12:00:00,1.0000888888889716,0.034806653104429874
2026-06-10 13:00:00,1.000094444444403,0.034806653104429874
2026-06-10 14:00:00,1.0001083333334988,0.034806653104429874
2026-06-10 15:00:00,1.0001083333334988,0.00440961918205085
2026-06-10 16:00:00,1.0000888888889716,0.04725325232445443
2026-06-10 17:00:00,1.0000888888889716,0.04725325232445443
2026-06-10 18:00:00,1.0000805555558245,0.04725325232445443
2026-06-10 19:00:00,1.0000916666666875,0.032777861772662176
2026-06-10 20:00:00,1.0000916666666875,0.032777861772662176
2026-06-10 21:00:00,1.0001027777780676,0.23278382163274047
2026-06-10 22:00:00,1.0001027777780676,0.26495514481391225
2026-06-10 23:00:00,1.0000833333335404,0.26495514481391225
2026-06-11 00:00:00,1.0000833333335404,0.26495514481391225
2026-06-11 01:00:00,1.000094444444403,0.04440693801802409
2026-06-11 02:00:00,1.000094444444403,0.04440693801802409
2026-06-11 03:00:00,1.0000916666666875,0.04820683008006055
2026-06-11 04:00:00,1.0000916666666875,0.04820683008006055
2026-06-11 05:00:00,1.0000972222221187,0.05383182095703165
2026-06-11 06:00:00,1.0000972222221187,0.3023579366379353
2026-06-11 07:00:00,1.0001444444448377,0.3573466635213114
2026-06-11 08:00:00,1.0001444444448377,0.3573466635213114
2026-06-11 09:00:00,0.9968583333331884,0.3573466635213114
2026-06-11 10:00:00,1.0001083333329814,0.03395647554289494
2026-06-11 11:00:00,1.0001083333329814,0.03395647554289494
2026-06-11 12:00:00,1.0000916666666875,0.03395647554289494
2026-06-11 13:00:00,1.0000916666666875,0.01910329351637441
2026-06-11 14:00:00,1.000100000000352,0.022689339825791244
2026-06-11 15:00:00,1.000100000000352,0.022689339825791244
2026-06-11 16:00:00,1.0001472222225534,0.022689339825791244
2026-06-11 17:00:00,1.0001472222225534,0.020875788171458076
2026-06-11 18:00:00,1.0000999999998343,0.020875788171458076
2026-06-11 19:00:00,1.0000999999998343,0.014309765852892342
2026-06-11 20:00:00,1.0000777777775915,0.007495118733787276
2026-06-11 21:00:00,1.000094444444403,0.007495118733787276
2026-06-11 22:00:00,1.000094444444403,0.007495118733787276
2026-06-11 23:00:00,1.0000833333335404,0.012447842086112493
2026-06-12 00:00:00,1.0000833333330228,0.021933023021006415
2026-06-12 01:00:00,1.0000805555558245,0.027315918027788322
2026-06-12 02:00:00,1.0000833333330228,0.03702085307630931
2026-06-12 03:00:00,5.752725000000145,0.03702085307630931
2026-06-12 04:00:00,,
2026-06-12 05:00:00,,
2026-06-12 06:00:00,,
2026-06-12 07:00:00,,
2026-06-12 08:00:00,5.752725000000145,0.03702085307630931
2026-06-12 09:00:00,1.0001055555557832,0.021988258091055757
2026-06-12 10:00:00,1.0001055555557832,0.021988258091055757
2026-06-12 11:00:00,1.0000861111107386,0.03166179290833604
2026-06-12 12:00:00,1.000097222222636,0.07480752589639261
2026-06-12 13:00:00,1.000097222222636,0.07480752589639261
2026-06-12 14:00:00,1.0000888888889716,0.07480752589639261
2026-06-12 15:00:00,1.0000888888889716,0.13064486896324112
2026-06-12 16:00:00,1.0001027777775502,0.13064486896324112
2026-06-12 17:00:00,1.0001027777775502,0.13064486896324112
2026-06-12 18:00:00,1.00006111111078,0.053249478309723264
2026-06-12 19:00:00,1.0000666666667288,0.053249478309723264
2026-06-12 20:00:00,1.0001138888889303,0.1560249500523787
2026-06-12 21:00:00,1.0001138888889303,0.1590971482542085
2026-06-12 22:00:00,1.0001277777780262,0.1590971482542085
2026-06-12 23:00:00,1.0001277777780262,0.1590971482542085
2026-06-13 00:00:00,1.0000805555553072,0.02220249615876868
2026-06-13 01:00:00,1.0000805555553072,0.02806954877739487
2026-06-13 02:00:00,1.0000583333330644,0.02806954877739487
2026-06-13 03:00:00,1.0000750000003933,0.02806954877739487
2026-06-13 04:00:00,1.0000750000003933,0.07984947128663877
2026-06-13 05:00:00,1.0000888888889716,0.07984947128663877
2026-06-13 06:00:00,1.0000888888889716,0.07984947128663877
2026-06-13 07:00:00,1.0001305555557418,0.08169924893498826
2026-06-13 08:00:00,1.0001305555557418,0.08169924893498826
2026-06-13 09:00:00,0.9968416666668943,0.08169924893498826
2026-06-13 10:00:00,1.000124999999793,0.052490713711509596
2026-06-13 11:00:00,1.000124999999793,0.052490713711509596
2026-06-13 12:00:00,1.000077777778109,0.0692956217408458
2026-06-13 13:00:00,1.0000805555553072,0.0875182883903125
2026-06-13 14:00:00,1.0000805555553072,0.0875182883903125
2026-06-13 15:00:00,1.0000666666667288,0.14256155838893547
2026-06-13 16:00:00,1.0000666666667288,0.14256155838893547
2026-06-13 17:00:00,1.0000805555558245,0.14256155838893547
2026-06-13 18:00:00,1.000086111111256,0.13190382766301456
2026-06-13 19:00:00,1.000086111111256,0.2310736402149527
2026-06-13 20:00:00,1.0000833333330228,0.2310736402149527
2026-06-13 21:00:00,1.0000833333330228,0.2914617197360736
2026-06-13 22:00:00,1.000086111111256,0.5536596620435501
2026-06-13 23:00:00,1.0001027777775502,0.5536596620435501
2026-06-14 00:00:00,1.0001027777775502,0.5536596620435501
2026-06-14 01:00:00,1.000097222222636,0.011134228239328303
2026-06-14 02:00:00,1.0000888888889716,0.007684853328062458
2026-06-14 03:00:00,1.0000888888889716,0.007684853328062458
2026-06-14 04:00:00,1.0000805555558245,0.017769103013403953
2026-06-14 05:00:00,1.000074999999876,0.017769103013403953
2026-06-14 06:00:00,1.000086111111256,0.017769103013403953
2026-06-14 07:00:00,1.0000972222221187,0.04263407899279559
2026-06-14 08:00:00,1.0000972222221187,0.04263407899279559
2026-06-14 09:00:00,1.00007222222216,0.04263407899279559
2026-06-14 10:00:00,1.0000777777775915,0.05356069108797712
2026-06-14 11:00:00,1.000086111111256,0.05356069108797712
2026-06-14 12:00:00,1.000086111111256,0.12832803313652796
2026-06-14 13:00:00,2.0001444444448375,0.12832803313652796
2026-06-14 14:00:00,2.0001444444448375,0.12832803313652796
2026-06-14 15:00:00,2.0001444444448375,0.12832803313652796
2026-06-14 16:00:00,1.0000833333330228,0.22205456258041645
2026-06-14 17:00:00,1.0000833333330228,0.22205456258041645
2026-06-14 18:00:00,0.9968916666668115,0.22945560437276447
2026-06-14 19:00:00,1.0000888888884543,0.29901105615048373
2026-06-14 20:00:00,1.0000888888884543,0.29901105615048373
2026-06-14 21:00:00,1.0000805555558245,0.29901105615048373
2026-06-14 22:00:00,1.0000833333335404,0.04635806678939258
2026-06-14 23:00:00,1.0000888888884543,0.03185811176483866
2026-06-15 00:00:00,1.000119444444879,0.03185811176483866
2026-06-15 01:00:00,1.000119444444879,0.03185811176483866
2026-06-15 02:00:00,1.00007222222216,0.010325847632290719
2026-06-15 03:00:00,1.000074999999876,0.010325847632290719
2026-06-15 04:00:00,1.000074999999876,0.010325847632290719
2026-06-15 05:00:00,1.0000694444444445,0.011908807155637802
2026-06-15 06:00:00,1.0000861111107386,0.017934429002467778
2026-06-15 07:00:00,1.0001111111112146,0.017934429002467778
2026-06-15 08:00:00,1.1275416666667701,0.02229711877979912
2026-06-15 09:00:00,1.1275416666667701,0.02229711877979912
2026-06-15 10:00:00,1.000063888889013,0.027139929610632607
2026-06-15 11:00:00,1.0000833333335404,0.04531751957422814
2026-06-15 12:00:00,1.0000833333335404,0.04531751957422814
2026-06-15 13:00:00,1.0000833333335404,0.04531751957422814
2026-06-15 14:00:00,1.0000833333335404,0.06036212530905671
2026-06-15 15:00:00,1.0000777777775915,0.06036212530905671
2026-06-15 16:00:00,4.000336111111359,0.5135761525998277
2026-06-15 17:00:00,4.000336111111359,0.5135761525998277
2026-06-15 18:00:00,4.000336111111359,0.5135761525998277
2026-06-15 19:00:00,4.000336111111359,0.5135761525998277
2026-06-15 20:00:00,4.000336111111359,0.5135761525998277
2026-06-15 21:00:00,3.000286111110925,0.5135761525998277
2026-06-15 22:00:00,3.000286111110925,0.04929846438238483
2026-06-15 23:00:00,3.000286111110925,0.04929846438238483
2026-06-16 00:00:00,3.000286111110925,0.04929846438238483
2026-06-16 01:00:00,1.000086111111256,0.026030432502512912
2026-06-16 02:00:00,1.000094444444403,0.0062451670543133275
2026-06-16 03:00:00,1.000094444444403,0.0062451670543133275
2026-06-16 04:00:00,1.0000777777775915,0.013626493592909683
2026-06-16 05:00:00,1.00007222222216,0.013626493592909683
2026-06-16 06:00:00,1.00007222222216,0.013626493592909683
2026-06-16 07:00:00,1.000074999999876,0.016618719196744847
2026-06-16 08:00:00,1.000074999999876,0.03779071693243852
2026-06-16 09:00:00,0.9968694444445686,0.03820978626522553
2026-06-16 10:00:00,1.0001083333334988,0.03820978626522553
2026-06-16 11:00:00,1.0001083333334988,0.03687799171482009
2026-06-16 12:00:00,1.0000583333330644,0.03687799171482009
2026-06-16 13:00:00,1.0000750000003933,0.051661603945395984
2026-06-16 14:00:00,11.798330555555617,0.6113915736247292
2026-06-16 15:00:00,11.798330555555617,0.6113915736247292
2026-06-16 16:00:00,11.798330555555617,0.6113915736247292
2026-06-16 17:00:00,11.798330555555617,0.6113915736247292
2026-06-16 18:00:00,11.798330555555617,0.6113915736247292
2026-06-16 19:00:00,11.798330555555617,0.6113915736247292
2026-06-16 20:00:00,11.798330555555617,0.6113915736247292
2026-06-16 21:00:00,11.798330555555617,0.6113915736247292
2026-06-16 22:00:00,11.798330555555617,0.6113915736247292
2026-06-16 23:00:00,11.798330555555617,0.6113915736247292
2026-06-17 00:00:00,11.798330555555617,0.6113915736247292
2026-06-17 01:00:00,11.798330555555617,0.6113915736247292
2026-06-17 02:00:00,11.798330555555617,0.630899264038312
2026-06-17 03:00:00,1.0000888888889716,0.630899264038312
2026-06-17 04:00:00,1.0000888888889716,2.702960107729474
2026-06-17 05:00:00,2.000175000000228,2.702960107729474
2026-06-17 06:00:00,2.000175000000228,2.702960107729474
2026-06-17 07:00:00,2.000175000000228,2.702960107729474
2026-06-17 08:00:00,1.000074999999876,0.06387683070113837
2026-06-17 09:00:00,1.000074999999876,0.8211568677109222
2026-06-17 10:00:00,1.0000888888889716,1.218764948510621
2026-06-17 11:00:00,1.0000888888889716,1.218764948510621
2026-06-17 12:00:00,1.0000777777775915,1.218764948510621
2026-06-17 13:00:00,0.0,1.1348329209332872
2026-06-17 14:00:00,0.0,1.1348329209332872
2026-06-17 15:00:00,0.0,1.1348329209332872
2026-06-17 16:00:00,0.0,1.1348329209332872
2026-06-17 17:00:00,0.0,1.1348329209332872
2026-06-17 18:00:00,0.0,1.1348329209332872
2026-06-17 19:00:00,0.0,1.1348329209332872
2026-06-17 20:00:00,0.0,1.1348329209332872
2026-06-17 21:00:00,0.0,1.1348329209332872
2026-06-17 22:00:00,0.0,1.1348329209332872
2026-06-17 23:00:00,0.0,1.1348329209332872
2026-06-18 00:00:00,0.0,1.1348329209332872
2026-06-18 01:00:00,0.0,1.1348329209332872
2026-06-18 02:00:00,0.0,1.1348329209332872
2026-06-18 03:00:00,0.0,1.1348329209332872
2026-06-18 04:00:00,0.0,1.1348329209332872
2026-06-18 05:00:00,0.0,1.1348329209332872
2026-06-18 06:00:00,0.0,1.1348329209332872
2026-06-18 07:00:00,0.0,1.1348329209332872
2026-06-18 08:00:00,0.0,1.1348329209332872
2026-06-18 09:00:00,0.0,1.1348329209332872
