hk,NO2,chi2
2026-05-19 14:00:00,-7.015876829715802,7.932867557014699
2026-05-19 15:00:00,-84.81656710219096,16.447583493125247
2026-05-19 16:00:00,-11.4019980183186,6.459270084364961
2026-05-21 02:00:00,-17.602465602824967,66.04098364260521
2026-05-23 11:00:00,-211.71236181418712,46.87501774594749
2026-05-24 05:00:00,-384.99615127046957,91.1913407869421
2026-05-24 07:00:00,-43.733236973362,46.39345468269048
2026-05-27 12:00:00,-6.471120246647374,5.60426474628449
2026-05-27 15:00:00,-163.28448943242708,55.28169101063232
2026-05-27 16:00:00,-39.13516553558014,44.99209328646435
2026-05-27 18:00:00,-92.65205524034792,58.5225579854454
2026-05-27 19:00:00,-10.157737889489766,20.303044992066006
2026-05-27 21:00:00,-143.96199983070971,57.39291363785583
2026-05-27 22:00:00,-44.854992225344034,40.18400543394981
2026-05-28 00:00:00,-24.683868900781977,19.74233560100989
2026-06-02 11:00:00,-5.4736008111423065,12.343223199508902
2026-06-02 12:00:00,-17.16634503941262,16.1892480099334
2026-06-02 13:00:00,-27.101296399088746,16.87662792290531
2026-06-02 14:00:00,-9.41892761628588,10.90223911022131
